id,sender_surname,sender_forename,recipient_surname,recipient_forename,sorting_date,date,sender_address,recipient_address,source,languages, extent, filename,classification,direction,xml_earliest,xml_latest,date_structure,exact_order_needs_review,xml_path,xml_sha256
DCP-LETT-326,Darwin,C. R.,Caius College,,1836-12-19,[19 Dec 1836 – 6 Mar 1837],Cambridge,,American Philosophical Society (Mss.B.D25.7),,,DCP-LETT-326.xml,ambiguous_period,from_darwin,1836-12-19,1837-03-06,bounded_range,True,data/raw/epsilon/ab0d973bae05b54d68d82d068211015996cfec06/expansions/1837-1843/letters/DCP-LETT-326.xml,d5913b4b3ad7a7bb5ecf4e6e57ef63df14bf2c77e9c4e9905d6bb5856015abc2
DCP-LETT-339,Darwin,C. R.,Herbert,J. M.,1837-01-01,[1 Jan 1837],"London, Fitzwilliam St, 3",,"Natural History Museum, Library and Archives (General Special Collections DC AL 1/1)",,,DCP-LETT-339.xml,safe_within_period,from_darwin,1837-01-01,1837-01-01,single_xml_day,False,data/raw/epsilon/ab0d973bae05b54d68d82d068211015996cfec06/expansions/1837-1843/letters/DCP-LETT-339.xml,27315817c3336e532469ede484ff326f510e197fb59b744dd2c806de991ca25e
DCP-LETT-340,Mostyn Owen,Fanny,Darwin,C. R.,1837-01-14,14 Jan 1837,Chirk Castle,,DAR 204: 57,,,DCP-LETT-340.xml,safe_within_period,to_darwin,1837-01-14,1837-01-14,single_xml_day,False,data/raw/epsilon/ab0d973bae05b54d68d82d068211015996cfec06/expansions/1837-1843/letters/DCP-LETT-340.xml,1e423379e7edd479d840b005eb9f3f790897f974f44d22b476e14ba52b8e98b2
DCP-LETT-341,Darwin,Catherine,Darwin,C. R.,1837-01-15,15 [Jan 1837],Shrewsbury,,DAR 204: 142,,,DCP-LETT-341.xml,safe_within_period,to_darwin,1837-01-15,1837-01-15,single_xml_day,False,data/raw/epsilon/ab0d973bae05b54d68d82d068211015996cfec06/expansions/1837-1843/letters/DCP-LETT-341.xml,dc443a4401db3e7786e32ce340ff162854492ba13d603c5190146ac71f227b72
DCP-LETT-342,Darwin,C. R.,Unidentified,,1837-01-19,[19 Jan 1837],Cambridge,,DAR 204: 142v,,,DCP-LETT-342.xml,safe_within_period,from_darwin,1837-01-19,1837-01-19,single_xml_day,False,data/raw/epsilon/ab0d973bae05b54d68d82d068211015996cfec06/expansions/1837-1843/letters/DCP-LETT-342.xml,a0b2c500b584b3d4391c43f2e709aaed0b2f9d296855b9865b4d9db05d7e1866
DCP-LETT-343,Lyell,Charles,Darwin,C. R.,1837-02-13,13 Feb 1837,unstated,,The University of Edinburgh Centre for Research Collections (Lyell Collection Coll-203/B9),,,DCP-LETT-343.xml,safe_within_period,to_darwin,1837-02-13,1837-02-13,single_xml_day,False,data/raw/epsilon/ab0d973bae05b54d68d82d068211015996cfec06/expansions/1837-1843/letters/DCP-LETT-343.xml,6902bb88ba8f49b13c54ba3e612fe8ec815ca3860621571d707eec9a1bf8f78e
DCP-LETT-344,Darwin,Catherine,Darwin,C. R.,1837-02-16,[16 Feb 1837],Shrewsbury,,DAR 204: 143,,,DCP-LETT-344.xml,safe_within_period,to_darwin,1837-02-16,1837-02-16,single_xml_day,False,data/raw/epsilon/ab0d973bae05b54d68d82d068211015996cfec06/expansions/1837-1843/letters/DCP-LETT-344.xml,a86de7490cf9ffdb2b19e504be36841cb3d05db4c34230f4ef1392c8f90fe668
DCP-LETT-345,Darwin,Caroline,Darwin,C. R.,1837-02-21,[21 Feb 1837],Shrewsbury,,DAR 204: 141,,,DCP-LETT-345.xml,safe_within_period,to_darwin,1837-02-21,1837-02-21,single_xml_day,False,data/raw/epsilon/ab0d973bae05b54d68d82d068211015996cfec06/expansions/1837-1843/letters/DCP-LETT-345.xml,57e21fe04bfde7f39011bba69e6123ab7cfde12cb4d8ce5b27b3876998294ef0
DCP-LETT-346,Darwin,C. R.,Darwin,Caroline,1837-02-27,27 Feb 1837,Cambridge,,DAR 154: 51,,,DCP-LETT-346.xml,safe_within_period,from_darwin,1837-02-27,1837-02-27,single_xml_day,False,data/raw/epsilon/ab0d973bae05b54d68d82d068211015996cfec06/expansions/1837-1843/letters/DCP-LETT-346.xml,344be26cab41023bdbce48df8a6137f2275d9b337bf9bcbbea2393a4a5002227
DCP-LETT-347,Darwin,C. R.,Whewell,William,1837-03-10,[10 Mar 1837],"London, Gt Marlborough St, 43",,"Trinity College Library, Cambridge (Add c 88: 2)",,,DCP-LETT-347.xml,safe_within_period,from_darwin,1837-03-10,1837-03-10,single_xml_day,False,data/raw/epsilon/ab0d973bae05b54d68d82d068211015996cfec06/expansions/1837-1843/letters/DCP-LETT-347.xml,2a386a9e3ac098f1741d943d82117a5a51018ee055e93751d47390a65fdf2df9
DCP-LETT-348,Darwin,C. R.,Fox,W. D.,1837-03-12,[12 Mar 1837],"London, Gt Marlborough St, 43",,"Christ’s College Library, Cambridge (MS 53 Fox 51)",,,DCP-LETT-348.xml,safe_within_period,from_darwin,1837-03-12,1837-03-12,single_xml_day,False,data/raw/epsilon/ab0d973bae05b54d68d82d068211015996cfec06/expansions/1837-1843/letters/DCP-LETT-348.xml,838039ec4ff9513abecd94ea5cbbf773b0eb14af12ce1cfcd26c8b5187a06781
DCP-LETT-349,Darwin,C. R.,Babbage,Charles,1837-03-14,[14 Mar 1837 – 31 Dec 1838],"London, Gt Marlborough St, 36",,The British Library (Add MS 37190: 326),,,DCP-LETT-349.xml,safe_within_period,from_darwin,1837-03-14,1838-12-31,bounded_range,True,data/raw/epsilon/ab0d973bae05b54d68d82d068211015996cfec06/expansions/1837-1843/letters/DCP-LETT-349.xml,1647e9eddff30bd3c56172bbdef6bb5f6fc6bda10662b648c64fa85ef59dd9da
DCP-LETT-350,Horner,Susan,Darwin,C. R.,1837-03-17,[17 Mar 1837 – 28 Dec 1838],"London, Bedford Place, 2",,DAR 94: 1a,,,DCP-LETT-350.xml,safe_within_period,to_darwin,1837-03-17,1838-12-28,bounded_range,True,data/raw/epsilon/ab0d973bae05b54d68d82d068211015996cfec06/expansions/1837-1843/letters/DCP-LETT-350.xml,447dee4c5f3719e2a2d6936c76341b753dc7a123068e14e467e6048376e1bbdd
DCP-LETT-352,Darwin,C. R.,Geological Society of London,,1837-03-27,27 Mar 1837,"London, Gt Marlborough St, 36",,Geological Society of London (GSL/COM/P/4/2/216),,,DCP-LETT-352.xml,safe_within_period,from_darwin,1837-03-27,1837-03-27,single_xml_day,False,data/raw/epsilon/ab0d973bae05b54d68d82d068211015996cfec06/expansions/1837-1843/letters/DCP-LETT-352.xml,0343f1a19abf4ae64c6eace85ca98e2c16458d75eca3f4fb647eea6b088e5fef
DCP-LETT-353,Darwin,C. R.,Henslow,J. S.,1837-03-28,28 Mar [1837],"London, Gt Marlborough St, 36",,"Royal Botanic Gardens, Kew (Henslow letters: 34 DAR/1/1/34)",,,DCP-LETT-353.xml,safe_within_period,from_darwin,1837-03-28,1837-03-28,single_xml_day,False,data/raw/epsilon/ab0d973bae05b54d68d82d068211015996cfec06/expansions/1837-1843/letters/DCP-LETT-353.xml,3c388f8afe8689bf4855b39060d0df495ca6c2ffd011610c82b031d472c3bb91
DCP-LETT-354,Darwin,C. R.,Jenyns,Leonard,1837-04-10,10 Apr [1837],"London, Gt Marlborough St, 36",,Bath Royal Literary and Scientific Institution,,,DCP-LETT-354.xml,safe_within_period,from_darwin,1837-04-10,1837-04-10,single_xml_day,False,data/raw/epsilon/ab0d973bae05b54d68d82d068211015996cfec06/expansions/1837-1843/letters/DCP-LETT-354.xml,f34589b4e5731691648cbf561d1bff5adf1f49c105e5b3f89fd4a93f1731a856
DCP-LETT-383A,Darwin,C. R.,Lonsdale,William,1837-05-01,[May? 1837],"London, Gt Marlborough St, 36",,Geological Society of London (GSL/L/R/3/169),,,DCP-LETT-383A.xml,safe_within_period,from_darwin,1837-05-01,1837-05-31,bounded_range,True,data/raw/epsilon/ab0d973bae05b54d68d82d068211015996cfec06/expansions/1837-1843/letters/DCP-LETT-383A.xml,a52ccc65c36073155463a53729b763816fd1bba838ef07c9d185f0060b8f97b5
DCP-LETT-355,Darwin,C. R.,Henslow,J. S.,1837-05-18,18 [May 1837],"London, Gt Marlborough St, 36",,"Royal Botanic Gardens, Kew (Henslow letters: 35 DAR/1/1/35)",,,DCP-LETT-355.xml,safe_within_period,from_darwin,1837-05-18,1837-05-18,single_xml_day,False,data/raw/epsilon/ab0d973bae05b54d68d82d068211015996cfec06/expansions/1837-1843/letters/DCP-LETT-355.xml,32223715d12b630766a717af8530af0834076cfcff28b9f63f5fe917a7c018fb
DCP-LETT-360,Darwin,C. R.,Darwin,Caroline,1837-05-19,[19 May – 16 June 1837],"London, Gt Marlborough St, 36",,DAR 154: 52,,,DCP-LETT-360.xml,safe_within_period,from_darwin,1837-05-19,1837-06-16,bounded_range,True,data/raw/epsilon/ab0d973bae05b54d68d82d068211015996cfec06/expansions/1837-1843/letters/DCP-LETT-360.xml,8ad0e98f195455d4d427415aa57fdd5497e79f0686d642ab5140262d26ab2ae8
DCP-LETT-356,Darwin,C. R.,Henslow,J. S.,1837-05-28,[28 May 1837],"London, Gt Marlborough St, 36",,"Royal Botanic Gardens, Kew (Henslow letters: 36 DAR/1/1/36)",,,DCP-LETT-356.xml,safe_within_period,from_darwin,1837-05-28,1837-05-28,single_xml_day,False,data/raw/epsilon/ab0d973bae05b54d68d82d068211015996cfec06/expansions/1837-1843/letters/DCP-LETT-356.xml,60b6ffb1edf73a0f0452941572d59b6a72fda9c91de498113581a69dbf0b8257
DCP-LETT-356F,Darwin,C. R.,Stokes,J. L.,1837-05-31,[after 31 May 1837],unstated,,"Stokes 1846, 1: 331; Stokes, J. L. 1846 1: 331",,,DCP-LETT-356F.xml,ambiguous_period,from_darwin,1837-06-01,1882-12-31,bounded_range,True,data/raw/epsilon/ab0d973bae05b54d68d82d068211015996cfec06/expansions/1837-1843/letters/DCP-LETT-356F.xml,4eefa70ca13a748ab49b8da42b3bd8c8df7382625f115652bc1a8a3494acc31a
DCP-LETT-358,Darwin,C. R.,Babbage,Charles,1837-06-01,[June – Sept 1837],"London, Gt Marlborough St, 36",,The British Library (Add MS 37190: 322),,,DCP-LETT-358.xml,safe_within_period,from_darwin,1837-06-01,1837-09-30,bounded_range,True,data/raw/epsilon/ab0d973bae05b54d68d82d068211015996cfec06/expansions/1837-1843/letters/DCP-LETT-358.xml,c408977584d1bd4bee3fd9de38fabbfbd72afd5882ccc6627047791b423648f4
DCP-LETT-359,Darwin,C. R.,Buckland,William,1837-06-15,[15 June 1837],"London, Gt Marlborough St, 36",,American Philosophical Society (Mss.B.D25.),,,DCP-LETT-359.xml,safe_within_period,from_darwin,1837-06-15,1837-06-15,single_xml_day,False,data/raw/epsilon/ab0d973bae05b54d68d82d068211015996cfec06/expansions/1837-1843/letters/DCP-LETT-359.xml,0c66dcd5f1a7bd91e86e90bf34075f7b5c71ad9b4a71a86618daeb4a52b49e7e
DCP-LETT-360A,Darwin,C. R.,Beaufort,Francis,1837-06-16,16 June 1837,"London, Gt Marlborough St, 36",,The National Archives (TNA) (T1/4524 paper 25824),,,DCP-LETT-360A.xml,safe_within_period,from_darwin,1837-06-16,1837-06-16,single_xml_day,False,data/raw/epsilon/ab0d973bae05b54d68d82d068211015996cfec06/expansions/1837-1843/letters/DCP-LETT-360A.xml,44f794e09f4ce30d4f3b74ea4e9b15291527c1cf666a18d699dcac8a01c61124
DCP-LETT-361,Darwin,C. R.,Whewell,William,1837-06-18,18 June [1837],"London, Gt Marlborough St, 36",,"Trinity College Library, Cambridge (Add c 88: 3)",,,DCP-LETT-361.xml,safe_within_period,from_darwin,1837-06-18,1837-06-18,single_xml_day,False,data/raw/epsilon/ab0d973bae05b54d68d82d068211015996cfec06/expansions/1837-1843/letters/DCP-LETT-361.xml,d19fdb639d638e4db9b34bd3ab63bea95d58a16fa282bb64ea4209af1c615b77
DCP-LETT-361A,Darwin,C. R.,Henslow,J. S.,1837-06-20,[20 June 1837],"London, Gt Marlborough St, 36",,The National Archives (TNA) (T1/4524 paper 25824),,,DCP-LETT-361A.xml,safe_within_period,from_darwin,1837-06-20,1837-06-20,single_xml_day,False,data/raw/epsilon/ab0d973bae05b54d68d82d068211015996cfec06/expansions/1837-1843/letters/DCP-LETT-361A.xml,ce446442485e9bcd3941714103992ef6d193b7ecc5bde27984d3393967e27ff6
DCP-LETT-362,Darwin,C. R.,Hope,F. W.,1837-06-21,[21 June 1837],"London, Gt Marlborough St, 36",,Oxford University Museum of Natural History (Hope Entomological collections),,,DCP-LETT-362.xml,safe_within_period,from_darwin,1837-06-21,1837-06-21,single_xml_day,False,data/raw/epsilon/ab0d973bae05b54d68d82d068211015996cfec06/expansions/1837-1843/letters/DCP-LETT-362.xml,f2f28a169dbe7c3b06023fded4c1edbed37d18049d28f631f0a9059a5481de9b
DCP-LETT-363,Babington,C. C.,Darwin,C. R.,1837-07-01,1 July 1837,"St John’s College, Cambridge",,DAR 29.1: C3,,,DCP-LETT-363.xml,safe_within_period,to_darwin,1837-07-01,1837-07-01,single_xml_day,False,data/raw/epsilon/ab0d973bae05b54d68d82d068211015996cfec06/expansions/1837-1843/letters/DCP-LETT-363.xml,fa1f424a628ae6cfdb4113c519f2eff348479a6ce4914bdaccbae63b370404c4
DCP-LETT-364,Darwin,C. R.,Fox,W. D.,1837-07-07,7 July [1837],"London, Gt Marlborough St, 36",,"Christ’s College Library, Cambridge (MS 53 Fox 52)",,,DCP-LETT-364.xml,safe_within_period,from_darwin,1837-07-07,1837-07-07,single_xml_day,False,data/raw/epsilon/ab0d973bae05b54d68d82d068211015996cfec06/expansions/1837-1843/letters/DCP-LETT-364.xml,e966cf2e3b3b325e3b1d95023cbe64770591af2e1eb23f80740789c41e58a850
DCP-LETT-366,Darwin,C. R.,Henslow,J. S.,1837-07-12,[12 or 13 July 1837],"London, Gt Marlborough St, 36",,"Royal Botanic Gardens, Kew (Henslow letters: 37 DAR/1/1/37)",,,DCP-LETT-366.xml,safe_within_period,from_darwin,1837-07-12,1837-07-13,bounded_range,True,data/raw/epsilon/ab0d973bae05b54d68d82d068211015996cfec06/expansions/1837-1843/letters/DCP-LETT-366.xml,477d254aa0504bc9428870e8496af1af250c6d4bab55d15a0c5e29c98084831d
DCP-LETT-366F,Darwin,C. R.,Richardson,John,1837-07-24,[24 July 1837],"London, Gt Marlborough St, 36",,Scott Polar Research Institute (MS 1503/16/1),,,DCP-LETT-366F.xml,safe_within_period,from_darwin,1837-07-24,1837-07-24,single_xml_day,False,data/raw/epsilon/ab0d973bae05b54d68d82d068211015996cfec06/expansions/1837-1843/letters/DCP-LETT-366F.xml,bda49df46461d6c130d9a00a6e589d3dbe1077e7fbd74a1bdffcd4387b0e716c
DCP-LETT-367,Darwin,C. R.,Lyell,Charles,1837-07-30,30 July 1837,"London, Gt Marlborough St, 36",,The University of Edinburgh Centre for Research Collections (Lyell Collection Coll-203/A1/69: 140–2),,,DCP-LETT-367.xml,safe_within_period,from_darwin,1837-07-30,1837-07-30,single_xml_day,False,data/raw/epsilon/ab0d973bae05b54d68d82d068211015996cfec06/expansions/1837-1843/letters/DCP-LETT-367.xml,6c178dc5797b51b47db48af24e803371f76d797c0c3ec29d7b160d18ccaef1af
DCP-LETT-368,Darwin,C. R.,Henslow,J. S.,1837-08-01,[1 Aug 1837],"London, Gt Marlborough St, 36",,"Royal Botanic Gardens, Kew (Henslow letters: 38 DAR/1/1/38)",,,DCP-LETT-368.xml,safe_within_period,from_darwin,1837-08-01,1837-08-01,single_xml_day,False,data/raw/epsilon/ab0d973bae05b54d68d82d068211015996cfec06/expansions/1837-1843/letters/DCP-LETT-368.xml,4cd1e66d4efdbe72013f493ba34e0be5223b1ccc30060ec71225e0e164818c53
DCP-LETT-369,Darwin,C. R.,Shoberl,William,1837-08-02,2 Aug [1837],"London, Gt Marlborough St, 36",,American Philosophical Society (Mss.B.D25.),,,DCP-LETT-369.xml,safe_within_period,from_darwin,1837-08-02,1837-08-02,single_xml_day,False,data/raw/epsilon/ab0d973bae05b54d68d82d068211015996cfec06/expansions/1837-1843/letters/DCP-LETT-369.xml,f8f7aab0c89adcf0d9fb8aaf9a24f61ee18066d24986dc20b4259b5b7be4fa50
DCP-LETT-370,Darwin,C. R.,Lonsdale,William,1837-08-03,3 Aug [1837],"London, Gt Marlborough St, 36",,Geological Society of London (GSL/L/R/3/123),,,DCP-LETT-370.xml,safe_within_period,from_darwin,1837-08-03,1837-08-03,single_xml_day,False,data/raw/epsilon/ab0d973bae05b54d68d82d068211015996cfec06/expansions/1837-1843/letters/DCP-LETT-370.xml,616f2b660e6e1e5850b4f3c9f6c83f20abe9fc15b53e9804ec5666979a38462c
DCP-LETT-370A,Darwin,C. R.,Spring Rice,Thomas,1837-08-03,3 Aug 1837,"London, Gt Marlborough St, 36",,The National Archives (TNA) (T1/4524 paper 25824),,,DCP-LETT-370A.xml,safe_within_period,from_darwin,1837-08-03,1837-08-03,single_xml_day,False,data/raw/epsilon/ab0d973bae05b54d68d82d068211015996cfec06/expansions/1837-1843/letters/DCP-LETT-370A.xml,6b6422fdbdb1d7af7f4b8960d511b4ce06f78c4e3abdcde73061650490a9b3a2
DCP-LETT-371,Owen,Richard,Darwin,C. R.,1837-08-07,[7 Aug 1837],unstated,,Birds 144; Birds: 144,,,DCP-LETT-371.xml,safe_within_period,to_darwin,1837-08-07,1837-08-07,single_xml_day,False,data/raw/epsilon/ab0d973bae05b54d68d82d068211015996cfec06/expansions/1837-1843/letters/DCP-LETT-371.xml,db5770498defb70d9be52b4c3d39ace20aa2326b22bf00fc40be99cee019f41e
DCP-LETT-372,Darwin,C. R.,Lloyd,A. S.,1837-08-09,[9 Aug 1837],"London, Gt Marlborough St, 36",,Library of Congress (Rare book and special collection division),,,DCP-LETT-372.xml,safe_within_period,from_darwin,1837-08-09,1837-08-09,single_xml_day,False,data/raw/epsilon/ab0d973bae05b54d68d82d068211015996cfec06/expansions/1837-1843/letters/DCP-LETT-372.xml,7250d9995e89f9b547e106538b9038b531e49ca1f8541753a17c4973c1066fc0
DCP-LETT-370F,Darwin,C. R.,Richardson,John,1837-08-11,[11 Aug 1837],"London, Gt Marlborough St, 36",,Scott Polar Research Institute (MS 1503/16/2),,,DCP-LETT-370F.xml,safe_within_period,from_darwin,1837-08-11,1837-08-11,single_xml_day,False,data/raw/epsilon/ab0d973bae05b54d68d82d068211015996cfec06/expansions/1837-1843/letters/DCP-LETT-370F.xml,26ec07304f9f1db40c96fc8d8b41c6e8085a38509fb1cd74bdfc222664324b64
DCP-LETT-373,Darwin,C. R.,Henslow,J. S.,1837-08-16,16 Aug [1837],"London, Gt Marlborough St, 36",,"Royal Botanic Gardens, Kew (Henslow letters: 39 DAR/1/1/39)",,,DCP-LETT-373.xml,safe_within_period,from_darwin,1837-08-16,1837-08-16,single_xml_day,False,data/raw/epsilon/ab0d973bae05b54d68d82d068211015996cfec06/expansions/1837-1843/letters/DCP-LETT-373.xml,357a97adbc251c719063f7c0e4514371abce748d5964e9de13321dd2b5da434a
DCP-LETT-373A,"Secretary of the Post Office
   ",,Darwin,C. R.,1837-08-25,25 Aug 1837,,,The National Archives (TNA) (T1/4524 paper 25824),,,DCP-LETT-373A.xml,safe_within_period,to_darwin,1837-08-25,1837-08-25,single_xml_day,False,data/raw/epsilon/ab0d973bae05b54d68d82d068211015996cfec06/expansions/1837-1843/letters/DCP-LETT-373A.xml,97d08807e6d0c6c7788775e00ac3c43f3f6393e37579da82054d74525fc6a59f
DCP-LETT-374,Darwin,C. R.,Fox,W. D.,1837-08-28,28 Aug [1837],"London, Gt Marlborough St, 36",,"University of British Columbia Library, Rare Books and Special Collections (Pearce/Darwin Fox collection RBSC-ARC-1721-1-76)",,,DCP-LETT-374.xml,safe_within_period,from_darwin,1837-08-28,1837-08-28,single_xml_day,False,data/raw/epsilon/ab0d973bae05b54d68d82d068211015996cfec06/expansions/1837-1843/letters/DCP-LETT-374.xml,dad0f829e057cbaf7ac1c2a609913fbb32a2b6708c7c990ea5d554625e1afc14
DCP-LETT-375,Darwin,C. R.,Wedgwood,Elizabeth,1837-08-28,[28 Aug 1837],"London, Gt Marlborough St, 36",,V&A / Wedgwood Collection (MS W/M 228),,,DCP-LETT-375.xml,safe_within_period,from_darwin,1837-08-28,1837-08-28,single_xml_day,False,data/raw/epsilon/ab0d973bae05b54d68d82d068211015996cfec06/expansions/1837-1843/letters/DCP-LETT-375.xml,b248a2a34ce38fa1583137f47804b832696f39a7437c4b446b8cf371cf248fec
DCP-LETT-376,Lyell,Charles,Darwin,C. R.,1837-08-29,29 Aug and 5 Sept 1837,unstated,,"K. M. Lyell ed. 1881 2: 20–3; Lyell, K. M., ed. 1881 2: 20–3",,,DCP-LETT-376.xml,safe_within_period,to_darwin,1837-08-29,1837-09-05,multiple_recorded_dates,True,data/raw/epsilon/ab0d973bae05b54d68d82d068211015996cfec06/expansions/1837-1843/letters/DCP-LETT-376.xml,93a55ea87208d748e50a7e6415046226161dcb195de8146702312ca2d0cce95b
DCP-LETT-377,"Secretary of the Post Office
   ",,Darwin,C. R.,1837-08-31,31 Aug 1837,Treasury Chambers,,"Fossil Mammalia, pp. ii–iii; Fossil Mammalia: ii",,,DCP-LETT-377.xml,safe_within_period,to_darwin,1837-08-31,1837-08-31,single_xml_day,False,data/raw/epsilon/ab0d973bae05b54d68d82d068211015996cfec06/expansions/1837-1843/letters/DCP-LETT-377.xml,6d7bfbc9b3dc0e1ba99fc0960862ff826076b24de6306675daf04cf1539ee877
DCP-LETT-377A,"Smith, Elder & Co",,Darwin,C. R.,1837-09-12,12 Sept 1837,"London, Cornhill, 65",,The National Archives (TNA) (T1/4524 paper 25824),,,DCP-LETT-377A.xml,safe_within_period,to_darwin,1837-09-12,1837-09-12,single_xml_day,False,data/raw/epsilon/ab0d973bae05b54d68d82d068211015996cfec06/expansions/1837-1843/letters/DCP-LETT-377A.xml,37735c9e12a42c96e45ff6206f2e06a44b40399316d3a4e1dc3051e6f60099ea
DCP-LETT-378,Darwin,C. R.,Henslow,J. S.,1837-09-20,[20 Sept 1837],"London, Gt Marlborough St, 36",,"Royal Botanic Gardens, Kew (Henslow letters: 40 DAR/1/1/40)",,,DCP-LETT-378.xml,safe_within_period,from_darwin,1837-09-20,1837-09-20,single_xml_day,False,data/raw/epsilon/ab0d973bae05b54d68d82d068211015996cfec06/expansions/1837-1843/letters/DCP-LETT-378.xml,6cb4fa5f64fd89545a6d78219616f2661511d928f406a81f2619dfdca532198b
DCP-LETT-378A,Darwin,C. R.,Spearman,A. Y.,1837-09-20,20 Sept 1837,"London, Gt Marlborough St, 36",,The National Archives (TNA) (T1/4524 paper 25824),,,DCP-LETT-378A.xml,safe_within_period,from_darwin,1837-09-20,1837-09-20,single_xml_day,False,data/raw/epsilon/ab0d973bae05b54d68d82d068211015996cfec06/expansions/1837-1843/letters/DCP-LETT-378A.xml,e54daac57cdd832f52796561247f482a55494bde012f7cb6963ae0f3a813f9fb
DCP-LETT-380,Darwin,C. R.,Shoberl,William,1837-09-22,[22 or 23] Sept 1837,"London, Gt Marlborough St, 36",,American Philosophical Society (Mss.B.D25.8),,,DCP-LETT-380.xml,safe_within_period,from_darwin,1837-09-22,1837-09-23,alternative_dates,True,data/raw/epsilon/ab0d973bae05b54d68d82d068211015996cfec06/expansions/1837-1843/letters/DCP-LETT-380.xml,426a756a9ac484de8934f1e8b291ae432e928d527bd500cc9aa3ef209252fd34
DCP-LETT-381,Darwin,C. R.,Henslow,J. S.,1837-09-23,[23 Sept 1837],"London, Gt Marlborough St, 36",,"Royal Botanic Gardens, Kew (Henslow letters: 41 DAR/1/1/41)",,,DCP-LETT-381.xml,safe_within_period,from_darwin,1837-09-23,1837-09-23,single_xml_day,False,data/raw/epsilon/ab0d973bae05b54d68d82d068211015996cfec06/expansions/1837-1843/letters/DCP-LETT-381.xml,34c3e9fd70fe0e8b2a47cbc66a761d920ac5d21b8cd2c8ed77018b387495da20
DCP-LETT-381A,Baring,F. T.,Darwin,C. R.,1837-10-11,11 Oct 1837,,,The National Archives (TNA) (Treasury out–letter book T 27/137 p. 322),,,DCP-LETT-381A.xml,safe_within_period,to_darwin,1837-10-11,1837-10-11,single_xml_day,False,data/raw/epsilon/ab0d973bae05b54d68d82d068211015996cfec06/expansions/1837-1843/letters/DCP-LETT-381A.xml,97352b2e9017d45d8ed5259ed4824b18934895ce0f1bc914f4e426a0823c3ee8
DCP-LETT-382,Darwin,C. R.,Henslow,J. S.,1837-10-14,14 Oct [1837],Shrewsbury,,"Royal Botanic Gardens, Kew (Henslow letters: 42 DAR/1/1/42)",,,DCP-LETT-382.xml,safe_within_period,from_darwin,1837-10-14,1837-10-14,single_xml_day,False,data/raw/epsilon/ab0d973bae05b54d68d82d068211015996cfec06/expansions/1837-1843/letters/DCP-LETT-382.xml,f43db88457697f9c3259cd31756325cd47d8782bde3a3ef9b59a889a1bc11303
DCP-LETT-383,Darwin,C. R.,Geological Society of London,,1837-10-20,20 Oct 1837,Maer,,Geological Society of London (GSL/COM/P/4/2/65),,,DCP-LETT-383.xml,safe_within_period,from_darwin,1837-10-20,1837-10-20,single_xml_day,False,data/raw/epsilon/ab0d973bae05b54d68d82d068211015996cfec06/expansions/1837-1843/letters/DCP-LETT-383.xml,3695bcf53c03ce59ea53eb7e73320c4b78ed645843d79b2d56c8b4562e6d5723
DCP-LETT-383F,Darwin,C. R.,Colburn,Henry,1837-10-23,[23 Oct 1837],London,,Peter Harrington (dealer) (September 2020),,,DCP-LETT-383F.xml,safe_within_period,from_darwin,1837-10-23,1837-10-23,single_xml_day,False,data/raw/epsilon/ab0d973bae05b54d68d82d068211015996cfec06/expansions/1837-1843/letters/DCP-LETT-383F.xml,bd31075b367067b225fea94c852be1519640fefbefc0fdc886c91f34049b998b
DCP-LETT-384,Darwin,C. R.,Henslow,J. S.,1837-11-04,[4 Nov 1837],"London, Gt Marlborough St, 36",,"Royal Botanic Gardens, Kew (Henslow letters: 43 DAR/1/1/43)",,,DCP-LETT-384.xml,safe_within_period,from_darwin,1837-11-04,1837-11-04,single_xml_day,False,data/raw/epsilon/ab0d973bae05b54d68d82d068211015996cfec06/expansions/1837-1843/letters/DCP-LETT-384.xml,59f3c46ea28f07ee4b79dfa0553528a709798be298b5fffe723fc2b219bb6bc8
DCP-LETT-338,Henslow,J. S.,Darwin,C. R.,1837-11-05,[5 Nov 1837 – Mar 1838],unstated,,DAR 39: 88a,,,DCP-LETT-338.xml,safe_within_period,to_darwin,1837-11-05,1838-03-31,bounded_range,True,data/raw/epsilon/ab0d973bae05b54d68d82d068211015996cfec06/expansions/1837-1843/letters/DCP-LETT-338.xml,d5039b888444d8e88821242d425b8027e6d8c50afdba2f48ddad2c1014ca2d75
DCP-LETT-385,Wedgwood,Elizabeth,Darwin,C. R.,1837-11-10,10 Nov [1837],Maer,,DAR 204: 189,,,DCP-LETT-385.xml,safe_within_period,to_darwin,1837-11-10,1837-11-10,single_xml_day,False,data/raw/epsilon/ab0d973bae05b54d68d82d068211015996cfec06/expansions/1837-1843/letters/DCP-LETT-385.xml,6dac1966c90f6a52d1fe34caf06fd9242731820b37acbf9c39e6cfe31bfb8398
DCP-LETT-386,FitzRoy,Robert,Darwin,C. R.,1837-11-15,15 Nov 1837,"London, Chester St, 31",,DAR 164: 132,,,DCP-LETT-386.xml,safe_within_period,to_darwin,1837-11-15,1837-11-15,single_xml_day,False,data/raw/epsilon/ab0d973bae05b54d68d82d068211015996cfec06/expansions/1837-1843/letters/DCP-LETT-386.xml,7d11b8dc8b8adccfe8bb328761259aab5fe4c3de7da86da8f88db9607fbb41db
DCP-LETT-387,FitzRoy,Robert,Darwin,C. R.,1837-11-16,16 Nov 1837,"London, Chester St, 31",,DAR 164: 133,,,DCP-LETT-387.xml,safe_within_period,to_darwin,1837-11-16,1837-11-16,single_xml_day,False,data/raw/epsilon/ab0d973bae05b54d68d82d068211015996cfec06/expansions/1837-1843/letters/DCP-LETT-387.xml,42138644a37b9fa6a2e3bc0f5acda108513c151b43b1cd64b570001a72603134
DCP-LETT-388,Darwin,C. R.,Henslow,J. S.,1837-11-19,[19 Nov 1837],"London, Gt Marlborough St, 36",,"Royal Botanic Gardens, Kew (Henslow letters: 44 DAR/1/1/44)",,,DCP-LETT-388.xml,safe_within_period,from_darwin,1837-11-19,1837-11-19,single_xml_day,False,data/raw/epsilon/ab0d973bae05b54d68d82d068211015996cfec06/expansions/1837-1843/letters/DCP-LETT-388.xml,a7fff2ac391818be011ebbb873d957a994823ba1aedacfb04f9deb2787fd9cf6
DCP-LETT-389,Darwin,C. R.,Owen,Richard,1837-12-01,[c. Dec 1837],"London, Gt Marlborough St, 36",,American Philosophical Society (Mss.B.D25.14),,,DCP-LETT-389.xml,safe_within_period,from_darwin,1837-12-01,1837-12-31,bounded_range,True,data/raw/epsilon/ab0d973bae05b54d68d82d068211015996cfec06/expansions/1837-1843/letters/DCP-LETT-389.xml,d5126983b5edea9162ce98bc90a69f6a2920c2ee30c52aae882b3d1c62353c5a
DCP-LETT-390,Darwin,S. E.,Darwin,C. R.,1837-12-01,[early Dec 1837?],unstated,,DAR 205.2: 226,,,DCP-LETT-390.xml,safe_within_period,to_darwin,1837-12-01,1837-12-31,bounded_range,True,data/raw/epsilon/ab0d973bae05b54d68d82d068211015996cfec06/expansions/1837-1843/letters/DCP-LETT-390.xml,591dd2bf7b1b77d81c827742889a3beff8fe32a1d2515073b9847bab89a8493f
DCP-LETT-391,Darwin,C. R.,Jenyns,Leonard,1837-12-03,3 Dec [1837],"London, Gt Marlborough St, 36",,Bath Royal Literary and Scientific Institution,,,DCP-LETT-391.xml,safe_within_period,from_darwin,1837-12-03,1837-12-03,single_xml_day,False,data/raw/epsilon/ab0d973bae05b54d68d82d068211015996cfec06/expansions/1837-1843/letters/DCP-LETT-391.xml,aed38a7721d98836cd2a7b4393b6aff4a77ea3229ad8d8ef293931b1f5e67bfc
DCP-LETT-392,Darwin,C. R.,Jenyns,Leonard,1837-12-04,[4 Dec 1837],"London, Gt Marlborough St, 36",,Bath Royal Literary and Scientific Institution,,,DCP-LETT-392.xml,safe_within_period,from_darwin,1837-12-04,1837-12-04,single_xml_day,False,data/raw/epsilon/ab0d973bae05b54d68d82d068211015996cfec06/expansions/1837-1843/letters/DCP-LETT-392.xml,f9dcdde56dc2d20bac2ed90b1e972fdcea8bf306c7a373d54a923a9a6023d94a
DCP-LETT-393,Darwin,C. R.,Fox,W. D.,1837-12-11,[11 Dec 1837],"London, Gt Marlborough St, 36",,"Christ’s College Library, Cambridge (MS 53 Fox 53)",,,DCP-LETT-393.xml,safe_within_period,from_darwin,1837-12-11,1837-12-11,single_xml_day,False,data/raw/epsilon/ab0d973bae05b54d68d82d068211015996cfec06/expansions/1837-1843/letters/DCP-LETT-393.xml,4bdd68a3485613147f07df0bb63ee4f8846c66cfada9e0430121ed03ffe396e5
DCP-LETT-418F,Darwin,C. R.,Owen,Richard,1837-12-15,[15 Dec 1837 – 9 June 1838],,,DAR 185: 115,,,DCP-LETT-418F.xml,safe_within_period,from_darwin,1837-12-15,1838-06-09,bounded_range,True,data/raw/epsilon/ab0d973bae05b54d68d82d068211015996cfec06/expansions/1837-1843/letters/DCP-LETT-418F.xml,0c7800a5c94a9d1c5bdc6b9eb2597c75c6a75d7f959fafc91e438899b8789efc
DCP-LETT-394,Darwin,C. R.,Lyell,Charles,1837-12-19,[19 Dec 1837],"London, Gt Marlborough St, 36",,American Philosophical Society (Mss.B.D25.9),,,DCP-LETT-394.xml,safe_within_period,from_darwin,1837-12-19,1837-12-19,single_xml_day,False,data/raw/epsilon/ab0d973bae05b54d68d82d068211015996cfec06/expansions/1837-1843/letters/DCP-LETT-394.xml,67f93608dc53a66faaa3ee4b4e9e3ad04daf24aae8faf42f6a03ce7832f27657
DCP-LETT-395,Darwin,C. R.,Owen,Richard,1837-12-28,28 [Dec 1837],"London, Gt Marlborough St, 36",,"Natural History Museum, Library and Archives (General Special Collections Owen correspondence 9/209)",,,DCP-LETT-395.xml,safe_within_period,from_darwin,1837-12-28,1837-12-28,single_xml_day,False,data/raw/epsilon/ab0d973bae05b54d68d82d068211015996cfec06/expansions/1837-1843/letters/DCP-LETT-395.xml,16bb9731774d692c1a2e762aaa98f9c25f167214d81c510966ea69e1745b6be5
DCP-LETT-396,Darwin,C. R.,Owen,Richard,1837-12-28,[28 Dec 1837],"London, Gt Marlborough St, 36",,Archives of the New York Botanical Garden (Charles Finney Cox Collection),,,DCP-LETT-396.xml,safe_within_period,from_darwin,1837-12-28,1837-12-28,single_xml_day,False,data/raw/epsilon/ab0d973bae05b54d68d82d068211015996cfec06/expansions/1837-1843/letters/DCP-LETT-396.xml,126ff00ea1e6dcf290bbd478f72c99e81c3316f8d5a1fb1ca8d706dc649218c4
DCP-LETT-351,Darwin,C. R.,Babbage,Charles,1838-01-01,[1838],"London, Gt Marlborough St, 36",,The British Library (Add MS 37191: 81),,,DCP-LETT-351.xml,safe_within_period,from_darwin,1838-01-01,1838-12-31,bounded_range,True,data/raw/epsilon/ab0d973bae05b54d68d82d068211015996cfec06/expansions/1837-1843/letters/DCP-LETT-351.xml,1808453ed79d7ab698f81f8e1c8c670e6ccce7f432a312dda1a018e1780e52f7
DCP-LETT-399A,Darwin,C. R.,Owen,Richard,1838-01-01,[Jan 1838],"London, Gt Marlborough St, 36",,Kenneth W. Rendell (dealer) (1990),,,DCP-LETT-399A.xml,safe_within_period,from_darwin,1838-01-01,1838-01-31,bounded_range,True,data/raw/epsilon/ab0d973bae05b54d68d82d068211015996cfec06/expansions/1837-1843/letters/DCP-LETT-399A.xml,6b8508890448f22e39e25c065f8d2c69d9e7708500e1fd9d307de113d7a330a7
DCP-LETT-468,Darwin,C. R.,Mitchell,T. L.,1838-01-01,[1838],unstated,,"Mitchell Library, Sydney (A 295/1, vol. VI., Misc. pp. 85–8)",,,DCP-LETT-468.xml,safe_within_period,from_darwin,1838-01-01,1838-12-31,bounded_range,True,data/raw/epsilon/ab0d973bae05b54d68d82d068211015996cfec06/expansions/1837-1843/letters/DCP-LETT-468.xml,a4b65e87b739e697750e885f2e057c7d320f59665fe6ed51194a33ee0284d6b1
DCP-LETT-357,Darwin,C. R.,Babbage,Charles,1838-01-21,[21 Jan 1838],"London, Gt Marlborough St, 36",,The British Library (Add MS 37190: 320),,,DCP-LETT-357.xml,safe_within_period,from_darwin,1838-01-21,1838-01-21,single_xml_day,False,data/raw/epsilon/ab0d973bae05b54d68d82d068211015996cfec06/expansions/1837-1843/letters/DCP-LETT-357.xml,61dcb2f355d6557db8f93ddc443045616bef03a3da223acf220990640a218888
DCP-LETT-400,Darwin,C. R.,Henslow,J. S.,1838-01-21,[21 Jan 1838],"London, Gt Marlborough St, 36",,Historical Society of Pennsylvania (Dreer collection),,,DCP-LETT-400.xml,safe_within_period,from_darwin,1838-01-21,1838-01-21,single_xml_day,False,data/raw/epsilon/ab0d973bae05b54d68d82d068211015996cfec06/expansions/1837-1843/letters/DCP-LETT-400.xml,b5c4a5ac2271bf06862e4704716a5f92a62a408202c771460a83fe96e0b9a4e4
DCP-LETT-13864,Darwin,C. R.,Unidentified,,1838-02-01,[Feb 1838 – Feb 1841?],,,B. Altman (dealer) (3 October 1982),,,DCP-LETT-13864.xml,safe_within_period,from_darwin,1838-02-01,1841-02-28,bounded_range,True,data/raw/epsilon/ab0d973bae05b54d68d82d068211015996cfec06/expansions/1837-1843/letters/DCP-LETT-13864.xml,431afdbb7b27c32063a447389acd642565dbf66a2111c95b0043529a87c731a9
DCP-LETT-399,Darwin,C. R.,Wynne,[–] (a),1838-02-01,[Feb–July 1838],unstated,,DAR 206: 42,,,DCP-LETT-399.xml,safe_within_period,from_darwin,1838-02-01,1838-07-31,bounded_range,True,data/raw/epsilon/ab0d973bae05b54d68d82d068211015996cfec06/expansions/1837-1843/letters/DCP-LETT-399.xml,fba2239e9235e4cfe46b401bc8815d18d03c1c8f90f2065eaee39ec8417823f6
DCP-LETT-401,Darwin,C. R.,Gould,John,1838-02-01,[Feb 1838],"London, Gt Marlborough St, 36",,"William Patrick Watson (dealer) (catalogue 20, April 2014)",,,DCP-LETT-401.xml,safe_within_period,from_darwin,1838-02-01,1838-02-28,bounded_range,True,data/raw/epsilon/ab0d973bae05b54d68d82d068211015996cfec06/expansions/1837-1843/letters/DCP-LETT-401.xml,bd3326954148a697e0d99f1c898724ddbc325eb93f017f31ed9b26a456f8924e
DCP-LETT-402A,Darwin,C. R.,Spearman,A. Y.,1838-02-16,16 Feb 1838,"London, Gt Marlborough St, 36",,The National Archives (TNA) (T1/4524 paper 25824),,,DCP-LETT-402A.xml,safe_within_period,from_darwin,1838-02-16,1838-02-16,single_xml_day,False,data/raw/epsilon/ab0d973bae05b54d68d82d068211015996cfec06/expansions/1837-1843/letters/DCP-LETT-402A.xml,68978edce94ea7c00317afc4d26de3f7bbcc3f2dbb31177e7d3a8002c7642886
DCP-LETT-402B,Children,J. G.,Darwin,C. R.,1838-02-21,21 Feb 1838,British Museum,,"Natural History Museum, Library and Archives (Archives DF ZOO/205/1/74)",,,DCP-LETT-402B.xml,safe_within_period,to_darwin,1838-02-21,1838-02-21,single_xml_day,False,data/raw/epsilon/ab0d973bae05b54d68d82d068211015996cfec06/expansions/1837-1843/letters/DCP-LETT-402B.xml,afa67ad00385cb20317aa1021a3b961aed4a7b8e3fcd369e37c6dd962d52413e
DCP-LETT-402F,Darwin,C. R.,Children,J. G.,1838-02-22,22 Feb [1838],"London, Gt Marlborough St, 36",,British Museum (Officers’ Reports 20 (1838): 5314),,,DCP-LETT-402F.xml,safe_within_period,from_darwin,1838-02-22,1838-02-22,single_xml_day,False,data/raw/epsilon/ab0d973bae05b54d68d82d068211015996cfec06/expansions/1837-1843/letters/DCP-LETT-402F.xml,7ad864b827cc42514918f7a86677184b8f81d6c517ccdae57a962dc25cf0d9c9
DCP-LETT-402C,Spearman,A. Y.,Darwin,C. R.,1838-02-23,23 Feb 1838,,,The National Archives (TNA) (Treasury out–letter book T 27/137 p. 443),,,DCP-LETT-402C.xml,safe_within_period,to_darwin,1838-02-23,1838-02-23,single_xml_day,False,data/raw/epsilon/ab0d973bae05b54d68d82d068211015996cfec06/expansions/1837-1843/letters/DCP-LETT-402C.xml,3f9b2384d1f823ac29195ea256a146d24b4c44100f91091519d6dc1649563dda
DCP-LETT-403,FitzRoy,Robert,Darwin,C. R.,1838-02-26,26 Feb 1838,"London, Chester St, 31",,DAR 204: 145,,,DCP-LETT-403.xml,safe_within_period,to_darwin,1838-02-26,1838-02-26,single_xml_day,False,data/raw/epsilon/ab0d973bae05b54d68d82d068211015996cfec06/expansions/1837-1843/letters/DCP-LETT-403.xml,b99ccf6c7afe0caff73e1855aeeb03926f9f476be9deee202e7ab816a629072c
DCP-LETT-406,Darwin,C. R.,Henslow,J. S.,1838-03-26,[26 Mar 1838],"London, Gt Marlborough St, 36",,DAR 93: A1–2,,,DCP-LETT-406.xml,safe_within_period,from_darwin,1838-03-26,1838-03-26,single_xml_day,False,data/raw/epsilon/ab0d973bae05b54d68d82d068211015996cfec06/expansions/1837-1843/letters/DCP-LETT-406.xml,fc486f0faeb2bd694a2506fe86c413c5ddc5499c40d68b899d94706700250558
DCP-LETT-350F,Darwin,C. R.,Robert,Eugène,1838-03-28,28 Mar 1838,London,,"Robert 1840, pp. 443–4; LL 3: 237",,,DCP-LETT-350F.xml,safe_within_period,from_darwin,1838-03-28,1838-03-28,single_xml_day,False,data/raw/epsilon/ab0d973bae05b54d68d82d068211015996cfec06/expansions/1837-1843/letters/DCP-LETT-350F.xml,4f8514c3f35601977ec185653ee0e6707c27f190157ae2272b5b01b5dbd29296
DCP-LETT-407,Darwin,C. R.,Darwin,S. E.,1838-04-01,[1 Apr 1838],"London, Gt Marlborough St, 36",,DAR 223: 39,,,DCP-LETT-407.xml,safe_within_period,from_darwin,1838-04-01,1838-04-01,single_xml_day,False,data/raw/epsilon/ab0d973bae05b54d68d82d068211015996cfec06/expansions/1837-1843/letters/DCP-LETT-407.xml,9840344e9b366b62d84b6c074498d501439306b275383ca71db20298bd28b62c
DCP-LETT-408,Horner,Leonard,Darwin,C. R.,1838-04-07,7 Apr [1838],"London, Bedford Place, 2",,DAR 210.8: 1,,,DCP-LETT-408.xml,safe_within_period,to_darwin,1838-04-07,1838-04-07,single_xml_day,False,data/raw/epsilon/ab0d973bae05b54d68d82d068211015996cfec06/expansions/1837-1843/letters/DCP-LETT-408.xml,d7c4c469e00026a682644093c1c9462a7078bead5cf365bc3b8360f8cb867a07
DCP-LETT-408F,Darwin,C. R.,Gould,John,1838-04-13,[13 Apr 1838],,,Dr Daniel C. Devor (private collection),,,DCP-LETT-408F.xml,safe_within_period,from_darwin,1838-04-13,1838-04-13,single_xml_day,False,data/raw/epsilon/ab0d973bae05b54d68d82d068211015996cfec06/expansions/1837-1843/letters/DCP-LETT-408F.xml,5ed84906dc57feed600a814f2e3c114f8af4c134a2227a8bb7f9443da9b08b16
DCP-LETT-409A,Gould,John,Darwin,C. R.,1838-04-13,[13 Apr] 1838,,,"Natural History Museum, Library and Archives (Tring Museum Correspondence)",,,DCP-LETT-409A.xml,safe_within_period,to_darwin,1838-04-13,1838-04-13,single_xml_day,False,data/raw/epsilon/ab0d973bae05b54d68d82d068211015996cfec06/expansions/1837-1843/letters/DCP-LETT-409A.xml,d1e16ab90d2767aa1be06a2b9267db32e8e9201e9a665f4bb935e6d31ec15d2d
DCP-LETT-410,Darwin,C. R.,Darwin,S. E.,1838-04-26,[26 Apr 1838],"London, Gt Marlborough St, 36",,DAR 92: A5–6,,,DCP-LETT-410.xml,safe_within_period,from_darwin,1838-04-26,1838-04-26,single_xml_day,False,data/raw/epsilon/ab0d973bae05b54d68d82d068211015996cfec06/expansions/1837-1843/letters/DCP-LETT-410.xml,e4a30e0545d795b88ace2c038a87f0511f41bacbc8fb5577a61313bd3afc71b8
DCP-LETT-411,Darwin,C. R.,Darwin,Caroline,1838-05-01,[May 1838],"London, Gt Marlborough St, 36",,DAR 154: 53,,,DCP-LETT-411.xml,safe_within_period,from_darwin,1838-05-01,1838-05-31,bounded_range,True,data/raw/epsilon/ab0d973bae05b54d68d82d068211015996cfec06/expansions/1837-1843/letters/DCP-LETT-411.xml,bfff33d76a03845193b4a404158c78b098d6250f93a2069a384f1fd065e85e30
DCP-LETT-411A,Darwin,C. R.,Whitley,C. T.,1838-05-08,[8 May 1838],"London, Gt Marlborough St, 36",,"Shrewsbury School, Taylor Library",,,DCP-LETT-411A.xml,safe_within_period,from_darwin,1838-05-08,1838-05-08,single_xml_day,False,data/raw/epsilon/ab0d973bae05b54d68d82d068211015996cfec06/expansions/1837-1843/letters/DCP-LETT-411A.xml,41f75f8313d741f79ed1e69de5d0ab9a82a12e0a547d5342ffcd80f529ba32d8
DCP-LETT-412,Darwin,C. R.,Lonsdale,William,1838-05-15,[15 May 1838],"London, Gt Marlborough St, 36",,American Philosophical Society (Mss.B.D25.),,,DCP-LETT-412.xml,safe_within_period,from_darwin,1838-05-15,1838-05-15,single_xml_day,False,data/raw/epsilon/ab0d973bae05b54d68d82d068211015996cfec06/expansions/1837-1843/letters/DCP-LETT-412.xml,d3fff71b6444f197b2f73490eacb2c19dd62e9eb18fad9c74fa7163421dd7c8d
DCP-LETT-413,Darwin,C. R.,Darwin,S. E.,1838-05-15,[15 May 1838],"London, Gt Marlborough St, 36",,DAR 223: 38,,,DCP-LETT-413.xml,safe_within_period,from_darwin,1838-05-15,1838-05-15,single_xml_day,False,data/raw/epsilon/ab0d973bae05b54d68d82d068211015996cfec06/expansions/1837-1843/letters/DCP-LETT-413.xml,85d5b039215c830fe7a2a4a2aa914e7c23d244194bc3d60f07a60f0a4f38ba4d
DCP-LETT-415,Darwin,C. R.,Royle,J. F.,1838-05-24,[24 May 1838],"London, Gt Marlborough St, 36",,DAR 147: 397,,,DCP-LETT-415.xml,safe_within_period,from_darwin,1838-05-24,1838-05-24,single_xml_day,False,data/raw/epsilon/ab0d973bae05b54d68d82d068211015996cfec06/expansions/1837-1843/letters/DCP-LETT-415.xml,87aeadf59f0cec7dcbf9597f0e7ebd4fd169f9c9b390c14aca7ff908fd9482ee
DCP-LETT-415A,Darwin,C. R.,Wood,Charles,1838-05-24,24 May 1838,"London, Gt Marlborough St, 36",,The National Archives (TNA) (ADM 1/4548 PRO D 170),,,DCP-LETT-415A.xml,safe_within_period,from_darwin,1838-05-24,1838-05-24,single_xml_day,False,data/raw/epsilon/ab0d973bae05b54d68d82d068211015996cfec06/expansions/1837-1843/letters/DCP-LETT-415A.xml,ffb65687a482077edfc84b1809daccce64ab344b2d16b85da43660a456d1cba7
DCP-LETT-415B,Beaufort,Francis,Darwin,C. R.,1838-05-26,26 May [1838],,,"United Kingdom Hydrographic Office Archive (Letter Book no. 8, p. 190)",,,DCP-LETT-415B.xml,safe_within_period,to_darwin,1838-05-26,1838-05-26,single_xml_day,False,data/raw/epsilon/ab0d973bae05b54d68d82d068211015996cfec06/expansions/1837-1843/letters/DCP-LETT-415B.xml,a621b842a1984a96d1d64e9a679a71882b12fe0741d04a52fe0a28f6594875ca
DCP-LETT-417,Darwin,C. R.,Lonsdale,William,1838-06-01,[c. June 1838],"London, Gt Marlborough St, 36",,American Philosophical Society (Mss.B.D25.),,,DCP-LETT-417.xml,safe_within_period,from_darwin,1838-06-01,1838-06-30,bounded_range,True,data/raw/epsilon/ab0d973bae05b54d68d82d068211015996cfec06/expansions/1837-1843/letters/DCP-LETT-417.xml,7cbc8abc07ad59136cdbe0204a42eaf2c7a17e381b878097d0d81754e2a4206b
DCP-LETT-419,Darwin,C. R.,Fox,W. D.,1838-06-15,[15 June 1838],"London, Gt Marlborough St, 36",,"Christ’s College Library, Cambridge (MS 53 Fox 54)",,,DCP-LETT-419.xml,safe_within_period,from_darwin,1838-06-15,1838-06-15,single_xml_day,False,data/raw/epsilon/ab0d973bae05b54d68d82d068211015996cfec06/expansions/1837-1843/letters/DCP-LETT-419.xml,f1e2c2ab464c4c9b61202dda24d6cf12c32469baed041120670e1c2ab32ef4db
DCP-LETT-421,Walker,Francis,Darwin,C. R.,1838-07-06,6 July [1838],Southgate,,DAR 205.3: 293,,,DCP-LETT-421.xml,safe_within_period,to_darwin,1838-07-06,1838-07-06,single_xml_day,False,data/raw/epsilon/ab0d973bae05b54d68d82d068211015996cfec06/expansions/1837-1843/letters/DCP-LETT-421.xml,2f6925b2702088f48b6dea8a7e1d18e0d02619bab7ba3bc07b627a893aca29fc
DCP-LETT-421F,Darwin,C. R.,Spring Rice,Thomas,1838-07-07,[before 7 July 1838],,,"House of Commons papers; accounts and papers, 1837/38, XXXVI, 307; House of Commons papers; accounts and papers, 1837/38, XXXVI, 307",,,DCP-LETT-421F.xml,ambiguous_period,from_darwin,1809-01-01,1838-07-06,bounded_range,True,data/raw/epsilon/ab0d973bae05b54d68d82d068211015996cfec06/expansions/1837-1843/letters/DCP-LETT-421F.xml,6e4800eb01896a6c692aa2d11b536304f01560ebf445ff197ca5719c7c62c8df
DCP-LETT-421A,Grateloup,J. P. S. de,Darwin,C. R.,1838-07-18,18 July 1838,Bordeaux,,Geological Society of London (GSL/L/R/4/5),,,DCP-LETT-421A.xml,safe_within_period,to_darwin,1838-07-18,1838-07-18,single_xml_day,False,data/raw/epsilon/ab0d973bae05b54d68d82d068211015996cfec06/expansions/1837-1843/letters/DCP-LETT-421A.xml,20cd273ce612c51c778cc61afee6f4d1bdae551f501f089b9acac74a341679da
DCP-LETT-416,Darwin,C. R.,Waterhouse,G. R.,1838-08-01,[Aug 1838–40],unstated,,Cleveland Health Sciences Library (Robert M. Stecher collection),,,DCP-LETT-416.xml,safe_within_period,from_darwin,1838-08-01,1840-12-31,bounded_range,True,data/raw/epsilon/ab0d973bae05b54d68d82d068211015996cfec06/expansions/1837-1843/letters/DCP-LETT-416.xml,19fef542157d4d6f9b88c538b0f758ca5d92f6bb20aa8417ca322a74063ccb18
DCP-LETT-422,Darwin,C. R.,Broderip,W. J.,1838-08-01,[Aug–Dec 1838],"London, Gt Marlborough St, 36",,"Fitzwilliam Museum, Cambridge (GEN/D/DARWIN (C)/3)",,,DCP-LETT-422.xml,safe_within_period,from_darwin,1838-08-01,1838-12-31,bounded_range,True,data/raw/epsilon/ab0d973bae05b54d68d82d068211015996cfec06/expansions/1837-1843/letters/DCP-LETT-422.xml,0356ade0574b99ac081370ee6eb6f40a7b0a7c21a3bf983e2b5d9fe9a6ce820e
DCP-LETT-423,Darwin,C. R.,Wedgwood,Emma,1838-08-07,[7 Aug 1838],"London, Gt Marlborough St, 36",,DAR 210.8: 3,,,DCP-LETT-423.xml,safe_within_period,from_darwin,1838-08-07,1838-08-07,single_xml_day,False,data/raw/epsilon/ab0d973bae05b54d68d82d068211015996cfec06/expansions/1837-1843/letters/DCP-LETT-423.xml,979728b27e31df1b970cf2a3703c89a3d4d613e86baa9a505f7853dc3be8a08d
DCP-LETT-424,Darwin,C. R.,Lyell,Charles,1838-08-09,9 Aug [1838],"London, Gt Marlborough St, 36",,American Philosophical Society (Mss.B.D25.10),,,DCP-LETT-424.xml,safe_within_period,from_darwin,1838-08-09,1838-08-09,single_xml_day,False,data/raw/epsilon/ab0d973bae05b54d68d82d068211015996cfec06/expansions/1837-1843/letters/DCP-LETT-424.xml,622ae738910b0e1f10d609a93c9b93d7bfe3525d9ccf867bb94809d44b56b126
DCP-LETT-424A,Darwin,C. R.,Spearman,A. Y.,1838-08-18,18 Aug 1838,"London, Gt Marlborough St, 36",,The National Archives (TNA) (T1/4524 paper 25824),,,DCP-LETT-424A.xml,safe_within_period,from_darwin,1838-08-18,1838-08-18,single_xml_day,False,data/raw/epsilon/ab0d973bae05b54d68d82d068211015996cfec06/expansions/1837-1843/letters/DCP-LETT-424A.xml,d8aef44351ff471298da90c1078d50746caa5fd6e8355b51ae324a101c6a12d0
DCP-LETT-425,Lyell,Charles,Darwin,C. R.,1838-09-06,6 and 8 Sept 1838,unstated,,"K. M. Lyell 1881 2: 43; Lyell, K. M. 1881 2: 43",,,DCP-LETT-425.xml,safe_within_period,to_darwin,1838-09-06,1838-09-08,multiple_recorded_dates,True,data/raw/epsilon/ab0d973bae05b54d68d82d068211015996cfec06/expansions/1837-1843/letters/DCP-LETT-425.xml,06592cf2df32eb973ed8804d0cc72dee83df45ea126d678878ddbd83efbedb2d
DCP-LETT-426,Darwin,C. R.,Geological Society of London,,1838-09-07,7 Sept 1838,"London, Gt Marlborough St, 36",,Geological Society of London (GSL/COM/P/4/2/8),,,DCP-LETT-426.xml,safe_within_period,from_darwin,1838-09-07,1838-09-07,single_xml_day,False,data/raw/epsilon/ab0d973bae05b54d68d82d068211015996cfec06/expansions/1837-1843/letters/DCP-LETT-426.xml,f4026c8977dd0ae79dde8d06cb826b1315aedd93a845956ae11d676667e73edd
DCP-LETT-427,Darwin,C. R.,Unidentified,,1838-09-12,12 Sept [1838],"London, Gt Marlborough St, 36",,"The Morgan Library and Museum, New York (Gordon N. Ray Collection MA 13958)",,,DCP-LETT-427.xml,safe_within_period,from_darwin,1838-09-12,1838-09-12,single_xml_day,False,data/raw/epsilon/ab0d973bae05b54d68d82d068211015996cfec06/expansions/1837-1843/letters/DCP-LETT-427.xml,3365c307739fc96fe8952b2b6e962cfa91bea55fa00aefafb6502b33894f021b
DCP-LETT-428,Darwin,C. R.,Lyell,Charles,1838-09-14,[14] Sept [1838],"London, Gt Marlborough St, 36",,American Philosophical Society (Mss.B.D25.11),,,DCP-LETT-428.xml,safe_within_period,from_darwin,1838-09-14,1838-09-14,single_xml_day,False,data/raw/epsilon/ab0d973bae05b54d68d82d068211015996cfec06/expansions/1837-1843/letters/DCP-LETT-428.xml,9c782a6e369fa7e3ab429764a6cf58f281960f6a941d1c72c3cc8b34f33ea042
DCP-LETT-428A,Darwin,C. R.,Spearman,A. Y.,1838-09-22,22 Sept 1838,"London, Gt Marlborough St, 36",,The National Archives (TNA) (T1/4524 paper 25824),,,DCP-LETT-428A.xml,safe_within_period,from_darwin,1838-09-22,1838-09-22,single_xml_day,False,data/raw/epsilon/ab0d973bae05b54d68d82d068211015996cfec06/expansions/1837-1843/letters/DCP-LETT-428A.xml,59c0f03cfacb22b36f52eedb56dbd45ec2a2fbc6832d68947188dd8690433fa0
DCP-LETT-429,Sulivan,B. J.,Darwin,C. R.,1838-10-20,20 Oct 1838,"HMS Arrow , Berkeley Sound",,DAR 39: 18–19,,,DCP-LETT-429.xml,safe_within_period,to_darwin,1838-10-20,1838-10-20,single_xml_day,False,data/raw/epsilon/ab0d973bae05b54d68d82d068211015996cfec06/expansions/1837-1843/letters/DCP-LETT-429.xml,53ed91483c1682dcfb376a2419246eeaf9fc98bb39d8afeed44216b1f24945c1
DCP-LETT-418,Fox,W. D.,Darwin,C. R.,1838-11-01,[c. Nov 1838],Delamere,,DAR 164: 173,,,DCP-LETT-418.xml,safe_within_period,to_darwin,1838-11-01,1838-11-30,bounded_range,True,data/raw/epsilon/ab0d973bae05b54d68d82d068211015996cfec06/expansions/1837-1843/letters/DCP-LETT-418.xml,a003a70e02f4239d72c86acd58413ea828ae967a27f1bc44d01cb0dea9b498df
DCP-LETT-430,Darwin,C. R.,Herschel,J. F. W.,1838-11-02,2 [Nov 1838],"London, Gt Marlborough St, 36",,The Royal Society (HS6: 10),,,DCP-LETT-430.xml,safe_within_period,from_darwin,1838-11-02,1838-11-02,single_xml_day,False,data/raw/epsilon/ab0d973bae05b54d68d82d068211015996cfec06/expansions/1837-1843/letters/DCP-LETT-430.xml,60341f95a9e29271083fb1e21996118cfa3cf90a2684aa93c0afaee9db32538a
DCP-LETT-429A,Darwin,C. R.,Henslow,J. S.,1838-11-03,3 Nov 1838,,,Smithsonian Libraries and Archives (Dibner Library of the History of Science and Technology MSS 2031 A. Gift of H. W. Lende Jr),,,DCP-LETT-429A.xml,safe_within_period,from_darwin,1838-11-03,1838-11-03,single_xml_day,False,data/raw/epsilon/ab0d973bae05b54d68d82d068211015996cfec06/expansions/1837-1843/letters/DCP-LETT-429A.xml,2f729c72d4209c83d2f007e5d1b66ea37c1dcd49b076abcb33b33312ad6a130a
DCP-LETT-431,Darwin,Caroline,Darwin,C. R.,1838-11-11,[11 Nov 1838],unstated,,DAR 204: 173,,,DCP-LETT-431.xml,safe_within_period,to_darwin,1838-11-11,1838-11-11,single_xml_day,False,data/raw/epsilon/ab0d973bae05b54d68d82d068211015996cfec06/expansions/1837-1843/letters/DCP-LETT-431.xml,de3efcfe1f5a1664619d7a319b331cde938045808634402ec37a77ffad27d8f3
DCP-LETT-432,Darwin,C. R.,Lyell,Charles,1838-11-12,[12 Nov 1838],Shrewsbury,,American Philosophical Society (Mss.B.D25.12),,,DCP-LETT-432.xml,safe_within_period,from_darwin,1838-11-12,1838-11-12,single_xml_day,False,data/raw/epsilon/ab0d973bae05b54d68d82d068211015996cfec06/expansions/1837-1843/letters/DCP-LETT-432.xml,11438722c66c3da44c9d95579a37b8e8db9c7cd092e96c31834379d27f17f40d
DCP-LETT-435,Darwin,E. A.,Darwin,C. R.,1838-11-14,[14 Nov 1838],unstated,,DAR 204: 164,,,DCP-LETT-435.xml,safe_within_period,to_darwin,1838-11-14,1838-11-14,single_xml_day,False,data/raw/epsilon/ab0d973bae05b54d68d82d068211015996cfec06/expansions/1837-1843/letters/DCP-LETT-435.xml,5e9004c571bf7d5ccdd39a2a05b9852543d7c6f45310bd6ef5ddc36fb6d9501b
DCP-LETT-436,Wedgwood,Charlotte,Darwin,C. R.,1838-11-14,14 Nov [1838],Onibury,,DAR 204: 169,,,DCP-LETT-436.xml,safe_within_period,to_darwin,1838-11-14,1838-11-14,single_xml_day,False,data/raw/epsilon/ab0d973bae05b54d68d82d068211015996cfec06/expansions/1837-1843/letters/DCP-LETT-436.xml,c0601834377bbd16a2856482496e26b0065df9d792ec0cedb85103cdcb7fe237
DCP-LETT-437,Darwin,C. R.,Wedgwood,Emma,1838-11-14,[14 Nov 1838],Shrewsbury,,DAR 210.8: 4,,,DCP-LETT-437.xml,safe_within_period,from_darwin,1838-11-14,1838-11-14,single_xml_day,False,data/raw/epsilon/ab0d973bae05b54d68d82d068211015996cfec06/expansions/1837-1843/letters/DCP-LETT-437.xml,afd62232c7c36ad3b2f5dea45533b4e5f9fa4d1a0b2e13e2e6774566890e8e52
DCP-LETT-439,Mostyn Owen,William,Darwin,C. R.,1838-11-21,21 Nov 1838,Woodhouse,,DAR 204: 171,,,DCP-LETT-439.xml,safe_within_period,to_darwin,1838-11-21,1838-11-21,single_xml_day,False,data/raw/epsilon/ab0d973bae05b54d68d82d068211015996cfec06/expansions/1837-1843/letters/DCP-LETT-439.xml,fb64ec8611420929da965aa23f216d5de848608ba4d45d44d3231d8b3c958c76
DCP-LETT-440,Darwin,C. R.,Wedgwood,Emma,1838-11-21,[21 Nov 1838],"London, Gt Marlborough St, 36",,DAR 210.8:5,,,DCP-LETT-440.xml,safe_within_period,from_darwin,1838-11-21,1838-11-21,single_xml_day,False,data/raw/epsilon/ab0d973bae05b54d68d82d068211015996cfec06/expansions/1837-1843/letters/DCP-LETT-440.xml,0d30e607e6102fc41f70ca137d14f3860df5d925741c488249e12a5e5e1d51a1
DCP-LETT-441,Wedgwood,Emma,Darwin,C. R.,1838-11-21,[21–2 Nov 1838],Maer,,DAR 204: 150,,,DCP-LETT-441.xml,safe_within_period,to_darwin,1838-11-21,1838-11-22,bounded_range,True,data/raw/epsilon/ab0d973bae05b54d68d82d068211015996cfec06/expansions/1837-1843/letters/DCP-LETT-441.xml,84bfc370580a109a16630909093dd656dcaa436044a5973ff0c6e1c3bce711af
DCP-LETT-442,Jenyns,Harriet,Darwin,C. R.,1838-11-22,22 Nov [1838],Cambridge,,DAR 204: 165,,,DCP-LETT-442.xml,safe_within_period,to_darwin,1838-11-22,1838-11-22,single_xml_day,False,data/raw/epsilon/ab0d973bae05b54d68d82d068211015996cfec06/expansions/1837-1843/letters/DCP-LETT-442.xml,4d5471c3eb607caa202e7d2bbb213b139ee16d6bf9eb6b60fbe940fb59b1ae4c
DCP-LETT-443,Darwin,C. R.,Whitley,C. T.,1838-11-23,23 Nov [1838],Athenaeum Club,,"Shrewsbury School, Taylor Library",,,DCP-LETT-443.xml,safe_within_period,from_darwin,1838-11-23,1838-11-23,single_xml_day,False,data/raw/epsilon/ab0d973bae05b54d68d82d068211015996cfec06/expansions/1837-1843/letters/DCP-LETT-443.xml,d7d8e70bcc0fef94a97b789b2008a9fc1757333dbc2f8b504b2f0b66f80e6dfb
DCP-LETT-444,Wedgwood,Emma,Darwin,C. R.,1838-11-25,[25 or 26] Nov 1838,Maer,,DAR 204: 151,,,DCP-LETT-444.xml,safe_within_period,to_darwin,1838-11-25,1838-11-26,alternative_dates,True,data/raw/epsilon/ab0d973bae05b54d68d82d068211015996cfec06/expansions/1837-1843/letters/DCP-LETT-444.xml,99952b55ca77adf59a99f9494713a11060af77faef1dd8eec76c78f766b13281
DCP-LETT-445,Darwin,C. R.,Wedgwood,Emma,1838-11-27,[27 Nov 1838],Athenaeum Club,,DAR 210.8: 6,,,DCP-LETT-445.xml,safe_within_period,from_darwin,1838-11-27,1838-11-27,single_xml_day,False,data/raw/epsilon/ab0d973bae05b54d68d82d068211015996cfec06/expansions/1837-1843/letters/DCP-LETT-445.xml,5398fb59fc2cacedeef4418e90d92f9b3a598abf9c5a7988f164276b28b26836
DCP-LETT-446,Mostyn Owen,S. H.,Darwin,C. R.,1838-11-27,[27 Nov 1838],unstated,,DAR 204: 63,,,DCP-LETT-446.xml,safe_within_period,to_darwin,1838-11-27,1838-11-27,single_xml_day,False,data/raw/epsilon/ab0d973bae05b54d68d82d068211015996cfec06/expansions/1837-1843/letters/DCP-LETT-446.xml,a6e4d597c963c96112605310c5ad6fcfb53ccf6d79ed72dcabf96b9d98df6879
DCP-LETT-447,Wedgwood,Emma,Darwin,C. R.,1838-11-30,[30 Nov 1838],Maer,,DAR 204: 152,,,DCP-LETT-447.xml,safe_within_period,to_darwin,1838-11-30,1838-11-30,single_xml_day,False,data/raw/epsilon/ab0d973bae05b54d68d82d068211015996cfec06/expansions/1837-1843/letters/DCP-LETT-447.xml,e6c97fde8440d9dd53e22040737c6aef119833418dcb891fcfca0957ffee995d
DCP-LETT-448,Darwin,C. R.,Wedgwood,Emma,1838-11-30,[30 Nov – 1 Dec 1838],"London, Gt Marlborough St, 36",,DAR 210.8: 7,,,DCP-LETT-448.xml,safe_within_period,from_darwin,1838-11-30,1838-11-30,single_xml_day,False,data/raw/epsilon/ab0d973bae05b54d68d82d068211015996cfec06/expansions/1837-1843/letters/DCP-LETT-448.xml,7460fc277e09c580e239f8ecc8e81526ce2ef4dbdebd297705dc971276ba0013
DCP-LETT-467,Yarrell,William,Darwin,C. R.,1838-12-01,[Dec 1838],unstated,,DAR 205.7: 286,,,DCP-LETT-467.xml,safe_within_period,to_darwin,1838-12-01,1838-12-31,bounded_range,True,data/raw/epsilon/ab0d973bae05b54d68d82d068211015996cfec06/expansions/1837-1843/letters/DCP-LETT-467.xml,2cd8022a925e5259bee051e6c7e8ef996b015df6172967456d1f09a3e65803ea
DCP-LETT-449,Wedgwood,Emma,Darwin,C. R.,1838-12-03,[3 Dec 1838],Maer,,DAR 204: 153,,,DCP-LETT-449.xml,safe_within_period,to_darwin,1838-12-03,1838-12-03,single_xml_day,False,data/raw/epsilon/ab0d973bae05b54d68d82d068211015996cfec06/expansions/1837-1843/letters/DCP-LETT-449.xml,069302615dc3af6472d28f1824549ad7650bf5e904642b288429de65a1856d4a
DCP-LETT-450,Wedgwood,Charlotte,Darwin,C. R.,1838-12-04,4 Dec [1838],Shrewsbury,,DAR 204: 170,,,DCP-LETT-450.xml,safe_within_period,to_darwin,1838-12-04,1838-12-04,single_xml_day,False,data/raw/epsilon/ab0d973bae05b54d68d82d068211015996cfec06/expansions/1837-1843/letters/DCP-LETT-450.xml,a4080a4a252baf4a2f670e945d1027ad0263ef3949e4a864ef0f2b848e81d5fc
DCP-LETT-451,Darwin,C. R.,Gray,G. R.,1838-12-04,[4 Dec 1838],"London, Gt Marlborough St, 36",,Sotheby’s (dealers) (14 December 1976),,,DCP-LETT-451.xml,safe_within_period,from_darwin,1838-12-04,1838-12-04,single_xml_day,False,data/raw/epsilon/ab0d973bae05b54d68d82d068211015996cfec06/expansions/1837-1843/letters/DCP-LETT-451.xml,6c1933e52b0342b588825524abbdd4126f6ed7fa19dff061a2b9f4332bca323b
DCP-LETT-452,Bell,Thomas,Darwin,C. R.,1838-12-05,[5 Dec 1838],Hornsey,,DAR 204: 163,,,DCP-LETT-452.xml,safe_within_period,to_darwin,1838-12-05,1838-12-05,single_xml_day,False,data/raw/epsilon/ab0d973bae05b54d68d82d068211015996cfec06/expansions/1837-1843/letters/DCP-LETT-452.xml,b7da1ff0e453d69d83a57f81eefe91d8538f9b6e5ece7eabbf3126bd0e0fbeee
DCP-LETT-453,Darwin,C. R.,Jukes,J. B.,1838-12-06,6 Dec 1838,Geological Society,,University of Oklahoma Libraries History of Science Collections,,,DCP-LETT-453.xml,safe_within_period,from_darwin,1838-12-06,1838-12-06,single_xml_day,False,data/raw/epsilon/ab0d973bae05b54d68d82d068211015996cfec06/expansions/1837-1843/letters/DCP-LETT-453.xml,7aa810be250429c10409a05254e0efbaebb7d9283d2936b8c9af76f48011ff05
DCP-LETT-454,Darwin,C. R.,Gray,G. R.,1838-12-06,[6 Dec 1838],"London, Gt Marlborough St, 36",,Leiden University Libraries (BPL 885 / Darwin s.a),,,DCP-LETT-454.xml,safe_within_period,from_darwin,1838-12-06,1838-12-06,single_xml_day,False,data/raw/epsilon/ab0d973bae05b54d68d82d068211015996cfec06/expansions/1837-1843/letters/DCP-LETT-454.xml,216b5cf70fce7726f7c063857d0173e93041d6d9f0b6a1cc06870f269e208b3b
DCP-LETT-455,Way,Albert,Darwin,C. R.,1838-12-09,9 Dec 1838,Leamington,,DAR 204: 148,,,DCP-LETT-455.xml,safe_within_period,to_darwin,1838-12-09,1838-12-09,single_xml_day,False,data/raw/epsilon/ab0d973bae05b54d68d82d068211015996cfec06/expansions/1837-1843/letters/DCP-LETT-455.xml,9ffee5bbb5122dd9ae6aab898283d40ef5539d8b8c2190f6bae3995a5ab4f1d2
DCP-LETT-456,Henslow,J. S.,Darwin,C. R.,1838-12-16,16 Dec 1838,Cambridge,,DAR 204: 166,,,DCP-LETT-456.xml,safe_within_period,to_darwin,1838-12-16,1838-12-16,single_xml_day,False,data/raw/epsilon/ab0d973bae05b54d68d82d068211015996cfec06/expansions/1837-1843/letters/DCP-LETT-456.xml,d3a03db708e65ea55b2df9f2ff0971aa54a81d6e8b266e5ba1728bbe019fd15d
DCP-LETT-457,Yarrell,William,Darwin,C. R.,1838-12-17,[c. 17 Dec 1838],unstated,,DAR 205.7: 287,,,DCP-LETT-457.xml,safe_within_period,to_darwin,1838-12-17,1838-12-17,single_xml_day,True,data/raw/epsilon/ab0d973bae05b54d68d82d068211015996cfec06/expansions/1837-1843/letters/DCP-LETT-457.xml,47511e983385f207f7890695d0f4ced04ddb91157bd9e28f3c9a0ab9d2bb464e
DCP-LETT-458,Darwin,C. R.,American Philosophical Society.,,1838-12-20,20 Dec 1838,Somerset House,,American Philosophical Society (Mss.B.D25.13),,,DCP-LETT-458.xml,safe_within_period,from_darwin,1838-12-20,1838-12-20,single_xml_day,False,data/raw/epsilon/ab0d973bae05b54d68d82d068211015996cfec06/expansions/1837-1843/letters/DCP-LETT-458.xml,98325473f6961ea8ecc4aff5536ec4747e9afede29a087cd41cfc71ac4f07391
DCP-LETT-459,Darwin,C. R.,Sedgwick,Adam,1838-12-21,21 [Dec 1838],"London, Gt Marlborough St, 36",,Cambridge University Library Add 7652 IB: 175,,,DCP-LETT-459.xml,safe_within_period,from_darwin,1838-12-21,1838-12-21,single_xml_day,False,data/raw/epsilon/ab0d973bae05b54d68d82d068211015996cfec06/expansions/1837-1843/letters/DCP-LETT-459.xml,f1b72c162e94f1ab82402ce6d15313414d212c6605d25a14ae1293e3964df475
DCP-LETT-460,Wedgwood,Emma,Darwin,C. R.,1838-12-23,[23 Dec 1838],Maer,,DAR 204: 154,,,DCP-LETT-460.xml,safe_within_period,to_darwin,1838-12-23,1838-12-23,single_xml_day,False,data/raw/epsilon/ab0d973bae05b54d68d82d068211015996cfec06/expansions/1837-1843/letters/DCP-LETT-460.xml,a7d103acb2c34d20368da29a590f57425a24ec9e826101071379acecb764b746
DCP-LETT-461,Darwin,C. R.,Jukes,J. B.,1838-12-25,25 Dec [1838],Athenaeum Club,,University of Oklahoma Libraries History of Science Collections,,,DCP-LETT-461.xml,safe_within_period,from_darwin,1838-12-25,1838-12-25,single_xml_day,False,data/raw/epsilon/ab0d973bae05b54d68d82d068211015996cfec06/expansions/1837-1843/letters/DCP-LETT-461.xml,4a0a35bb2bbbe7ecf31b028de3782d964f639e3f3988dd406424d215b6caa230
DCP-LETT-462,Wedgwood,Emma,Darwin,C. R.,1838-12-26,[26 Dec 1838],Maer,,DAR 204: 155,,,DCP-LETT-462.xml,safe_within_period,to_darwin,1838-12-26,1838-12-26,single_xml_day,False,data/raw/epsilon/ab0d973bae05b54d68d82d068211015996cfec06/expansions/1837-1843/letters/DCP-LETT-462.xml,dade36f760b8c83b040699980fd9ce2da4d72f9e856d2cac53f4f3a195320548
DCP-LETT-463,Darwin,C. R.,Wedgwood,Emma,1838-12-29,[29 Dec 1838],"London, Gt Marlborough St, 36",,DAR 210.8: 8,,,DCP-LETT-463.xml,safe_within_period,from_darwin,1838-12-29,1838-12-29,single_xml_day,False,data/raw/epsilon/ab0d973bae05b54d68d82d068211015996cfec06/expansions/1837-1843/letters/DCP-LETT-463.xml,20caef76d8908be4215a49be1a37b4499c7a5a89addab7f7552cea4b62b0434b
DCP-LETT-464,Wedgwood,Emma,Darwin,C. R.,1838-12-29,[29 Dec 1838],Maer,,DAR 204: 156,,,DCP-LETT-464.xml,safe_within_period,to_darwin,1838-12-29,1838-12-29,single_xml_day,False,data/raw/epsilon/ab0d973bae05b54d68d82d068211015996cfec06/expansions/1837-1843/letters/DCP-LETT-464.xml,59ee62676b6a58042f30ef7fafa04edcc889c9e1da5971d553856467cfb2d879
DCP-LETT-465,Wedgwood,Emma,Darwin,C. R.,1838-12-30,[30 Dec 1838],Maer,,DAR 204: 157,,,DCP-LETT-465.xml,safe_within_period,to_darwin,1838-12-30,1838-12-30,single_xml_day,False,data/raw/epsilon/ab0d973bae05b54d68d82d068211015996cfec06/expansions/1837-1843/letters/DCP-LETT-465.xml,9f23748f5d89258f3d4d6c746abbf269a97f4620971254da18ec26e43febbf48
DCP-LETT-466,Darwin,C. R.,Wedgwood,Emma,1838-12-31,[31 Dec 1838 –] 1 Jan 1839,"London, Upper Gower St, 12",,DAR 210.8: 9,,,DCP-LETT-466.xml,safe_within_period,from_darwin,1838-12-31,1839-01-01,bounded_range,True,data/raw/epsilon/ab0d973bae05b54d68d82d068211015996cfec06/expansions/1837-1843/letters/DCP-LETT-466.xml,eab9ea64545213b937372b663a9937101a03df217d99901d5f0397d1e8e456d3
DCP-LETT-13925F,Darwin,C. R.,Unidentified,,1839-01-01,[1839–82],,,Raptis Rare Books (dealers) (June 2018 item 69022),,,DCP-LETT-13925F.xml,ambiguous_period,from_darwin,1839-01-01,1882-12-31,bounded_range,True,data/raw/epsilon/ab0d973bae05b54d68d82d068211015996cfec06/expansions/1837-1843/letters/DCP-LETT-13925F.xml,bde57167502e2edeacc33589b09627ecf9990aa0b2fcd687f7d4ed240a35cd5e
DCP-LETT-397,Darwin,C. R.,Owen,Richard,1839-01-01,[1839 – Apr 1840],"London, Upper Gower St, 12",,Charles Hamilton (dealer) (13 June 1974),,,DCP-LETT-397.xml,safe_within_period,from_darwin,1839-01-01,1840-04-30,bounded_range,True,data/raw/epsilon/ab0d973bae05b54d68d82d068211015996cfec06/expansions/1837-1843/letters/DCP-LETT-397.xml,2d7d65cdd3f15a6709cf1e7837ea8d9d5c59e9ed85417586dee4fc1ccecb600f
DCP-LETT-398,Darwin,C. R.,Parish,Woodbine,1839-01-01,[Jan 1839?],unstated,,"Shuttleworth 1910, p. 412 n.; Shuttleworth, N. L. K. 1910: 412 n.",,,DCP-LETT-398.xml,safe_within_period,from_darwin,1839-01-01,1839-01-31,bounded_range,True,data/raw/epsilon/ab0d973bae05b54d68d82d068211015996cfec06/expansions/1837-1843/letters/DCP-LETT-398.xml,a0d8ae2af25625a77b34a0197631b7cf09231edbf4073214f52356cbc725747e
DCP-LETT-475,Waterhouse,G. R.,Darwin,C. R.,1839-01-01,[1839 – 10 Feb 1840],unstated,,DAR 205.3: 295,,,DCP-LETT-475.xml,safe_within_period,to_darwin,1839-01-01,1840-02-10,bounded_range,True,data/raw/epsilon/ab0d973bae05b54d68d82d068211015996cfec06/expansions/1837-1843/letters/DCP-LETT-475.xml,127a4d37a5aa433f61d299cae3c831522a278a679fdfae9200d2e5dacf689505
DCP-LETT-476,Darwin,C. R.,Babbage,Charles,1839-01-01,[1839 – Aug 1842],"London, Upper Gower St, 12",,The British Library (Add 37191: 297),,,DCP-LETT-476.xml,safe_within_period,from_darwin,1839-01-01,1842-08-31,bounded_range,True,data/raw/epsilon/ab0d973bae05b54d68d82d068211015996cfec06/expansions/1837-1843/letters/DCP-LETT-476.xml,453e02573f04a4a9bc7957d841e0eacc6824dd507136b0ba7dc5905e0b084383
DCP-LETT-476A,Darwin,C. R.,Herbert,J. M.,1839-01-01,[Jan 1839 – Sept 1842],London,,"Bonhams, New York (dealers) (11 December 2013)",,,DCP-LETT-476A.xml,safe_within_period,from_darwin,1839-01-01,1842-09-30,bounded_range,True,data/raw/epsilon/ab0d973bae05b54d68d82d068211015996cfec06/expansions/1837-1843/letters/DCP-LETT-476A.xml,5d1914ecf524369a133b0200f5837d3ba2b42b9df631e941f6798bf82b7997e6
DCP-LETT-477,Darwin,C. R.,Shillinglaw,John,1839-01-01,[1839 – May 1842],"London, Upper Gower St, 12",,"Fitzwilliam Museum, Cambridge (GEN/D/DARWIN (C)/4)",,,DCP-LETT-477.xml,safe_within_period,from_darwin,1839-01-01,1842-05-31,bounded_range,True,data/raw/epsilon/ab0d973bae05b54d68d82d068211015996cfec06/expansions/1837-1843/letters/DCP-LETT-477.xml,88f4df4a96f446b6456f79a64908fa11f25a178018f35e36eca69f7f0e292786
DCP-LETT-478,Darwin,C. R.,Stokes,Charles,1839-01-01,[1839 – Sept 1842],"London, Upper Gower St, 12",,Wellcome Collection,,,DCP-LETT-478.xml,safe_within_period,from_darwin,1839-01-01,1842-09-30,bounded_range,True,data/raw/epsilon/ab0d973bae05b54d68d82d068211015996cfec06/expansions/1837-1843/letters/DCP-LETT-478.xml,e28cc0259e9f795ca611256a86bda7e5659d2223fddb06d7d8dc3e695ef80949
DCP-LETT-481,Darwin,C. R.,Wedgwood,Emma,1839-01-02,2 [–3 Jan 1839],Athenaeum Club,,DAR 210.8: 10,,,DCP-LETT-481.xml,safe_within_period,from_darwin,1839-01-02,1839-01-03,bounded_range,True,data/raw/epsilon/ab0d973bae05b54d68d82d068211015996cfec06/expansions/1837-1843/letters/DCP-LETT-481.xml,4d092ff61c434148e8ce5458e87cb426ba350d7617c441889b13804b148563c0
DCP-LETT-482,Wedgwood,Emma,Darwin,C. R.,1839-01-03,[3 Jan 1839],Maer,,DAR 204: 158,,,DCP-LETT-482.xml,safe_within_period,to_darwin,1839-01-03,1839-01-03,single_xml_day,False,data/raw/epsilon/ab0d973bae05b54d68d82d068211015996cfec06/expansions/1837-1843/letters/DCP-LETT-482.xml,8dea36214e3570e6c404b356af5ecccb4d7341bb94d367c5283896e93ea2f8e8
DCP-LETT-483,Darwin,C. R.,Whewell,William,1839-01-04,4 [Jan 1839],"London, Upper Gower St, 12",,"Trinity College Library, Cambridge (Add c 88: 5)",,,DCP-LETT-483.xml,safe_within_period,from_darwin,1839-01-04,1839-01-04,single_xml_day,False,data/raw/epsilon/ab0d973bae05b54d68d82d068211015996cfec06/expansions/1837-1843/letters/DCP-LETT-483.xml,db0ac8679116d606a2c8dfc134eb37602cb3e4f19bb478cb3e4b8d084ee7364f
DCP-LETT-484,Darwin,C. R.,Wedgwood,Emma,1839-01-06,[6–7 Jan 1839],"London, Upper Gower St, 12",,DAR 210.8: 11,,,DCP-LETT-484.xml,safe_within_period,from_darwin,1839-01-06,1839-01-07,bounded_range,True,data/raw/epsilon/ab0d973bae05b54d68d82d068211015996cfec06/expansions/1837-1843/letters/DCP-LETT-484.xml,514ee4ef0d2ef21182006cd3ed85d7cd8b4a821453eb230d654147ea19424885
DCP-LETT-485,Wedgwood,Emma,Darwin,C. R.,1839-01-07,[7 Jan 1839],Maer,,DAR 204: 159,,,DCP-LETT-485.xml,safe_within_period,to_darwin,1839-01-07,1839-01-07,single_xml_day,False,data/raw/epsilon/ab0d973bae05b54d68d82d068211015996cfec06/expansions/1837-1843/letters/DCP-LETT-485.xml,287d951a7987803f54b3aa5370b6d0c6e375c5165e8208dc09caff6362c60da0
DCP-LETT-480,Darwin,C. R.,Lyell,Charles,1839-01-09,[c. 9 Jan 1839],"London, Upper Gower St, 12",,American Philosophical Society (Mss.B.D25.15),,,DCP-LETT-480.xml,safe_within_period,from_darwin,1839-01-09,1839-01-09,single_xml_day,True,data/raw/epsilon/ab0d973bae05b54d68d82d068211015996cfec06/expansions/1837-1843/letters/DCP-LETT-480.xml,d53e4c87e689721bb96ac3a89264f26985603dc2bafd161bd1fd333003e62f64
DCP-LETT-486,Wedgwood,Emma,Darwin,C. R.,1839-01-09,[9 Jan 1839],Maer,,DAR 204: 160,,,DCP-LETT-486.xml,safe_within_period,to_darwin,1839-01-09,1839-01-09,single_xml_day,False,data/raw/epsilon/ab0d973bae05b54d68d82d068211015996cfec06/expansions/1837-1843/letters/DCP-LETT-486.xml,db52f4529656e7f2c9f87d88a48634fde227551c95990a57f8b8825b89b84b7c
DCP-LETT-487,Herbert,J. M.,Darwin,C. R.,1839-01-13,13 Jan [1839],Nutford,,DAR 204: 168,,,DCP-LETT-487.xml,safe_within_period,to_darwin,1839-01-13,1839-01-13,single_xml_day,False,data/raw/epsilon/ab0d973bae05b54d68d82d068211015996cfec06/expansions/1837-1843/letters/DCP-LETT-487.xml,c26f18bc2b96709156ad73ba360febac78e71374d9a80398680ffd8dd8efeea8
DCP-LETT-488,Darwin,C. R.,Broderip,W. J.,1839-01-19,19 Jan [1839],"London, Upper Gower St, 12",,"Houghton Library, Harvard University (Autograph File, D)",,,DCP-LETT-488.xml,safe_within_period,from_darwin,1839-01-19,1839-01-19,single_xml_day,False,data/raw/epsilon/ab0d973bae05b54d68d82d068211015996cfec06/expansions/1837-1843/letters/DCP-LETT-488.xml,7ff82d821e5197369dc99c002627c99c480eab88d344169866034cd304f6aed4
DCP-LETT-489,Darwin,C. R.,Wedgwood,Emma,1839-01-20,[20 Jan 1839],Athenaeum Club,,DAR 210.8: 12,,,DCP-LETT-489.xml,safe_within_period,from_darwin,1839-01-20,1839-01-20,single_xml_day,False,data/raw/epsilon/ab0d973bae05b54d68d82d068211015996cfec06/expansions/1837-1843/letters/DCP-LETT-489.xml,161cd9e76a5b41e451d70f20c2013de395700e553ca86d43fe0cba953893e802
DCP-LETT-490,Wedgwood,Emma,Darwin,C. R.,1839-01-20,[20–1 Jan 1839],Maer,,DAR 204: 161,,,DCP-LETT-490.xml,safe_within_period,to_darwin,1839-01-20,1839-01-21,bounded_range,True,data/raw/epsilon/ab0d973bae05b54d68d82d068211015996cfec06/expansions/1837-1843/letters/DCP-LETT-490.xml,e51f78d5530a9e0b1a0bf5c78c577f447a8506de79c13e35519f0a426ed9f0b7
DCP-LETT-491,Darwin,C. R.,Prince,E. C.,1839-01-21,21 Jan [1839],"London, Upper Gower St, 12",,Archives of the New York Botanical Garden (Charles Finney Cox Collection),,,DCP-LETT-491.xml,safe_within_period,from_darwin,1839-01-21,1839-01-21,single_xml_day,False,data/raw/epsilon/ab0d973bae05b54d68d82d068211015996cfec06/expansions/1837-1843/letters/DCP-LETT-491.xml,b2877d95c16096de2330759c4e07134671327dd3d80cd5afb9ba49b7026eb75a
DCP-LETT-492,Wedgwood,Emma,Darwin,C. R.,1839-01-23,[23 Jan 1839],Maer,,DAR 204: 162,,,DCP-LETT-492.xml,safe_within_period,to_darwin,1839-01-23,1839-01-23,single_xml_day,False,data/raw/epsilon/ab0d973bae05b54d68d82d068211015996cfec06/expansions/1837-1843/letters/DCP-LETT-492.xml,62273fc89379d282697e4d42f7d8cef04c458e92ea29d93085cb14a9a7161064
DCP-LETT-493,Darwin,C. R.,Wedgwood,Emma,1839-01-26,[26 Jan 1839],Shrewsbury,,DAR 210.8: 13,,,DCP-LETT-493.xml,safe_within_period,from_darwin,1839-01-26,1839-01-26,single_xml_day,False,data/raw/epsilon/ab0d973bae05b54d68d82d068211015996cfec06/expansions/1837-1843/letters/DCP-LETT-493.xml,fd6f87d01cb66f025c30bfaa7308cb02fd5f3c30d76b990292be116a8d30b3fa
DCP-LETT-494,Blackwell,T. E.,Darwin,C. R.,1839-01-26,26 Jan 1839,Hungerford,,Geological Society of London (GSL/L/R/4/121),,,DCP-LETT-494.xml,safe_within_period,to_darwin,1839-01-26,1839-01-26,single_xml_day,False,data/raw/epsilon/ab0d973bae05b54d68d82d068211015996cfec06/expansions/1837-1843/letters/DCP-LETT-494.xml,44c8f7988acbbff17a3186ccabc48699f1d5e9d5f2aeb5b3368728f36bc07862
DCP-LETT-470,Darwin,C. R.,Babbage,Charles,1839-02-01,[Feb 1839 – Aug 1842],"London, Upper Gower St, 12",,The British Library (Add MS 37191: 298),,,DCP-LETT-470.xml,safe_within_period,from_darwin,1839-02-01,1842-08-31,bounded_range,True,data/raw/epsilon/ab0d973bae05b54d68d82d068211015996cfec06/expansions/1837-1843/letters/DCP-LETT-470.xml,a59dc2a909895761bdc6da3060362c3bb0fe3333155721cceac2bf3417b27c37
DCP-LETT-471,Wedgwood,Emma,Darwin,C. R.,1839-02-01,[c. Feb 1839],unstated,,DAR 210.8: 14,,,DCP-LETT-471.xml,safe_within_period,to_darwin,1839-02-01,1839-02-28,bounded_range,True,data/raw/epsilon/ab0d973bae05b54d68d82d068211015996cfec06/expansions/1837-1843/letters/DCP-LETT-471.xml,9c344bf8bc9990a24326b0d3b51ae11dd72ded6a046614525106821100e06a69
DCP-LETT-494A,Darwin,C. R.,Spearman,A. Y.,1839-02-04,4 Feb 1839,"London, Upper Gower St, 12",,The National Archives (TNA) (T1/4524 paper 25824),,,DCP-LETT-494A.xml,safe_within_period,from_darwin,1839-02-04,1839-02-04,single_xml_day,False,data/raw/epsilon/ab0d973bae05b54d68d82d068211015996cfec06/expansions/1837-1843/letters/DCP-LETT-494A.xml,a62ce0b2229561d8ceed2de35dcced835d34b6884886e376ef5c22b01fc9b97f
DCP-LETT-495,Henslow,J. S.,Darwin,C. R.,1839-02-07,7 Feb 1839,Cambridge,,DAR 204: 167,,,DCP-LETT-495.xml,safe_within_period,to_darwin,1839-02-07,1839-02-07,single_xml_day,False,data/raw/epsilon/ab0d973bae05b54d68d82d068211015996cfec06/expansions/1837-1843/letters/DCP-LETT-495.xml,31be955f350f8a88b4250a89279b16b63212d3604d3d367180adc1a5ed39e426
DCP-LETT-496,Darwin,C. R.,Whewell,William,1839-02-16,16 Feb [1839],"London, Upper Gower St, 12",,"Trinity College Library, Cambridge (Add c 88: 4)",,,DCP-LETT-496.xml,safe_within_period,from_darwin,1839-02-16,1839-02-16,single_xml_day,False,data/raw/epsilon/ab0d973bae05b54d68d82d068211015996cfec06/expansions/1837-1843/letters/DCP-LETT-496.xml,45cd5c2d2f0ad08a1a25c788d15c4d5fa788583684f2b6a196b4af02472f3577
DCP-LETT-479,Darwin,C. R.,Babbage,Charles,1839-02-19,19 [Feb 1839 - Aug 1842],"London, Upper Gower St, 12",,The British Library (Add MS 37191: 299),,,DCP-LETT-479.xml,safe_within_period,from_darwin,1839-02-19,1842-08-19,alternative_dates,True,data/raw/epsilon/ab0d973bae05b54d68d82d068211015996cfec06/expansions/1837-1843/letters/DCP-LETT-479.xml,e9599cf4470f40a4909b3df49b9900e3b54f1de86b0a2c322ce4935d8c6d1786
DCP-LETT-496A,Irvine,Andrew,Darwin,C. R.,1839-03-07,7 Mar 1839,Leicester,,Geological Society of London (GSL/L/R/4/165),,,DCP-LETT-496A.xml,safe_within_period,to_darwin,1839-03-07,1839-03-07,single_xml_day,False,data/raw/epsilon/ab0d973bae05b54d68d82d068211015996cfec06/expansions/1837-1843/letters/DCP-LETT-496A.xml,771b01f1f322d484bfffed58f67b1036b09ed5cf252805bfcd379a599c720b47
DCP-LETT-497,Darwin,C. R.,Lonsdale,William,1839-03-08,[8 Mar 1839],"London, Upper Gower St, 12",,American Philosophical Society (Mss.B.D25.),,,DCP-LETT-497.xml,safe_within_period,from_darwin,1839-03-08,1839-03-08,single_xml_day,False,data/raw/epsilon/ab0d973bae05b54d68d82d068211015996cfec06/expansions/1837-1843/letters/DCP-LETT-497.xml,f76d4fb13ad26a85b8aff14807df4eb7f6e8ea3c751544485b308ca3f600d340
DCP-LETT-498,Smith,Andrew,Darwin,C. R.,1839-03-16,16 Mar 1839,"Fort Pitt, Chatham",,DAR 204: 172,,,DCP-LETT-498.xml,safe_within_period,to_darwin,1839-03-16,1839-03-16,single_xml_day,False,data/raw/epsilon/ab0d973bae05b54d68d82d068211015996cfec06/expansions/1837-1843/letters/DCP-LETT-498.xml,3953c7c94e41e1f44c377bc22cb9a1c30363fcb0ac1d265276d40dba782b7767
DCP-LETT-473,Darwin,C. R.,Phillips,John,1839-03-18,[18 Mar 1839],"London, Upper Gower St, 12",,Oxford University Museum of Natural History Archive Collections (John Phillips collection),,,DCP-LETT-473.xml,safe_within_period,from_darwin,1839-03-18,1839-03-18,single_xml_day,False,data/raw/epsilon/ab0d973bae05b54d68d82d068211015996cfec06/expansions/1837-1843/letters/DCP-LETT-473.xml,f80ff8545732bd192fe27cd6621e10c88459a37576f583fff6198ee1790d570f
DCP-LETT-499,Darwin,C. R.,Royal Geographical Society,,1839-03-19,[19 Mar 1839],"London, Upper Gower St, 12",,Royal Geographical Society,,,DCP-LETT-499.xml,safe_within_period,from_darwin,1839-03-19,1839-03-19,single_xml_day,False,data/raw/epsilon/ab0d973bae05b54d68d82d068211015996cfec06/expansions/1837-1843/letters/DCP-LETT-499.xml,511d6b4d79844a3ce8c33e4c7c9da9fb4482630200d2d24c136712db33182d4a
DCP-LETT-500,FitzRoy,Robert,Darwin,C. R.,1839-03-20,[20 Mar 1839],"London, Chester St",,DAR 204: 146,,,DCP-LETT-500.xml,safe_within_period,to_darwin,1839-03-20,1839-03-20,single_xml_day,False,data/raw/epsilon/ab0d973bae05b54d68d82d068211015996cfec06/expansions/1837-1843/letters/DCP-LETT-500.xml,ab46c4da596c8e4d2b5f4c6f7bb8432ef09bf31c872aa61458313cbb48361664
DCP-LETT-501,Darwin,C. R.,Shoberl,William,1839-03-21,[21 Mar 1839],"London, Upper Gower St, 12",,American Philosophical Society (Mss.B.D25.18),,,DCP-LETT-501.xml,safe_within_period,from_darwin,1839-03-21,1839-03-21,single_xml_day,False,data/raw/epsilon/ab0d973bae05b54d68d82d068211015996cfec06/expansions/1837-1843/letters/DCP-LETT-501.xml,c141c7ae97e759b0c89e129402f13313a82114b9ab164eb120693c08b6565af4
DCP-LETT-502,Darwin,C. R.,Herbert,William,1839-04-01,[c. 1 Apr 1839],"London, Upper Gower St, 12",,DAR 185: 62,,,DCP-LETT-502.xml,safe_within_period,from_darwin,1839-04-01,1839-04-01,single_xml_day,True,data/raw/epsilon/ab0d973bae05b54d68d82d068211015996cfec06/expansions/1837-1843/letters/DCP-LETT-502.xml,9904531e024725b4ef2cfc7f147fea2023f5bdea65c08969325cc1d2cdd35679
DCP-LETT-504,Whewell,William,Darwin,C. R.,1839-04-11,11 Apr 1839,"Trinity College, Cambridge",,DAR 204: 175,,,DCP-LETT-504.xml,safe_within_period,to_darwin,1839-04-11,1839-04-11,single_xml_day,False,data/raw/epsilon/ab0d973bae05b54d68d82d068211015996cfec06/expansions/1837-1843/letters/DCP-LETT-504.xml,a13d49c8dec95a6d5a50282949a7f240f44a9d451f6c9b662bce5ceaeda8debb
DCP-LETT-505,Henslow,J. S.,Darwin,C. R.,1839-04-14,[c. 14 Apr 1839],unstated,,DAR 185: 63v,,,DCP-LETT-505.xml,safe_within_period,to_darwin,1839-04-14,1839-04-14,single_xml_day,True,data/raw/epsilon/ab0d973bae05b54d68d82d068211015996cfec06/expansions/1837-1843/letters/DCP-LETT-505.xml,ba2e657b37c0a793b74c1e95108fc699c5b584b50a183db1a9863899ed5dfdb5
DCP-LETT-506,Darwin,C. R.,Whewell,William,1839-04-16,16 Apr [1839],"London, Upper Gower St, 12",,"Trinity College Library, Cambridge (Add c 88: 6)",,,DCP-LETT-506.xml,safe_within_period,from_darwin,1839-04-16,1839-04-16,single_xml_day,False,data/raw/epsilon/ab0d973bae05b54d68d82d068211015996cfec06/expansions/1837-1843/letters/DCP-LETT-506.xml,97cda72e026064e571d1ec8d43f099469dcc971efc7cbe6561530979ba372f0f
DCP-LETT-507,Darwin,C. R.,Société géologique de France,,1839-04-25,25 Apr 1839,Somerset House,,Bibliothèque municipale de Versailles (Autographe Darwin),,,DCP-LETT-507.xml,safe_within_period,from_darwin,1839-04-25,1839-04-25,single_xml_day,False,data/raw/epsilon/ab0d973bae05b54d68d82d068211015996cfec06/expansions/1837-1843/letters/DCP-LETT-507.xml,ce2dcf543079bf5ff5863a014391e0713ddb4d9eed9b511d2645d784a787c000
DCP-LETT-496F,Darwin,C. R.,Lonsdale,William,1839-04-27,[27 Apr 1839 or earlier],London,,"University Archives (dealers) (3 March 2021, lot 73)",,,DCP-LETT-496F.xml,safe_within_period,from_darwin,1839-04-27,1839-04-27,single_xml_day,False,data/raw/epsilon/ab0d973bae05b54d68d82d068211015996cfec06/expansions/1837-1843/letters/DCP-LETT-496F.xml,a278e531a81f3cd3840e063c5db033fbf759c54aafa12a152ae25da6b290fe04
DCP-LETT-507A,Rose,C. B.,Darwin,C. R.,1839-04-30,30 Apr 1839,Swaffham,,Geological Society of London (GSL/L/R/4/216),,,DCP-LETT-507A.xml,safe_within_period,to_darwin,1839-04-30,1839-04-30,single_xml_day,False,data/raw/epsilon/ab0d973bae05b54d68d82d068211015996cfec06/expansions/1837-1843/letters/DCP-LETT-507A.xml,7b55c094ea10db8cedf30410d46fabce8a56cf060a9d058b128c8db72c5bec00
DCP-LETT-509,Ford,R. S.,Darwin,C. R.,1839-05-06,6 May 1839,Swynnerton,,DAR 186: 44,,,DCP-LETT-509.xml,safe_within_period,to_darwin,1839-05-06,1839-05-06,single_xml_day,False,data/raw/epsilon/ab0d973bae05b54d68d82d068211015996cfec06/expansions/1837-1843/letters/DCP-LETT-509.xml,7e5a5afdc623a423669074df694b60fae7800140b29346443717e56d44da1f09
DCP-LETT-510,Embury,George,Darwin,C. R.,1839-05-10,[10 May 1839],unstated,,DAR 186: 51,,,DCP-LETT-510.xml,safe_within_period,to_darwin,1839-05-10,1839-05-10,single_xml_day,False,data/raw/epsilon/ab0d973bae05b54d68d82d068211015996cfec06/expansions/1837-1843/letters/DCP-LETT-510.xml,d224cdd4e9e23f084b1c408d428fe2f88d64df18614d2c3b97f1b922a1e158ec
DCP-LETT-511,Darwin,C. R.,American Philosophical Society.,,1839-05-23,23 May 1839,Somerset House,,American Philosophical Society (Mss.B.D25.16),,,DCP-LETT-511.xml,safe_within_period,from_darwin,1839-05-23,1839-05-23,single_xml_day,False,data/raw/epsilon/ab0d973bae05b54d68d82d068211015996cfec06/expansions/1837-1843/letters/DCP-LETT-511.xml,524ff1d96a54415a3092adc53328cd7333929a8d095029614fdcb0a5df0cd7b1
DCP-LETT-511A,Darwin,C. R.,Mantell,G. A.,1839-05-23,23 May 1839,Geological Society of London,,"Alexander Turnbull Library, National Library of New Zealand (Mantell papers, fMS-Papers-0083-465)",,,DCP-LETT-511A.xml,safe_within_period,from_darwin,1839-05-23,1839-05-23,single_xml_day,False,data/raw/epsilon/ab0d973bae05b54d68d82d068211015996cfec06/expansions/1837-1843/letters/DCP-LETT-511A.xml,ef4e197c753c2b1e9cacace884b9f28a318c570a470c9f6199a8024e0a413bb9
DCP-LETT-511F,Silliman,"Benjamin, Sr",Darwin,C. R.,1839-05-24,24 May 1839,Yale,,Geological Society of London (GSL/L/R/233),,,DCP-LETT-511F.xml,safe_within_period,to_darwin,1839-05-24,1839-05-24,single_xml_day,False,data/raw/epsilon/ab0d973bae05b54d68d82d068211015996cfec06/expansions/1837-1843/letters/DCP-LETT-511F.xml,cc0b6f23d33dbb20b5bee2095bb4817e7c97ddc2dd3213f92650424dd1f0edfa
DCP-LETT-512,Darwin,C. R.,Candolle,Alphonse de,1839-05-25,25 May [1839],"London, Upper Gower St, 12",,Archives de la famille de Candolle (private collection),,,DCP-LETT-512.xml,safe_within_period,from_darwin,1839-05-25,1839-05-25,single_xml_day,False,data/raw/epsilon/ab0d973bae05b54d68d82d068211015996cfec06/expansions/1837-1843/letters/DCP-LETT-512.xml,559efc0796d66b11023b273e7abdd04a2af3d1ffc2d15d16dac6b5e182810b6d
DCP-LETT-512A,Darwin,C. R.,Spearman,A. Y.,1839-05-27,27 May 1839,"London, Upper Gower St, 12",,The National Archives (TNA) (T1/4524 paper 25824),,,DCP-LETT-512A.xml,safe_within_period,from_darwin,1839-05-27,1839-05-27,single_xml_day,False,data/raw/epsilon/ab0d973bae05b54d68d82d068211015996cfec06/expansions/1837-1843/letters/DCP-LETT-512A.xml,eb0051d7e08f70bd87a9e47cf81b31a192ae53433778fcc9051698c09fbcddb8
DCP-LETT-513,Darwin,C. R.,Macleay,W. S.,1839-05-29,29 May 1839,"London, Upper Gower St, 12",,Linnean Society of London,,,DCP-LETT-513.xml,safe_within_period,from_darwin,1839-05-29,1839-05-29,single_xml_day,False,data/raw/epsilon/ab0d973bae05b54d68d82d068211015996cfec06/expansions/1837-1843/letters/DCP-LETT-513.xml,15ed5e2296466677ebeb8cb25ab037b2b984a21e4c0f995d6f56b5fb0921c244
DCP-LETT-514,Darwin,C. R.,Unidentified,,1839-05-29,29 May 1839,"London, Upper Gower St, 12",,"Mitchell Library, Sydney (MLMSS 2009/108: 6)",,,DCP-LETT-514.xml,safe_within_period,from_darwin,1839-05-29,1839-05-29,single_xml_day,False,data/raw/epsilon/ab0d973bae05b54d68d82d068211015996cfec06/expansions/1837-1843/letters/DCP-LETT-514.xml,615dfec634b1a82d040fb702416b1a5ca7efa5e7fcd9bcb4f1542744925b8234
DCP-LETT-515,Darwin,C. R.,Mitchell,T. L.,1839-05-31,31 May [1839],"London, Upper Gower St, 12",,"Mitchell Library, Sydney (A 295/1 pp.1–3)",,,DCP-LETT-515.xml,safe_within_period,from_darwin,1839-05-31,1839-05-31,single_xml_day,False,data/raw/epsilon/ab0d973bae05b54d68d82d068211015996cfec06/expansions/1837-1843/letters/DCP-LETT-515.xml,0e48301600fa3388fadddc2991c958c07ae71d53b37d7c9cb4dff0a52d343878
DCP-LETT-508,Darwin,C. R.,Gray,G. R.,1839-06-01,[June–Oct 1839],"London, Upper Gower St, 12",,The British Library (Egerton MS 2348: 235–6),,,DCP-LETT-508.xml,safe_within_period,from_darwin,1839-06-01,1839-10-31,bounded_range,True,data/raw/epsilon/ab0d973bae05b54d68d82d068211015996cfec06/expansions/1837-1843/letters/DCP-LETT-508.xml,03864a8c4e60a6d93cc5d942e96797ee00a5ed1ece703f316f0c7da7e0def1ac
DCP-LETT-516,FitzRoy,Robert,Darwin,C. R.,1839-06-02,[2 or 16] June 1839,"London, Chester St",,DAR 204: 144,,,DCP-LETT-516.xml,safe_within_period,to_darwin,1839-06-02,1839-06-16,alternative_dates,True,data/raw/epsilon/ab0d973bae05b54d68d82d068211015996cfec06/expansions/1837-1843/letters/DCP-LETT-516.xml,ee92c0333a090c6bfd73d9cc266e1f915dfd754f65dcdce8802837a08eb66589
DCP-LETT-517,Darwin,C. R.,"Smith, Elder & Co",,1839-06-06,6 June [1839],"London, Upper Gower St, 12",,Wellcome Collection,,,DCP-LETT-517.xml,safe_within_period,from_darwin,1839-06-06,1839-06-06,single_xml_day,False,data/raw/epsilon/ab0d973bae05b54d68d82d068211015996cfec06/expansions/1837-1843/letters/DCP-LETT-517.xml,262de2387010931818a72b4cdc0c1dbd927daf9d6e61476e0959946023cf7b04
DCP-LETT-518,Buckland,William,Darwin,C. R.,1839-06-07,7 June 1839,unstated,,DAR 204: 176,,,DCP-LETT-518.xml,safe_within_period,to_darwin,1839-06-07,1839-06-07,single_xml_day,False,data/raw/epsilon/ab0d973bae05b54d68d82d068211015996cfec06/expansions/1837-1843/letters/DCP-LETT-518.xml,4a47bc17bdfbccea0dccb24b980b65d12bc264a7ff08b596db5d82f725003531
DCP-LETT-519,Owen,Richard,Darwin,C. R.,1839-06-11,11 June 1839,College of Surgeons,,DAR 204: 183,,,DCP-LETT-519.xml,safe_within_period,to_darwin,1839-06-11,1839-06-11,single_xml_day,False,data/raw/epsilon/ab0d973bae05b54d68d82d068211015996cfec06/expansions/1837-1843/letters/DCP-LETT-519.xml,b602d7e08e53bb1b9c70808696f20ea9629a4ca7da1808568724d6d322a13d72
DCP-LETT-520,Fitton,W. H.,Darwin,C. R.,1839-06-13,13 June 1839,unstated,,DAR 204: 178,,,DCP-LETT-520.xml,safe_within_period,to_darwin,1839-06-13,1839-06-13,single_xml_day,False,data/raw/epsilon/ab0d973bae05b54d68d82d068211015996cfec06/expansions/1837-1843/letters/DCP-LETT-520.xml,982d230f5ac7e16dc95cd3abe0644ffb32e55d7b27e9f90d9dfcc25fa0e545c8
DCP-LETT-521,Lonsdale,William,Darwin,C. R.,1839-06-15,15 June 1839,unstated,,DAR 204: 182,,,DCP-LETT-521.xml,safe_within_period,to_darwin,1839-06-15,1839-06-15,single_xml_day,False,data/raw/epsilon/ab0d973bae05b54d68d82d068211015996cfec06/expansions/1837-1843/letters/DCP-LETT-521.xml,5b42238a6108b1be6402c6613dcdf3fa399e7e294183c036b0f38f5b6c0a2ce5
DCP-LETT-522,FitzRoy,Robert,Darwin,C. R.,1839-06-20,20 June [1839],"Bromham, Bedford",,DAR 204: 147,,,DCP-LETT-522.xml,safe_within_period,to_darwin,1839-06-20,1839-06-20,single_xml_day,False,data/raw/epsilon/ab0d973bae05b54d68d82d068211015996cfec06/expansions/1837-1843/letters/DCP-LETT-522.xml,2e63ca4b70ea9839c7b9fe3aaea77308682f5561ad9bda348fb911c73bb4589f
DCP-LETT-523,Darwin,C. R.,Herbert,William,1839-06-26,26 June 1839,"London, Upper Gower St, 12",,DAR 185: 65–6,,,DCP-LETT-523.xml,safe_within_period,from_darwin,1839-06-26,1839-06-26,single_xml_day,False,data/raw/epsilon/ab0d973bae05b54d68d82d068211015996cfec06/expansions/1837-1843/letters/DCP-LETT-523.xml,4fc563e75a75ae944d55ce3b98be8d3aeac71f4cf2514afff26d71487e5a26d4
DCP-LETT-524,Herbert,William,Darwin,C. R.,1839-06-27,[c. 27 June 1839],"London, Chester St, 16",,DAR 185: 67,,,DCP-LETT-524.xml,safe_within_period,to_darwin,1839-06-27,1839-06-27,single_xml_day,True,data/raw/epsilon/ab0d973bae05b54d68d82d068211015996cfec06/expansions/1837-1843/letters/DCP-LETT-524.xml,8083f659aa5c770393a921477fcd5e08ce58286c0f102fd2f897ab9a9b127f8f
DCP-LETT-524F,Darwin,C. R.,Green,Thomas,1839-06-30,[after 30 June 1839],"12 Upper Gower Street, London",,"Bonhams, New York (dealers) (21 September 2015)",,,DCP-LETT-524F.xml,ambiguous_period,from_darwin,1839-07-01,1882-12-31,bounded_range,True,data/raw/epsilon/ab0d973bae05b54d68d82d068211015996cfec06/expansions/1837-1843/letters/DCP-LETT-524F.xml,6998cdc87793753748a5f1a94cc7734b7c9495af996e5d7bbd6d1bfcf2a9de8e
DCP-LETT-525,De Salis,W. A. F.,Darwin,C. R.,1839-07-08,8 July 1839,Brighton,,Geological Society of London (GSL/L/R/4/225),,,DCP-LETT-525.xml,safe_within_period,to_darwin,1839-07-08,1839-07-08,single_xml_day,False,data/raw/epsilon/ab0d973bae05b54d68d82d068211015996cfec06/expansions/1837-1843/letters/DCP-LETT-525.xml,955a1e40a32b65e00e494632dec8cb262553b34772a2e31520bfbf033d7594fd
DCP-LETT-525A,Darwin,C. R.,Spearman,A. Y.,1839-07-13,13 July 1839,"London, Upper Gower St, 12",,The National Archives (TNA) (T1/4524 paper 25824),,,DCP-LETT-525A.xml,safe_within_period,from_darwin,1839-07-13,1839-07-13,single_xml_day,False,data/raw/epsilon/ab0d973bae05b54d68d82d068211015996cfec06/expansions/1837-1843/letters/DCP-LETT-525A.xml,b578967210dbffc5abc3a7b99358d1b01267263c27f162601b617e8fc2018934
DCP-LETT-526,Yarrell,William,Darwin,C. R.,1839-07-14,14 July 1839,"London, Ryder St, 6",,DAR 204: 185,,,DCP-LETT-526.xml,safe_within_period,to_darwin,1839-07-14,1839-07-14,single_xml_day,False,data/raw/epsilon/ab0d973bae05b54d68d82d068211015996cfec06/expansions/1837-1843/letters/DCP-LETT-526.xml,af765ca0ea25d9c98ffdb3fcc9ea157ce8d6eb31f85696ecd82d1d8bdab0272f
DCP-LETT-527,Darwin,C. R.,Jenyns,Leonard,1839-07-15,15 July [1839],"London, Upper Gower St, 12",,Bath Royal Literary and Scientific Institution,,,DCP-LETT-527.xml,safe_within_period,from_darwin,1839-07-15,1839-07-15,single_xml_day,False,data/raw/epsilon/ab0d973bae05b54d68d82d068211015996cfec06/expansions/1837-1843/letters/DCP-LETT-527.xml,7a17c0f96cd560fb4d0e7c2f3473a2e4a85bc8ee5815ec6e1713877bb43ee325
DCP-LETT-528,Malcolmson,J. G.,Darwin,C. R.,1839-07-24,24 July 1839,Forres,,DAR 39: 7–10,,,DCP-LETT-528.xml,safe_within_period,to_darwin,1839-07-24,1839-07-24,single_xml_day,False,data/raw/epsilon/ab0d973bae05b54d68d82d068211015996cfec06/expansions/1837-1843/letters/DCP-LETT-528.xml,70f4e0552bfe234a8da88443168e033a6011735c538c1954971617af0801e424
DCP-LETT-529,Elie de Beaumont,Léonce,Darwin,C. R.,1839-07-31,31 July 1839,Paris,,DAR 204: 177,,,DCP-LETT-529.xml,safe_within_period,to_darwin,1839-07-31,1839-07-31,single_xml_day,False,data/raw/epsilon/ab0d973bae05b54d68d82d068211015996cfec06/expansions/1837-1843/letters/DCP-LETT-529.xml,53924ff3bc46400d5fe9a05cf84a363c1868e6e0677e7a5af90bb8614377a046
DCP-LETT-530,Darwin,C. R.,Smyth,W. H.,1839-08-07,7 Aug [1839],"London, Upper Gower St, 12",,American Philosophical Society (Mss.B.D25.),,,DCP-LETT-530.xml,safe_within_period,from_darwin,1839-08-07,1839-08-07,single_xml_day,False,data/raw/epsilon/ab0d973bae05b54d68d82d068211015996cfec06/expansions/1837-1843/letters/DCP-LETT-530.xml,66f50c054c5b2e9e4c2af60d3a4474c7e001ea81ff5bd1e4a09bb68cf846426a
DCP-LETT-531,Darwin,C. R.,Shoberl,William,1839-08-16,16 Aug [1839],"London, Upper Gower St, 12",,American Philosophical Society (Mss.B.D25.),,,DCP-LETT-531.xml,safe_within_period,from_darwin,1839-08-16,1839-08-16,single_xml_day,False,data/raw/epsilon/ab0d973bae05b54d68d82d068211015996cfec06/expansions/1837-1843/letters/DCP-LETT-531.xml,1c5968bcaca563529df5079f0dc7e9ec9ab569da19aa6588b428a953efee32f3
DCP-LETT-532,Hartmann,C. F. A.,Darwin,C. R.,1839-08-23,23 Aug 1839,Braunschweig,,DAR 204: 179,,,DCP-LETT-532.xml,safe_within_period,to_darwin,1839-08-23,1839-08-23,single_xml_day,False,data/raw/epsilon/ab0d973bae05b54d68d82d068211015996cfec06/expansions/1837-1843/letters/DCP-LETT-532.xml,39bc4e9bd8480b4d67c4697cbf215d0d05aa28fa8625291a08f0dd0b6cd72de1
DCP-LETT-533,Malcolmson,J. G.,Darwin,C. R.,1839-08-31,31 Aug 1839,Forres,,DAR 39: 11,,,DCP-LETT-533.xml,safe_within_period,to_darwin,1839-08-31,1839-08-31,single_xml_day,False,data/raw/epsilon/ab0d973bae05b54d68d82d068211015996cfec06/expansions/1837-1843/letters/DCP-LETT-533.xml,774d405cfcd4a38b50d818af74a999236222d9163077aa146f35646e2551276f
DCP-LETT-534,Humboldt,Alexander von,Darwin,C. R.,1839-09-18,18 Sept 1839,"Sans Souci, Potsdam",,DAR 204: 180,,,DCP-LETT-534.xml,safe_within_period,to_darwin,1839-09-18,1839-09-18,single_xml_day,False,data/raw/epsilon/ab0d973bae05b54d68d82d068211015996cfec06/expansions/1837-1843/letters/DCP-LETT-534.xml,fc10f005eee89c7bd7eccbe4afcb14f05a010cdf2c78e2f660f4a6c726ad7555
DCP-LETT-474,Darwin,C. R.,Babbage,Charles,1839-10-01,[Oct 1839 – Aug 1842],"London, Upper Gower St, 12",,The British Library (Add MS 37191: 296),,,DCP-LETT-474.xml,safe_within_period,from_darwin,1839-10-01,1842-08-31,bounded_range,True,data/raw/epsilon/ab0d973bae05b54d68d82d068211015996cfec06/expansions/1837-1843/letters/DCP-LETT-474.xml,a9af80ae8f8fea2237a31cb6a422cb539e489355531ba6c0ac64d9372eba6cc2
DCP-LETT-535,Malcolmson,J. G.,Darwin,C. R.,1839-10-07,7 Oct 1839,Forres,,DAR 39: 12–14,,,DCP-LETT-535.xml,safe_within_period,to_darwin,1839-10-07,1839-10-07,single_xml_day,False,data/raw/epsilon/ab0d973bae05b54d68d82d068211015996cfec06/expansions/1837-1843/letters/DCP-LETT-535.xml,432731d9f6b8ce54b606e56a2bd2b55cee65039f7a9c1184331dc1e98c0d62b1
DCP-LETT-559,Malcolmson,J. G.,Darwin,C. R.,1839-10-07,[after 7 Oct 1839],unstated,,DAR 50: C24–5,,,DCP-LETT-559.xml,ambiguous_period,to_darwin,1839-10-08,1882-12-31,bounded_range,True,data/raw/epsilon/ab0d973bae05b54d68d82d068211015996cfec06/expansions/1837-1843/letters/DCP-LETT-559.xml,8ce9a37814014c45f1ef07d182b466e0b37fe0e7310b1c1404fbfd716159308b
DCP-LETT-536,Darwin,C. R.,Washington,John,1839-10-14,14 Oct [1839],"London, Upper Gower St, 12",,Royal Geographical Society,,,DCP-LETT-536.xml,safe_within_period,from_darwin,1839-10-14,1839-10-14,single_xml_day,False,data/raw/epsilon/ab0d973bae05b54d68d82d068211015996cfec06/expansions/1837-1843/letters/DCP-LETT-536.xml,37bda72b43c34b683a11920c6efb16a5f616598fe27e698be70d780b917a0ecd
DCP-LETT-537,Darwin,C. R.,Washington,John,1839-10-14,[14 Oct 1839],"London, Upper Gower St, 12",,Royal Geographical Society,,,DCP-LETT-537.xml,safe_within_period,from_darwin,1839-10-14,1839-10-14,single_xml_day,False,data/raw/epsilon/ab0d973bae05b54d68d82d068211015996cfec06/expansions/1837-1843/letters/DCP-LETT-537.xml,01d8342f71f74629708af3776e2de778ce633e408d6381e6cb726f28367e2d72
DCP-LETT-538,Darwin,C. R.,Jenyns,Leonard,1839-10-14,14 Oct [1839],"London, Upper Gower St, 12",,Bath Royal Literary and Scientific Institution,,,DCP-LETT-538.xml,safe_within_period,from_darwin,1839-10-14,1839-10-14,single_xml_day,False,data/raw/epsilon/ab0d973bae05b54d68d82d068211015996cfec06/expansions/1837-1843/letters/DCP-LETT-538.xml,c3fbee5ad0dac6e1504993015162fb185db6d70a8e869ac2d1891e4395857453
DCP-LETT-538A,Darwin,C. R.,Spearman,A. Y.,1839-10-14,14 Oct 1839,"London, Upper Gower St, 12",,The National Archives (TNA) (T1/4524 paper 25824),,,DCP-LETT-538A.xml,safe_within_period,from_darwin,1839-10-14,1839-10-14,single_xml_day,False,data/raw/epsilon/ab0d973bae05b54d68d82d068211015996cfec06/expansions/1837-1843/letters/DCP-LETT-538A.xml,3e3a476c49f315ab764b951fc3ac2f81713730c349cfe6fca758342bf12fc290
DCP-LETT-539,Darwin,C. R.,Jenyns,Leonard,1839-10-17,17 Oct [1839],"London, Upper Gower St, 12",,Bath Royal Literary and Scientific Institution,,,DCP-LETT-539.xml,safe_within_period,from_darwin,1839-10-17,1839-10-17,single_xml_day,False,data/raw/epsilon/ab0d973bae05b54d68d82d068211015996cfec06/expansions/1837-1843/letters/DCP-LETT-539.xml,5817894a5d918c84724bdce2c2acebac095ad426b14a1ea59636aaf16391b252
DCP-LETT-540,Darwin,C. R.,Jenyns,Leonard,1839-10-20,[20 or 27] Oct 1839,"London, Upper Gower St, 12",,Bath Royal Literary and Scientific Institution,,,DCP-LETT-540.xml,safe_within_period,from_darwin,1839-10-20,1839-10-27,alternative_dates,True,data/raw/epsilon/ab0d973bae05b54d68d82d068211015996cfec06/expansions/1837-1843/letters/DCP-LETT-540.xml,e93fb60cf52f8c642592b880e55bbe8b067dbabc9c7b430e5a47d93637b781ab
DCP-LETT-472,Darwin,S. E.,Darwin,C. R.,1839-10-24,[c. 24 Oct 1839],unstated,,DAR 261.11: 25 (on display at Down House in 1991),,,DCP-LETT-472.xml,safe_within_period,to_darwin,1839-10-24,1839-10-24,single_xml_day,True,data/raw/epsilon/ab0d973bae05b54d68d82d068211015996cfec06/expansions/1837-1843/letters/DCP-LETT-472.xml,99c7309f06c99f4dc3064c38ed7d103eac083211d86eefd1d23bdad46fca6c91
DCP-LETT-541,Darwin,C. R.,Fox,W. D.,1839-10-24,24 Oct [1839],"London, Upper Gower St, 12",,"Christ’s College Library, Cambridge (MS 53 Fox 58)",,,DCP-LETT-541.xml,safe_within_period,from_darwin,1839-10-24,1839-10-24,single_xml_day,False,data/raw/epsilon/ab0d973bae05b54d68d82d068211015996cfec06/expansions/1837-1843/letters/DCP-LETT-541.xml,420581923fef332a4c651b8d2d3f4a08b0dd32e1f3f72233860c498f3c38bfb0
DCP-LETT-542,Darwin,C. R.,Darwin,Caroline,1839-10-27,[27 Oct 1839],"London, Upper Gower St, 12",,DAR 154: 54,,,DCP-LETT-542.xml,safe_within_period,from_darwin,1839-10-27,1839-10-27,single_xml_day,False,data/raw/epsilon/ab0d973bae05b54d68d82d068211015996cfec06/expansions/1837-1843/letters/DCP-LETT-542.xml,d904b69cc2a1200295058062b735458e61b356634c080644c574f2b97ec60287
DCP-LETT-544,Darwin,C. R.,Washington,John,1839-11-01,1 Nov [1839],"London, Upper Gower St, 12",,Royal Geographical Society,,,DCP-LETT-544.xml,safe_within_period,from_darwin,1839-11-01,1839-11-01,single_xml_day,False,data/raw/epsilon/ab0d973bae05b54d68d82d068211015996cfec06/expansions/1837-1843/letters/DCP-LETT-544.xml,e71296d4771bf136e4bc019f80f72e2d59bda594f85c19a645777a399887e86b
DCP-LETT-545,Darwin,C. R.,Humboldt,Alexander von,1839-11-01,1 Nov 1839,"London, Upper Gower St, 12",,"Staatsbibliothek zu Berlin – Preußischer Kulturbesitz (Nachl. Alexander von Humboldt, gr. Kasten 4, Nr. 22, Bl. 1–2)",,,DCP-LETT-545.xml,safe_within_period,from_darwin,1839-11-01,1839-11-01,single_xml_day,False,data/raw/epsilon/ab0d973bae05b54d68d82d068211015996cfec06/expansions/1837-1843/letters/DCP-LETT-545.xml,99eca240bea7dda7be4dff95394e02db0ffbe5c986e580c2314bbb5781d7e860
DCP-LETT-543,Darwin,C. R.,Henslow,J. S.,1839-11-10,[10 Nov 1839],"London, Upper Gower St, 12",,"The Morgan Library and Museum, New York (Heineman Collection MA 7127)",,,DCP-LETT-543.xml,safe_within_period,from_darwin,1839-11-10,1839-11-10,single_xml_day,False,data/raw/epsilon/ab0d973bae05b54d68d82d068211015996cfec06/expansions/1837-1843/letters/DCP-LETT-543.xml,6fcbc770df5a24ac3334cc2d49ccaa13d12fe9c9a0568ec815130fba2225cdd2
DCP-LETT-546,Darwin,C. R.,Miller,W. H.,1839-11-22,22 [Nov 1839],"London, Upper Gower St, 12",,American Philosophical Society (Mss.B.D25.),,,DCP-LETT-546.xml,safe_within_period,from_darwin,1839-11-22,1839-11-22,single_xml_day,False,data/raw/epsilon/ab0d973bae05b54d68d82d068211015996cfec06/expansions/1837-1843/letters/DCP-LETT-546.xml,9e0d21c9bcb73ed8e7efd11ef6d277ba2a8b9095daa8018aaeb16ef81417d0c4
DCP-LETT-546A,Darwin,C. R.,Spearman,A. Y.,1839-11-27,27 Nov 1839,"London, Upper Gower St, 12",,The National Archives (TNA) (T1/4524 paper 25824),,,DCP-LETT-546A.xml,safe_within_period,from_darwin,1839-11-27,1839-11-27,single_xml_day,False,data/raw/epsilon/ab0d973bae05b54d68d82d068211015996cfec06/expansions/1837-1843/letters/DCP-LETT-546A.xml,63ab3b5f34e2bb4ee179e5888a2dbaeb2d9ea290dd996f89377039ddd9d7ae5a
DCP-LETT-547,Darwin,C. R.,Eyton,T. C.,1839-11-30,[30 Nov 1839],"London, Upper Gower St, 12",,American Philosophical Society (Mss.B.D25.17),,,DCP-LETT-547.xml,safe_within_period,from_darwin,1839-11-30,1839-11-30,single_xml_day,False,data/raw/epsilon/ab0d973bae05b54d68d82d068211015996cfec06/expansions/1837-1843/letters/DCP-LETT-547.xml,30e2f4a050d03aa5cd7cf445372f70c4d7275d2ae9a64e0fb5afb582436eaa17
DCP-LETT-548,Malcolmson,J. G.,Darwin,C. R.,1839-11-30,30 Nov 1839,Forres,,DAR 39: 15–17,,,DCP-LETT-548.xml,safe_within_period,to_darwin,1839-11-30,1839-11-30,single_xml_day,False,data/raw/epsilon/ab0d973bae05b54d68d82d068211015996cfec06/expansions/1837-1843/letters/DCP-LETT-548.xml,4b76f3adece13b02a10e282895cd32aebce44890972943b6dbc0e66f137e21c8
DCP-LETT-13803,Edwards,[–],Darwin,C. R.,1839-12-31,[before end of 1839?],unstated,,DAR 163: 4,,,DCP-LETT-13803.xml,safe_within_period,to_darwin,1839-01-01,1839-12-30,bounded_range,True,data/raw/epsilon/ab0d973bae05b54d68d82d068211015996cfec06/expansions/1837-1843/letters/DCP-LETT-13803.xml,57c2d0756b8909ae443bae82114c663c33943623d72d9425bbfb725fb9ee71e9
DCP-LETT-13770H,Darwin,C. R.,Leighton,W. A.,1840-01-01,[1840–77?],,,Estate of the late Mr D. Evans (private collection),,,DCP-LETT-13770H.xml,ambiguous_period,from_darwin,1840-01-01,1877-12-31,bounded_range,True,data/raw/epsilon/ab0d973bae05b54d68d82d068211015996cfec06/expansions/1837-1843/letters/DCP-LETT-13770H.xml,588e0cc0db7ca5eb0321ab8e9e19b4505d7853e14f7f15d8077ad4cc4d991c10
DCP-LETT-548A,Darwin,C. R.,Walton,William,1840-01-01,[1840–2],,,"Walton 1844, pp. 43–4; Walton, William 1844: 43–4",,,DCP-LETT-548A.xml,safe_within_period,from_darwin,1840-01-01,1842-12-31,bounded_range,True,data/raw/epsilon/ab0d973bae05b54d68d82d068211015996cfec06/expansions/1837-1843/letters/DCP-LETT-548A.xml,ec0383212409844eb99b894ae0823ab6fbb440752153574609730661b98814bc
DCP-LETT-548B,Darwin,C. R.,Walton,William,1840-01-01,[1840–2],,,"Walton 1844, pp. 50–1; Walton, William 1844: 50–1",,,DCP-LETT-548B.xml,safe_within_period,from_darwin,1840-01-01,1842-12-31,bounded_range,True,data/raw/epsilon/ab0d973bae05b54d68d82d068211015996cfec06/expansions/1837-1843/letters/DCP-LETT-548B.xml,3a3c0bc2a864b657f45f3787f7de66aea25673187170a9d2384b4163ee4ea201
DCP-LETT-548C,Darwin,C. R.,Gray,J. E.,1840-01-01,1 Jan [1840],"London, Upper Gower St, 12",,"Natural History Museum, Library and Archives (General Library, J. E. Gray Miscellaneous papers vol. 1: f.118)",,,DCP-LETT-548C.xml,safe_within_period,from_darwin,1840-01-01,1840-01-01,single_xml_day,False,data/raw/epsilon/ab0d973bae05b54d68d82d068211015996cfec06/expansions/1837-1843/letters/DCP-LETT-548C.xml,7bec5c91e2930f1e591c3657205410bf17bd829f74600e80b70fd062784d804c
DCP-LETT-1147,Malcolmson,J. G.,Darwin,C. R.,1840-01-02,2 Jan 1840,Forres,,"DAR 171: 31; Geological Society of London (Membership certificates, 1840)",,,DCP-LETT-1147.xml,safe_within_period,to_darwin,1840-01-02,1840-01-02,single_xml_day,False,data/raw/epsilon/ab0d973bae05b54d68d82d068211015996cfec06/expansions/1837-1843/letters/DCP-LETT-1147.xml,97e12376cf4ff9ba6945d0fa9bb78ee06c579e8311892765316904030fa13277
DCP-LETT-549,Darwin,C. R.,Eyton,T. C.,1840-01-06,[6 Jan 1840],"London, Upper Gower St, 12",,American Philosophical Society (Mss.B.D25.20),,,DCP-LETT-549.xml,safe_within_period,from_darwin,1840-01-06,1840-01-06,single_xml_day,False,data/raw/epsilon/ab0d973bae05b54d68d82d068211015996cfec06/expansions/1837-1843/letters/DCP-LETT-549.xml,999e0c524854866299eba309b8a67cb6d827cfb36223ed4305d58fc999e8e72b
DCP-LETT-550,Darwin,C. R.,Hall,Basil,1840-01-07,[7 Jan 1840],"London, Upper Gower St, 12",,American Philosophical Society (Mss.B.D25.),,,DCP-LETT-550.xml,safe_within_period,from_darwin,1840-01-07,1840-01-07,single_xml_day,False,data/raw/epsilon/ab0d973bae05b54d68d82d068211015996cfec06/expansions/1837-1843/letters/DCP-LETT-550.xml,978d8b1860bc848afffa49185fb9e6bcd671bb706fb448f2482ca9317997dd04
DCP-LETT-550A,Darwin,C. R.,Spearman,A. Y.,1840-01-16,16 Jan 1840,"London, Upper Gower St, 12",,The National Archives (TNA) (T1/4524 paper 25824),,,DCP-LETT-550A.xml,safe_within_period,from_darwin,1840-01-16,1840-01-16,single_xml_day,False,data/raw/epsilon/ab0d973bae05b54d68d82d068211015996cfec06/expansions/1837-1843/letters/DCP-LETT-550A.xml,5d2ebf620a4c2c6c00411c8685f3a39f6a3f67f62d6b78c0d4ad1e01414e8c12
DCP-LETT-551,Darwin,C. R.,Geological Society of London,,1840-01-22,22 Jan 1840,"London, Upper Gower St, 12",,Geological Society of London (GSL/COM/P/4/2/38),,,DCP-LETT-551.xml,safe_within_period,from_darwin,1840-01-22,1840-01-22,single_xml_day,False,data/raw/epsilon/ab0d973bae05b54d68d82d068211015996cfec06/expansions/1837-1843/letters/DCP-LETT-551.xml,1254c9acebd67308eea634b4aa943974f66013f6b82f1043535785fd50bf3569
DCP-LETT-552,Darwin,C. R.,Henslow,J. S.,1840-01-24,[24 Jan 1840],"London, Upper Gower St, 12",,DAR 93: A3–4,,,DCP-LETT-552.xml,safe_within_period,from_darwin,1840-01-24,1840-01-24,single_xml_day,False,data/raw/epsilon/ab0d973bae05b54d68d82d068211015996cfec06/expansions/1837-1843/letters/DCP-LETT-552.xml,65b05ee0a7fcdd5246749644eea220af4f3c2a1b3d583504619981803db0794e
DCP-LETT-553,Darwin,C. R.,"Smith, Elder & Co",,1840-02-06,[6 Feb 1840],"London, Upper Gower St, 12",,American Philosophical Society (Mss.B.D25.),,,DCP-LETT-553.xml,safe_within_period,from_darwin,1840-02-06,1840-02-06,single_xml_day,False,data/raw/epsilon/ab0d973bae05b54d68d82d068211015996cfec06/expansions/1837-1843/letters/DCP-LETT-553.xml,e138942975fbb0b71a7dc476f96da258241d944d2b830b06aec70e0669a91e25
DCP-LETT-554,Darwin,C. R.,Lyell,Charles,1840-02-19,[19 Feb 1840],"London, Upper Gower St, 12",,American Philosophical Society (Mss.B.D25.21),,,DCP-LETT-554.xml,safe_within_period,from_darwin,1840-02-19,1840-02-19,single_xml_day,False,data/raw/epsilon/ab0d973bae05b54d68d82d068211015996cfec06/expansions/1837-1843/letters/DCP-LETT-554.xml,e05ac00ab2feead5391dd6fb6c43271e64b473be53175a1129dbb92e7b86c1f4
DCP-LETT-555,Darwin,C. R.,FitzRoy,Robert,1840-02-20,[20 Feb 1840],"London, Upper Gower St, 12",,DAR 144: 117,,,DCP-LETT-555.xml,safe_within_period,from_darwin,1840-02-20,1840-02-20,single_xml_day,False,data/raw/epsilon/ab0d973bae05b54d68d82d068211015996cfec06/expansions/1837-1843/letters/DCP-LETT-555.xml,fe5cb11902acde54a613f5f192eb113da5c0f3d7c5ef0ffcc886214a1f803419
DCP-LETT-560,Darwin,C. R.,Milne Home,David,1840-02-20,20 [Feb 1840],"London, Upper Gower St, 12",,"University of Illinois at Urbana-Champaign, Rare Book and Manuscript Library (Charles E. Mudie Collection, 1816–1897: Correspondence Post-1650 MS 0112)",,,DCP-LETT-560.xml,safe_within_period,from_darwin,1840-02-20,1840-02-20,single_xml_day,False,data/raw/epsilon/ab0d973bae05b54d68d82d068211015996cfec06/expansions/1837-1843/letters/DCP-LETT-560.xml,da9f175151601dc8a7f934cb9e592ecf6419673d7507548652afc27320968d55
DCP-LETT-556,Darwin,C. R.,Redfield,W. C.,1840-02-24,24 Feb [1840],"London, Upper Gower St, 12",,Yale University: Beinecke Rare Book and Manuscript Library (Letters to William C. Redfield vol. 2 Scientific 1831-41 (z117 00151 2) pp. 335–8),,,DCP-LETT-556.xml,safe_within_period,from_darwin,1840-02-24,1840-02-24,single_xml_day,False,data/raw/epsilon/ab0d973bae05b54d68d82d068211015996cfec06/expansions/1837-1843/letters/DCP-LETT-556.xml,a96200f624c05f761c12203988b8aefb5ce08be735784f2805f1952f12dc3967
DCP-LETT-557,Darwin,C. R.,Owen,Richard,1840-02-24,24 [Feb 1840],"London, Upper Gower St, 12",,The Royal College of Surgeons of England (MS0025/1/5/11),,,DCP-LETT-557.xml,safe_within_period,from_darwin,1840-02-24,1840-02-24,single_xml_day,False,data/raw/epsilon/ab0d973bae05b54d68d82d068211015996cfec06/expansions/1837-1843/letters/DCP-LETT-557.xml,8fb53778740bb4219a2cfe3991c96b3dbcab3f44e46c9ce28e80dbbd837ac1b0
DCP-LETT-557F,Darwin,C. R.,Silliman,"Benjamin, Sr",1840-02-26,26 Feb 1840,,,Gallery of History (dealers) (4 December 1996),,,DCP-LETT-557F.xml,safe_within_period,from_darwin,1840-02-26,1840-02-26,single_xml_day,False,data/raw/epsilon/ab0d973bae05b54d68d82d068211015996cfec06/expansions/1837-1843/letters/DCP-LETT-557F.xml,f7351a8d91c47bc5ce207a07f87c52e4f70912baf2c9cb82f6a3837d8bd096c9
DCP-LETT-558,Darwin,C. R.,Jenyns,Leonard,1840-02-27,[27 Feb 1840],"London, Upper Gower St, 12",,Bath Royal Literary and Scientific Institution,,,DCP-LETT-558.xml,safe_within_period,from_darwin,1840-02-27,1840-02-27,single_xml_day,False,data/raw/epsilon/ab0d973bae05b54d68d82d068211015996cfec06/expansions/1837-1843/letters/DCP-LETT-558.xml,2200a7524bdd83b7bd1f4111877afedd6d8345b5853786f4cf9021ff2c5fcb87
DCP-LETT-559F,Darwin,C. R.,Owen,Richard,1840-03-01,[Mar? 1840],"London, Upper Gower St, 12",,"Christie’s, New York (dealers) (29 October 1993)",,,DCP-LETT-559F.xml,safe_within_period,from_darwin,1840-03-01,1840-03-31,bounded_range,True,data/raw/epsilon/ab0d973bae05b54d68d82d068211015996cfec06/expansions/1837-1843/letters/DCP-LETT-559F.xml,f60bd264a5c5a3e382d247d5d9a81cd9bf4f5d9ad8c4432d974a3b2e800bfdff
DCP-LETT-558F,Darwin,C. R.,Hall,Basil,1840-03-15,15 Mar 1840,"12 Upper Gower Street, London",,"Musée royal de Mariemont, Belgium (Aut. 1061/1)",,,DCP-LETT-558F.xml,safe_within_period,from_darwin,1840-03-15,1840-03-15,single_xml_day,False,data/raw/epsilon/ab0d973bae05b54d68d82d068211015996cfec06/expansions/1837-1843/letters/DCP-LETT-558F.xml,704061457cbf81bfe17f42ff52fb6f2a99e9531763165b8c47ccabad1836b225
DCP-LETT-561,Darwin,C. R.,Geological Society of London,,1840-03-24,24 Mar 1840,"London, Upper Gower St, 12",,Geological Society of London (GSL/L/R/5/8 ),,,DCP-LETT-561.xml,safe_within_period,from_darwin,1840-03-24,1840-03-24,single_xml_day,False,data/raw/epsilon/ab0d973bae05b54d68d82d068211015996cfec06/expansions/1837-1843/letters/DCP-LETT-561.xml,2a245dce0b8441051c8b65da463b72e41148ed2aa8e42a9795b684027f40b73a
DCP-LETT-562,Darwin,C. R.,Geological Society of London,,1840-03-28,28 Mar [1840],"London, Upper Gower St, 12",,Geological Society of London (GSL/L/R/5/56),,,DCP-LETT-562.xml,safe_within_period,from_darwin,1840-03-28,1840-03-28,single_xml_day,False,data/raw/epsilon/ab0d973bae05b54d68d82d068211015996cfec06/expansions/1837-1843/letters/DCP-LETT-562.xml,f5573ed23d2770938e70ea949b11d8dd166292741f76fab9253039704a8c0352
DCP-LETT-562F,Milne Home,David,Darwin,C. R.,1840-03-28,28 Mar 1840,"Edinburgh, York Place, 10",,"Milne Home 1891, pp. 69–72; Milne Home 1891, pp. 69–72",,,DCP-LETT-562F.xml,safe_within_period,to_darwin,1840-03-28,1840-03-28,single_xml_day,False,data/raw/epsilon/ab0d973bae05b54d68d82d068211015996cfec06/expansions/1837-1843/letters/DCP-LETT-562F.xml,82d3688dd0aeea347d73e322bb5b78acc1a386ab1a2afff245b8bf72db29dec9
DCP-LETT-563,Darwin,C. R.,Jenyns,Leonard,1840-04-05,5 Apr [1840],Shrewsbury,,Bath Royal Literary and Scientific Institution,,,DCP-LETT-563.xml,safe_within_period,from_darwin,1840-04-05,1840-04-05,single_xml_day,False,data/raw/epsilon/ab0d973bae05b54d68d82d068211015996cfec06/expansions/1837-1843/letters/DCP-LETT-563.xml,58c33119d229c2180c09da15e6888af472a7ed1bc67d34c6351660a0c7e7e916
DCP-LETT-564,Darwin,C. R.,Wedgwood,Emma,1840-04-05,[5 Apr 1840],Shrewsbury,,DAR 210.8: 5,,,DCP-LETT-564.xml,safe_within_period,from_darwin,1840-04-05,1840-04-05,single_xml_day,False,data/raw/epsilon/ab0d973bae05b54d68d82d068211015996cfec06/expansions/1837-1843/letters/DCP-LETT-564.xml,bca71932fc8944cf35d4774fbf30d1e25be956d9963afe8acdb3b0e0f9c23cef
DCP-LETT-565,Silliman,"Benjamin, Sr",Darwin,C. R.,1840-04-07,7 Apr 1840,Yale College,,DAR 204: 184,,,DCP-LETT-565.xml,safe_within_period,to_darwin,1840-04-07,1840-04-07,single_xml_day,False,data/raw/epsilon/ab0d973bae05b54d68d82d068211015996cfec06/expansions/1837-1843/letters/DCP-LETT-565.xml,c66235694620156f8c385a6776981fc1ff7d91a55af083f4600175ff97eb676d
DCP-LETT-565G,Darwin,C. R.,Walker,Thomas,1840-05-05,5 May [1840],,,Jim Somerville (private collection),,,DCP-LETT-565G.xml,safe_within_period,from_darwin,1840-05-05,1840-05-05,single_xml_day,False,data/raw/epsilon/ab0d973bae05b54d68d82d068211015996cfec06/expansions/1837-1843/letters/DCP-LETT-565G.xml,96e1cf9f00b930259a499f8e553dfeffbaaf42d9013cd8420484df2b5fb47b27
DCP-LETT-565H,Redfield,W. C.,Darwin,C. R.,1840-05-06,6 May 1840,New York,,"Yale University: Beinecke Rare Book and Manuscript Library (William C. Redfield’s outbound letter book 1835–41 (z117 00151 2), pp. 179–80)",,,DCP-LETT-565H.xml,safe_within_period,to_darwin,1840-05-06,1840-05-06,single_xml_day,False,data/raw/epsilon/ab0d973bae05b54d68d82d068211015996cfec06/expansions/1837-1843/letters/DCP-LETT-565H.xml,0352923a07206bfb139e93cac2a5a08a3fe1d30dcbe92f3cab386d5996a5e141
DCP-LETT-565F,Darwin,C. R.,Kemp,William,1840-05-11,1[1] May [1840],"12 Upper Gower St, London",,Cambridge University Library (MS Add. 10252/2) (gift of Ruth Cramond and David Cramond),,,DCP-LETT-565F.xml,safe_within_period,from_darwin,1840-05-11,1840-05-11,single_xml_day,False,data/raw/epsilon/ab0d973bae05b54d68d82d068211015996cfec06/expansions/1837-1843/letters/DCP-LETT-565F.xml,c4fff428f6a1ec0b779446f9c3c715bb377f14e60b75d800293097ba15f8ec0d
DCP-LETT-566,Sulivan,B. J.,Darwin,C. R.,1840-05-12,12 May 1840,Totnes,,DAR 177: 274,,,DCP-LETT-566.xml,safe_within_period,to_darwin,1840-05-12,1840-05-12,single_xml_day,False,data/raw/epsilon/ab0d973bae05b54d68d82d068211015996cfec06/expansions/1837-1843/letters/DCP-LETT-566.xml,3ad12bebee2bae45716094cf2db8f8b753c89815471b5d9368128cdad15bf982
DCP-LETT-567,Darwin,C. R.,Royal Society of Arts,,1840-05-13,13 May [1840-2],"London, Upper Gower St, 12",,Royal Society of Arts (RSA/PR/MC/104/10/28),,,DCP-LETT-567.xml,safe_within_period,from_darwin,1840-05-13,1842-05-13,alternative_dates,True,data/raw/epsilon/ab0d973bae05b54d68d82d068211015996cfec06/expansions/1837-1843/letters/DCP-LETT-567.xml,f97088c4c6c7d2c2ee2d3fda46c334e0e059f0cfb38c7f95031ff9cc58bf6719
DCP-LETT-568,Darwin,C. R.,Washington,John,1840-05-16,16 May 1840,"London, Upper Gower St, 12",,Royal Geographical Society,,,DCP-LETT-568.xml,safe_within_period,from_darwin,1840-05-16,1840-05-16,single_xml_day,False,data/raw/epsilon/ab0d973bae05b54d68d82d068211015996cfec06/expansions/1837-1843/letters/DCP-LETT-568.xml,a7d6b0cd5b3640c52ce7d49388ca597b7856e46b8bced44cb7e91c6f1526c6d2
DCP-LETT-568A,Darwin,C. R.,Spearman,A. Y.,1840-05-20,20 May 1840,"London, Upper Gower St, 12",,The National Archives (TNA) (T1/4524 paper 25824),,,DCP-LETT-568A.xml,safe_within_period,from_darwin,1840-05-20,1840-05-20,single_xml_day,False,data/raw/epsilon/ab0d973bae05b54d68d82d068211015996cfec06/expansions/1837-1843/letters/DCP-LETT-568A.xml,408488838a85e9f33958a2b868b671b284fb94f8693361baedacfb931f92937e
DCP-LETT-570,Darwin,C. R.,Babbage,Charles,1840-05-26,26 May [1840],"London, Upper Gower St, 12",,The British Library (Add MS 37191: 294–5),,,DCP-LETT-570.xml,safe_within_period,from_darwin,1840-05-26,1840-05-26,single_xml_day,False,data/raw/epsilon/ab0d973bae05b54d68d82d068211015996cfec06/expansions/1837-1843/letters/DCP-LETT-570.xml,8a6945edfb316d7d9ebd2b4f7f142663e286f90c998d67dd6fc63ed1de37f013
DCP-LETT-570F,Darwin,C. R.,Unidentified,,1840-06-02,[2 June? 1840],,,The British Library (Charnwood Autographs Vol. IV Add MS 70951: 315),,,DCP-LETT-570F.xml,safe_within_period,from_darwin,1840-06-02,1840-06-02,single_xml_day,True,data/raw/epsilon/ab0d973bae05b54d68d82d068211015996cfec06/expansions/1837-1843/letters/DCP-LETT-570F.xml,944fe4c1b7ee8e0561dc3450134c7b7e5d30fbaf37e8f6d77eea41af181c8b23
DCP-LETT-571,Darwin,C. R.,Herbert,J. M.,1840-06-05,[after 5 June 1840],Maer,,American Philosophical Society (Mss.B.D25.19),,,DCP-LETT-571.xml,ambiguous_period,from_darwin,1840-06-06,1882-12-31,bounded_range,True,data/raw/epsilon/ab0d973bae05b54d68d82d068211015996cfec06/expansions/1837-1843/letters/DCP-LETT-571.xml,bdc853ac5d431ec9d12d1c42370c845d0e49cedc35bfc6997c1cd6a2064e61fe
DCP-LETT-572,Darwin,C. R.,Fox,W. D.,1840-06-07,[7 June 1840],Maer,,"Christ’s College Library, Cambridge (MS 53 Fox 60)",,,DCP-LETT-572.xml,safe_within_period,from_darwin,1840-06-07,1840-06-07,single_xml_day,False,data/raw/epsilon/ab0d973bae05b54d68d82d068211015996cfec06/expansions/1837-1843/letters/DCP-LETT-572.xml,e25745c7e5f67667464e69561342aaed9cbf10b961daaef76a773ab6395e6dff
DCP-LETT-573,Darwin,C. R.,Henslow,J. S.,1840-07-03,3 July [1840],Shrewsbury,,DAR 93: A5–6,,,DCP-LETT-573.xml,safe_within_period,from_darwin,1840-07-03,1840-07-03,single_xml_day,False,data/raw/epsilon/ab0d973bae05b54d68d82d068211015996cfec06/expansions/1837-1843/letters/DCP-LETT-573.xml,65fba12a72c146e2c7200afdb3f2f5d2d1065ac4a58b557d0c0ed3dbb74e2f5a
DCP-LETT-575,Darwin,S. E.,Darwin,C. R.,1840-07-22,[22 July 1840],Shrewsbury,,DAR 261.11: 24 (EH 88206076),,,DCP-LETT-575.xml,safe_within_period,to_darwin,1840-07-22,1840-07-22,single_xml_day,False,data/raw/epsilon/ab0d973bae05b54d68d82d068211015996cfec06/expansions/1837-1843/letters/DCP-LETT-575.xml,73a5b6d9beeacd692beac116b52f2496dd6f5a566fb26266f81ddb91557a7d61
DCP-LETT-576,Darwin,C. R.,Smith,G. N.,1840-08-15,[c. 15 Aug 1840],Maer,,Tenby Museum,,,DCP-LETT-576.xml,safe_within_period,from_darwin,1840-08-15,1840-08-15,single_xml_day,True,data/raw/epsilon/ab0d973bae05b54d68d82d068211015996cfec06/expansions/1837-1843/letters/DCP-LETT-576.xml,4398fd4e7904e968021889104c9edc82cdede7c643be7f61a965b74c6d134af7
DCP-LETT-578,Darwin,C. R.,Phillips,John,1840-11-01,[Nov 1840],Maer,,American Philosophical Society (Mss.B.D25.22),,,DCP-LETT-578.xml,safe_within_period,from_darwin,1840-11-01,1840-11-30,bounded_range,True,data/raw/epsilon/ab0d973bae05b54d68d82d068211015996cfec06/expansions/1837-1843/letters/DCP-LETT-578.xml,c82355734d90ebe72a338f66254b6d369d672d125041cdd6e597f5eaa16a32c6
DCP-LETT-641A,Darwin,C. R.,Buckland,William,1840-11-01,[Nov 1840 – 17 Feb 1841],"London, Upper Gower St, 12",,"Oxford University Museum of Natural History (Buckland papers, Glaciation /4 (iv))",,,DCP-LETT-641A.xml,safe_within_period,from_darwin,1840-11-01,1841-02-17,bounded_range,True,data/raw/epsilon/ab0d973bae05b54d68d82d068211015996cfec06/expansions/1837-1843/letters/DCP-LETT-641A.xml,39ec0d7e3d8f56ddb4e666b1a7719c4371acf95f5de8c8a973ef88db3a2bcfc7
DCP-LETT-579,Henslow,J. S.,Darwin,C. R.,1840-11-02,2 Nov 1840,Hitcham,,DAR 205.2: 236,,,DCP-LETT-579.xml,safe_within_period,to_darwin,1840-11-02,1840-11-02,single_xml_day,False,data/raw/epsilon/ab0d973bae05b54d68d82d068211015996cfec06/expansions/1837-1843/letters/DCP-LETT-579.xml,f18aeee321a66354bff05cf88808497c08e7b66bc46d25390e8ff87e4979ac22
DCP-LETT-580,Darwin,C. R.,Geological Society of London,,1840-11-18,18 Nov [1840],"London, Upper Gower St, 12",,Geological Society of London (GSL/COM/P/4/2/35),,,DCP-LETT-580.xml,safe_within_period,from_darwin,1840-11-18,1840-11-18,single_xml_day,False,data/raw/epsilon/ab0d973bae05b54d68d82d068211015996cfec06/expansions/1837-1843/letters/DCP-LETT-580.xml,e7600ebb374a97693915f2b7ecca3f546336ad600e621a9cd0c1242fdbd80f9a
DCP-LETT-580F,Darwin,C. R.,Smith,G. N.,1840-11-20,20 Nov [1840],12 Upper Gower St,,Angus Carroll (private collection),,,DCP-LETT-580F.xml,safe_within_period,from_darwin,1840-11-20,1840-11-20,single_xml_day,False,data/raw/epsilon/ab0d973bae05b54d68d82d068211015996cfec06/expansions/1837-1843/letters/DCP-LETT-580F.xml,b44be24cba90a7ca42a9e5c9835537f27cc645a5672dbc1eb0c57c4a8853316f
DCP-LETT-581,Darwin,C. R.,Gray,G. R.,1840-11-20,[20 Nov – 11 Dec 1840],"London, Upper Gower St, 12",,The British Library (Egerton MS 2348: 237–8),,,DCP-LETT-581.xml,safe_within_period,from_darwin,1840-11-20,1840-12-11,bounded_range,True,data/raw/epsilon/ab0d973bae05b54d68d82d068211015996cfec06/expansions/1837-1843/letters/DCP-LETT-581.xml,576b950c9b8cd078f64408201fcabbc65e5941edfc961f5c6db91991d3caa6d4
DCP-LETT-582,Henslow,J. S.,Darwin,C. R.,1840-11-21,21 Nov 1840,Hitcham,,DAR 109: A86,,,DCP-LETT-582.xml,safe_within_period,to_darwin,1840-11-21,1840-11-21,single_xml_day,False,data/raw/epsilon/ab0d973bae05b54d68d82d068211015996cfec06/expansions/1837-1843/letters/DCP-LETT-582.xml,d5e5e11f2ed1daf69a2df2e26b23de6b3b1d25a3b60d4fc9d4f26bf543aeefa6
DCP-LETT-582A,Darwin,C. R.,Spearman,A. Y.,1840-11-22,22 Nov 1840,"London, Upper Gower St, 12",,The National Archives (TNA) (T1/4524 paper 25824),,,DCP-LETT-582A.xml,safe_within_period,from_darwin,1840-11-22,1840-11-22,single_xml_day,False,data/raw/epsilon/ab0d973bae05b54d68d82d068211015996cfec06/expansions/1837-1843/letters/DCP-LETT-582A.xml,dd51ff2cbf62f938f359575b0e28092efd5f86abc2b9cf6778ad62bfe2960133
DCP-LETT-583,Darwin,C. R.,Berkeley,M. J.,1840-11-26,[26 Nov 1840],"London, Upper Gower St, 12",,Shropshire Archives (SA 6001/134/39),,,DCP-LETT-583.xml,safe_within_period,from_darwin,1840-11-26,1840-11-26,single_xml_day,False,data/raw/epsilon/ab0d973bae05b54d68d82d068211015996cfec06/expansions/1837-1843/letters/DCP-LETT-583.xml,a95badfaecd14651ccc45ff6ba8ece91f21c2d324c98fc29c7803ccfb4c27ebd
DCP-LETT-578F,Darwin,C. R.,Gould,John,1840-12-01,[after 1 Dec 1840],12 Upper Gower St,,Profiles in History (dealers) (12 December 2012),,,DCP-LETT-578F.xml,ambiguous_period,from_darwin,1840-12-02,1882-12-31,bounded_range,True,data/raw/epsilon/ab0d973bae05b54d68d82d068211015996cfec06/expansions/1837-1843/letters/DCP-LETT-578F.xml,d021fa426e70e2bfbb5724b225342051b68c92d3213fbc4ff978e9e0cc14ad45
DCP-LETT-584,Darwin,C. R.,Leighton,W. A.,1840-12-01,1 Dec 1840,"London, Upper Gower St, 12",,Shropshire Archives (SA 6001/133/57),,,DCP-LETT-584.xml,safe_within_period,from_darwin,1840-12-01,1840-12-01,single_xml_day,False,data/raw/epsilon/ab0d973bae05b54d68d82d068211015996cfec06/expansions/1837-1843/letters/DCP-LETT-584.xml,a2c8286dcdeed3eb56e9eb77b829e330239191df484992aec6d9b51798901c51
DCP-LETT-585,Darwin,C. R.,Redfield,W. C.,1840-12-22,[22 Dec 1840],Athenaeum Club,,Yale University: Beinecke Rare Book and Manuscript Library (Letters to William C. Redfield vol. 2 Scientific 1831-41(z117 00151 2) pp. 335–8),,,DCP-LETT-585.xml,safe_within_period,from_darwin,1840-12-22,1840-12-22,single_xml_day,False,data/raw/epsilon/ab0d973bae05b54d68d82d068211015996cfec06/expansions/1837-1843/letters/DCP-LETT-585.xml,d154a9164517314ac43f667891c3551960f09992c35596bc46e926408d97547a
DCP-LETT-586,Darwin,C. R.,Fox,W. D.,1841-01-25,[25 Jan 1841],"London, Upper Gower St, 12",,"Christ’s College Library, Cambridge (MS 53 Fox 59)",,,DCP-LETT-586.xml,safe_within_period,from_darwin,1841-01-25,1841-01-25,single_xml_day,False,data/raw/epsilon/ab0d973bae05b54d68d82d068211015996cfec06/expansions/1837-1843/letters/DCP-LETT-586.xml,047743f897bc42cb259d536f342409acca85c7843ff37c4eac09782dc19e6c4d
DCP-LETT-587,Darwin,C. R.,Gray,G. R.,1841-02-01,[Feb 1841],"London, Upper Gower St, 12",,The British Library (Egerton MS 2348: 239),,,DCP-LETT-587.xml,safe_within_period,from_darwin,1841-02-01,1841-02-28,bounded_range,True,data/raw/epsilon/ab0d973bae05b54d68d82d068211015996cfec06/expansions/1837-1843/letters/DCP-LETT-587.xml,612e45cddc2cdfbe4028705dd2284bcdf168dc031140c8c097fd6adbb5a07627
DCP-LETT-589,Darwin,C. R.,Gray,G. R.,1841-02-01,[Feb–Mar 1841],"London, Upper Gower St, 12",,The British Library (Egerton MS 2348: 240),,,DCP-LETT-589.xml,safe_within_period,from_darwin,1841-02-01,1841-03-31,bounded_range,True,data/raw/epsilon/ab0d973bae05b54d68d82d068211015996cfec06/expansions/1837-1843/letters/DCP-LETT-589.xml,17a0f4c6d9d05cf141d601fec26a4d1b4492c83c21964299030de40b34ea2607
DCP-LETT-587F,Bearpark,G. E.,Darwin,C. R.,1841-02-12,12 Feb 1841,Leeds,,Geological Society of London (GSL/L/R/6/126),,,DCP-LETT-587F.xml,safe_within_period,to_darwin,1841-02-12,1841-02-12,single_xml_day,False,data/raw/epsilon/ab0d973bae05b54d68d82d068211015996cfec06/expansions/1837-1843/letters/DCP-LETT-587F.xml,9cce67733b052ec2170bfb00bf73dd3b8d7784e3428c150183deaf3ea117ddbb
DCP-LETT-590,Darwin,C. R.,Lyell,Charles,1841-02-21,[21 Feb – 4 Apr 1841],"London, Upper Gower St, 12",,American Philosophical Society (Mss.B.D25.26),,,DCP-LETT-590.xml,safe_within_period,from_darwin,1841-02-21,1841-04-04,bounded_range,True,data/raw/epsilon/ab0d973bae05b54d68d82d068211015996cfec06/expansions/1837-1843/letters/DCP-LETT-590.xml,55c8c820d069f378981e845902006fb1e9ed31e3a29f4c471fe915e3298e2400
DCP-LETT-591,Darwin,C. R.,Berkeley,M. J.,1841-03-01,[Mar 1841],"London, Upper Gower St, 12",,Shropshire Archives (SA 6001/134/47),,,DCP-LETT-591.xml,safe_within_period,from_darwin,1841-03-01,1841-03-31,bounded_range,True,data/raw/epsilon/ab0d973bae05b54d68d82d068211015996cfec06/expansions/1837-1843/letters/DCP-LETT-591.xml,43982752ad4e154fd0aa9754d259fcc18368193d569f9805786a3ce9ea778b24
DCP-LETT-592,Darwin,C. R.,Lyell,Charles,1841-03-01,[Mar 1841],"London, Upper Gower St, 12",,American Philosophical Society (Mss.B.D25.27),,,DCP-LETT-592.xml,safe_within_period,from_darwin,1841-03-01,1841-03-31,bounded_range,True,data/raw/epsilon/ab0d973bae05b54d68d82d068211015996cfec06/expansions/1837-1843/letters/DCP-LETT-592.xml,f8f1010388ad3b34a24b3824a72ad5146a482c9ddcc4798978b384d64b3be53f
DCP-LETT-593,Darwin,C. R.,Agassiz,Louis,1841-03-01,1 Mar [1841],"London, Upper Gower St, 12",,"Houghton Library, Harvard University (MS Am 1419: 280)",,,DCP-LETT-593.xml,safe_within_period,from_darwin,1841-03-01,1841-03-01,single_xml_day,False,data/raw/epsilon/ab0d973bae05b54d68d82d068211015996cfec06/expansions/1837-1843/letters/DCP-LETT-593.xml,9a88797096b456900939d2d44765bcaeea4a31e4a78a3d362d283d891edf085b
DCP-LETT-594,Darwin,C. R.,Lyell,Charles,1841-03-09,[9 Mar 1841],"London, Upper Gower St, 12",,American Philosophical Society (Mss.B.D25.23),,,DCP-LETT-594.xml,safe_within_period,from_darwin,1841-03-09,1841-03-09,single_xml_day,False,data/raw/epsilon/ab0d973bae05b54d68d82d068211015996cfec06/expansions/1837-1843/letters/DCP-LETT-594.xml,78341dd5aecc3fda6644518fcc919b2414e10e3e1e736a2089a3af63dcbd04cc
DCP-LETT-595,Darwin,C. R.,Lyell,Charles,1841-03-12,[12 Mar 1841],"London, Upper Gower St, 12",,American Philosophical Society (Mss.B.D25.25),,,DCP-LETT-595.xml,safe_within_period,from_darwin,1841-03-12,1841-03-12,single_xml_day,False,data/raw/epsilon/ab0d973bae05b54d68d82d068211015996cfec06/expansions/1837-1843/letters/DCP-LETT-595.xml,2e08112ff3bcb9fc24786df23dc423723d91992519ed82c378539a997280af1d
DCP-LETT-595A,Darwin,C. R.,Spearman,A. Y.,1841-03-27,27 Mar 1841,"London, Upper Gower St, 12",,The National Archives (TNA) (T1/4585 paper 10688),,,DCP-LETT-595A.xml,safe_within_period,from_darwin,1841-03-27,1841-03-27,single_xml_day,False,data/raw/epsilon/ab0d973bae05b54d68d82d068211015996cfec06/expansions/1837-1843/letters/DCP-LETT-595A.xml,e2600976614002f33b6fd6c103b09c7aff378a4c2c015417943dc0e03ec3d67d
DCP-LETT-596,Jenyns,Leonard,Darwin,C. R.,1841-03-30,[c. 30 Mar 1841],unstated,,DAR 205.3: 279,,,DCP-LETT-596.xml,safe_within_period,to_darwin,1841-03-30,1841-03-30,single_xml_day,True,data/raw/epsilon/ab0d973bae05b54d68d82d068211015996cfec06/expansions/1837-1843/letters/DCP-LETT-596.xml,2f2346315b9c8fac6b42fdf8fe9a32291ec4cd4b7bcd85e920b3e0566585844f
DCP-LETT-597,Darwin,C. R.,Lonsdale,William,1841-04-14,14 Apr [1841],"London, Upper Gower St, 12",,Geological Society of London (GSL/L/R/6/299),,,DCP-LETT-597.xml,safe_within_period,from_darwin,1841-04-14,1841-04-14,single_xml_day,False,data/raw/epsilon/ab0d973bae05b54d68d82d068211015996cfec06/expansions/1837-1843/letters/DCP-LETT-597.xml,7dfb9c69d8fd10c68e3612ba7c521c76ba63d2eee29c79a194ce3594f8c58053
DCP-LETT-598,Henslow,J. S.,Darwin,C. R.,1841-04-19,19 Apr 1841,Hitcham,,DAR 166: 176,,,DCP-LETT-598.xml,safe_within_period,to_darwin,1841-04-19,1841-04-19,single_xml_day,False,data/raw/epsilon/ab0d973bae05b54d68d82d068211015996cfec06/expansions/1837-1843/letters/DCP-LETT-598.xml,ee37a90602992494c7a38b5a912bd270db4f4efb75c27d8cbe3a3198229c7ff0
DCP-LETT-598A,Redfield,W. C.,Darwin,C. R.,1841-05-01,May 1841,New York,,Yale University: Beinecke Rare Book and Manuscript Library (William C. Redfield’s outbound letter book 1835–41 (z117 00151 2) p. 239),,,DCP-LETT-598A.xml,safe_within_period,to_darwin,1841-05-01,1841-05-31,bounded_range,True,data/raw/epsilon/ab0d973bae05b54d68d82d068211015996cfec06/expansions/1837-1843/letters/DCP-LETT-598A.xml,bbb7462aeadb0c145999907bfb5d5a85d8a1c3b715573401cbc69e60da012ced
DCP-LETT-598F,Darwin,C. R.,Brayley,E. W.,1841-05-08,8 May [1841],"12 Upper Gower Street, London",,"Christie’s, London (dealers) (online 31 October – 8 November 2018, lot 3)",,,DCP-LETT-598F.xml,safe_within_period,from_darwin,1841-05-08,1841-05-08,single_xml_day,False,data/raw/epsilon/ab0d973bae05b54d68d82d068211015996cfec06/expansions/1837-1843/letters/DCP-LETT-598F.xml,1824962594cece0db7b118686e57a96966630248042edf09d33ef73ea71b4d20
DCP-LETT-598B,Darwin,C. R.,Spearman,A. Y.,1841-05-17,17 May 1841,"London, Upper Gower St, 12",,The National Archives (TNA) (T1/4585 paper 10688),,,DCP-LETT-598B.xml,safe_within_period,from_darwin,1841-05-17,1841-05-17,single_xml_day,False,data/raw/epsilon/ab0d973bae05b54d68d82d068211015996cfec06/expansions/1837-1843/letters/DCP-LETT-598B.xml,bf5b090c230a100804f5208b4e4877141ca856f312a8ccb89acc9d91d93caf5b
DCP-LETT-599,Darwin,C. R.,Jenyns,Leonard,1841-06-24,24 June [1841],Maer,,Bath Royal Literary and Scientific Institution,,,DCP-LETT-599.xml,safe_within_period,from_darwin,1841-06-24,1841-06-24,single_xml_day,False,data/raw/epsilon/ab0d973bae05b54d68d82d068211015996cfec06/expansions/1837-1843/letters/DCP-LETT-599.xml,2d78642baae10d0295f4e021f2064ccf4aef70808823f571cefc20da74043f14
DCP-LETT-600,Darwin,C. R.,Wedgwood,Emma,1841-07-01,[1 July 1841],Shrewsbury,,DAR 210.8: 16,,,DCP-LETT-600.xml,safe_within_period,from_darwin,1841-07-01,1841-07-01,single_xml_day,False,data/raw/epsilon/ab0d973bae05b54d68d82d068211015996cfec06/expansions/1837-1843/letters/DCP-LETT-600.xml,7e4977f467ca2ca32f815d3199af3cbc3e4ace40b3308301bdda1afcd52b83f6
DCP-LETT-631,Darwin,C. R.,Leighton,W. A.,1841-07-01,[1–23 July 1841],Shrewsbury,,DAR 146: 39,,,DCP-LETT-631.xml,safe_within_period,from_darwin,1841-07-01,1841-07-23,bounded_range,True,data/raw/epsilon/ab0d973bae05b54d68d82d068211015996cfec06/expansions/1837-1843/letters/DCP-LETT-631.xml,40e6c8f52d05a0e93060bc47b14be36c0985885fc8d509bc5b4dfb2753fe85e7
DCP-LETT-601,Darwin,C. R.,Wedgwood,Emma,1841-07-03,[3 July 1841],Shrewsbury,,DAR 210.8: 17,,,DCP-LETT-601.xml,safe_within_period,from_darwin,1841-07-03,1841-07-03,single_xml_day,False,data/raw/epsilon/ab0d973bae05b54d68d82d068211015996cfec06/expansions/1837-1843/letters/DCP-LETT-601.xml,16bd6ee178bcd05318b50386af1c57f4be5f78a462cf5546b4d6d2e55b03eb85
DCP-LETT-602,Darwin,C. R.,Lyell,Charles,1841-07-06,6 [July 1841],Shrewsbury,,American Philosophical Society (Mss.B.D25.24),,,DCP-LETT-602.xml,safe_within_period,from_darwin,1841-07-06,1841-07-06,single_xml_day,False,data/raw/epsilon/ab0d973bae05b54d68d82d068211015996cfec06/expansions/1837-1843/letters/DCP-LETT-602.xml,07ce52fe5c03ebf63f31f6217cc1081f5d696ddc24306c92e730c2b37a36c0b2
DCP-LETT-604,Lyell,Charles,Darwin,C. R.,1841-07-16,[c. 16 July 1841],unstated,,DAR 98: A1–2,,,DCP-LETT-604.xml,safe_within_period,to_darwin,1841-07-16,1841-07-16,single_xml_day,True,data/raw/epsilon/ab0d973bae05b54d68d82d068211015996cfec06/expansions/1837-1843/letters/DCP-LETT-604.xml,fe2f3a5363807711430668fede9d1611822acfb55e8e7f86063057e701c275a4
DCP-LETT-607,Darwin,C. R.,Gardeners’ Chronicle,,1841-08-16,[16 Aug 1841],unstated,,"Gardeners’ Chronicle and Agricultural Gazette no. 34, 21 August 1841, p. 550; Gard. Chron. 1841: 550",,,DCP-LETT-607.xml,safe_within_period,from_darwin,1841-08-16,1841-08-16,single_xml_day,False,data/raw/epsilon/ab0d973bae05b54d68d82d068211015996cfec06/expansions/1837-1843/letters/DCP-LETT-607.xml,10e92fa8ba8800a6d6a464f42b2eb38a579aeade0440d001f09bc3443d24c73b
DCP-LETT-606,Darwin,C. R.,Fox,W. D.,1841-08-23,[23 Aug 1841],"London, Upper Gower St, 12",,"Christ’s College Library, Cambridge (MS 53 Fox 61)",,,DCP-LETT-606.xml,safe_within_period,from_darwin,1841-08-23,1841-08-23,single_xml_day,False,data/raw/epsilon/ab0d973bae05b54d68d82d068211015996cfec06/expansions/1837-1843/letters/DCP-LETT-606.xml,8bdc573414caaa33210198a1b7e4c64cebe99ee59dbd583e86c653d45581a629
DCP-LETT-608,Darwin,C. R.,Owen,Richard,1841-08-25,25 Aug [1841-2],"London, Upper Gower St, 12",,"Natural History Museum, Library and Archives (General Special Collections Owen correspondence 9/207)",,,DCP-LETT-608.xml,safe_within_period,from_darwin,1841-08-25,1842-08-25,alternative_dates,True,data/raw/epsilon/ab0d973bae05b54d68d82d068211015996cfec06/expansions/1837-1843/letters/DCP-LETT-608.xml,1038a02d83a6d1dd7d30b3fc7498cc6345ff2e7fa6ab038b6e79de075faf1b3b
DCP-LETT-608F,Owen,Richard,Darwin,C. R.,1841-09-17,[17 Sept 1841?],Park Village East,,The Royal College of Surgeons of England (MS0456/1),,,DCP-LETT-608F.xml,safe_within_period,to_darwin,1841-09-17,1841-09-17,single_xml_day,True,data/raw/epsilon/ab0d973bae05b54d68d82d068211015996cfec06/expansions/1837-1843/letters/DCP-LETT-608F.xml,e87cfae0a24de3e2e97b0d34c23f96c824c742186818819b92e21ae4b3d5bfcc
DCP-LETT-609,Darwin,C. R.,Fox,W. D.,1841-09-28,[28 Sept 1841],"London, Upper Gower St, 12",,"Christ’s College Library, Cambridge (MS 53 Fox 62)",,,DCP-LETT-609.xml,safe_within_period,from_darwin,1841-09-28,1841-09-28,single_xml_day,False,data/raw/epsilon/ab0d973bae05b54d68d82d068211015996cfec06/expansions/1837-1843/letters/DCP-LETT-609.xml,b31011fc6684a3436dd22d0ad504fc1a87563cd73aa33ebf46af969c6057d3bf
DCP-LETT-609F,Darwin,C. R.,Gaimard,J. P.,1841-10-14,14 Oct 1841,London,,Ader Nordmann (dealers) (18 June 2015),,,DCP-LETT-609F.xml,safe_within_period,from_darwin,1841-10-14,1841-10-14,single_xml_day,False,data/raw/epsilon/ab0d973bae05b54d68d82d068211015996cfec06/expansions/1837-1843/letters/DCP-LETT-609F.xml,986547be3c643e340277360d71696b21fac206aa9ebebcb5d52f26fa4dd887e2
DCP-LETT-610,Abberley,John,Darwin,C. R.,1841-10-18,18 Oct 1841,Shrewsbury,,DAR 162: 78,,,DCP-LETT-610.xml,safe_within_period,to_darwin,1841-10-18,1841-10-18,single_xml_day,False,data/raw/epsilon/ab0d973bae05b54d68d82d068211015996cfec06/expansions/1837-1843/letters/DCP-LETT-610.xml,f1906693de55759deb69ccc71a258be88f654a5155204b5d4a05260d5cb635ba
DCP-LETT-611,Darwin,C. R.,Jenyns,Leonard,1841-11-01,[Nov 1841],"London, Upper Gower St, 12",,Bath Royal Literary and Scientific Institution,,,DCP-LETT-611.xml,safe_within_period,from_darwin,1841-11-01,1841-11-30,bounded_range,True,data/raw/epsilon/ab0d973bae05b54d68d82d068211015996cfec06/expansions/1837-1843/letters/DCP-LETT-611.xml,a906da0c696aa3839d9e1c7cdbaa12f5de7c55d9e027b693992b9c879217992f
DCP-LETT-612,Darwin,C. R.,Geological Society of London,,1841-12-06,[before 6 Dec 1841],unstated,,Geological Society of London (CM1/5),,,DCP-LETT-612.xml,ambiguous_period,from_darwin,1809-01-01,1841-12-05,bounded_range,True,data/raw/epsilon/ab0d973bae05b54d68d82d068211015996cfec06/expansions/1837-1843/letters/DCP-LETT-612.xml,f7b4377214752b060fad43c9c3c4ce87a389c055963377c54ed509ff8ef95000
DCP-LETT-11313,Darwin,C. R.,Baxter,W. W.,1842-01-01,[1842–82?],unstated,,American Philosophical Society (Mss.B.D25.536),,,DCP-LETT-11313.xml,ambiguous_period,from_darwin,1842-01-01,1882-12-31,bounded_range,True,data/raw/epsilon/ab0d973bae05b54d68d82d068211015996cfec06/expansions/1837-1843/letters/DCP-LETT-11313.xml,6f2cdb3b7e3ee21b563574eb54e5a0e520b9df5744ba66e62c4d42c2188d6497
DCP-LETT-13805,Falconer,Hugh,Darwin,C. R.,1842-01-01,[1842–3],unstated,,DAR 205.5: 215,,,DCP-LETT-13805.xml,safe_within_period,to_darwin,1842-01-01,1843-12-31,bounded_range,True,data/raw/epsilon/ab0d973bae05b54d68d82d068211015996cfec06/expansions/1837-1843/letters/DCP-LETT-13805.xml,52cb288281f0fbfc36093ca6ca70a9a28d902fa3a4599fdf742be9024182e346
DCP-LETT-13867G,Darwin,C. R.,Unidentified,,1842-01-01,[1842–82],Down,,eBay (April 2001),,,DCP-LETT-13867G.xml,ambiguous_period,from_darwin,1842-01-01,1882-12-31,bounded_range,True,data/raw/epsilon/ab0d973bae05b54d68d82d068211015996cfec06/expansions/1837-1843/letters/DCP-LETT-13867G.xml,65169c645a550f39fb01253548aac2de39cc5abfb424e869f05e26e00b9b9b82
DCP-LETT-613A,Darwin,C. R.,Stokes,Charles,1842-01-01,[Jan–Mar 1842],"London, Upper Gower St, 12",,DAR 185: 91,,,DCP-LETT-613A.xml,safe_within_period,from_darwin,1842-01-01,1842-03-31,bounded_range,True,data/raw/epsilon/ab0d973bae05b54d68d82d068211015996cfec06/expansions/1837-1843/letters/DCP-LETT-613A.xml,cb1f6cbd882b86850424d9668d3bfd7ea51ce4ccb8e748f52124b000de75c0fa
DCP-LETT-614,Darwin,C. R.,Jenyns,Leonard,1842-01-13,[13? Jan 1842],"London, Upper Gower St, 12",,American Philosophical Society (Mss.B.D25.),,,DCP-LETT-614.xml,safe_within_period,from_darwin,1842-01-13,1842-01-13,single_xml_day,True,data/raw/epsilon/ab0d973bae05b54d68d82d068211015996cfec06/expansions/1837-1843/letters/DCP-LETT-614.xml,27dc05e23a03812a5b0bc9de6ab89d640b1bd480c28537007b6b9877ebd5b2c3
DCP-LETT-615,Darwin,C. R.,Henslow,J. S.,1842-01-26,[26 Jan 1842],"London, Upper Gower St, 12",,Archives of the New York Botanical Garden (Charles Finney Cox Collection),,,DCP-LETT-615.xml,safe_within_period,from_darwin,1842-01-26,1842-01-26,single_xml_day,False,data/raw/epsilon/ab0d973bae05b54d68d82d068211015996cfec06/expansions/1837-1843/letters/DCP-LETT-615.xml,b4d45b92193ad9dde2bf019c6751040ec945f9b32fd707893f3c649380064c89
DCP-LETT-616,Darwin,C. R.,Geological Society of London,,1842-01-31,31 Jan [1842],"London, Upper Gower St, 12",,Geological Society of London (GSL/L/R/7/25),,,DCP-LETT-616.xml,safe_within_period,from_darwin,1842-01-31,1842-01-31,single_xml_day,False,data/raw/epsilon/ab0d973bae05b54d68d82d068211015996cfec06/expansions/1837-1843/letters/DCP-LETT-616.xml,5e691e058256791b601a6f6cbf976fe058888cc0f984a190079ae88c6c209c96
DCP-LETT-617,Darwin,C. R.,Royle,J. F.,1842-02-02,[2 Feb 1842],"London, Upper Gower St, 12",,"University of Rochester Libraries, Department of Rare Books, Special Collections and Preservation",,,DCP-LETT-617.xml,safe_within_period,from_darwin,1842-02-02,1842-02-02,single_xml_day,False,data/raw/epsilon/ab0d973bae05b54d68d82d068211015996cfec06/expansions/1837-1843/letters/DCP-LETT-617.xml,943a05da893c7525711bdb58ade6091b5e152572bfb64924b4e417ce4fd27d52
DCP-LETT-617F,Darwin,C. R.,Boott,Francis,1842-02-03,[3 Feb 1842],,,"Christie’s (dealers) (13 December 2006, lot 34)",,,DCP-LETT-617F.xml,safe_within_period,from_darwin,1842-02-03,1842-02-03,single_xml_day,False,data/raw/epsilon/ab0d973bae05b54d68d82d068211015996cfec06/expansions/1837-1843/letters/DCP-LETT-617F.xml,71db21feaacd340f7a3278ebf247d7800a8066fee85bd8c1b3770045b33eec32
DCP-LETT-617G,Darwin,C. R.,Owen,Richard,1842-02-04,[4 Feb 1842],,,"Enns Entomology Museum, University of Missouri",,,DCP-LETT-617G.xml,safe_within_period,from_darwin,1842-02-04,1842-02-04,single_xml_day,False,data/raw/epsilon/ab0d973bae05b54d68d82d068211015996cfec06/expansions/1837-1843/letters/DCP-LETT-617G.xml,35def12dd24db7b06da3ec1d3699c631cb25e0f016b457e285a2e879838d4bcc
DCP-LETT-618,Darwin,C. R.,De la Beche,H. T.,1842-02-07,7 Feb 1842,"London, Upper Gower St, 12",,"National Museum of Wales, Department of Natural Sciences (De la Beche)",,,DCP-LETT-618.xml,safe_within_period,from_darwin,1842-02-07,1842-02-07,single_xml_day,False,data/raw/epsilon/ab0d973bae05b54d68d82d068211015996cfec06/expansions/1837-1843/letters/DCP-LETT-618.xml,e127824923fe6d9700ba579f88fafc0770fb550d4f0f51225e3cd99974a6e260
DCP-LETT-619,Darwin,C. R.,Strickland,H. E.,1842-02-17,17 Feb [1842],"London, Upper Gower St, 12",,"Museum of Zoology Archives, University of Cambridge (Strickland Papers)",,,DCP-LETT-619.xml,safe_within_period,from_darwin,1842-02-17,1842-02-17,single_xml_day,False,data/raw/epsilon/ab0d973bae05b54d68d82d068211015996cfec06/expansions/1837-1843/letters/DCP-LETT-619.xml,eb09912779d2263bf8df0f9ffb64f11309607d5375e31257aaac3c349d0a3411
DCP-LETT-620,Darwin,C. R.,Strickland,H. E.,1842-02-19,[19 Feb 1842],"London, Upper Gower St, 12",,"Museum of Zoology Archives, University of Cambridge (Strickland Papers)",,,DCP-LETT-620.xml,safe_within_period,from_darwin,1842-02-19,1842-02-19,single_xml_day,False,data/raw/epsilon/ab0d973bae05b54d68d82d068211015996cfec06/expansions/1837-1843/letters/DCP-LETT-620.xml,22f66e455d9f5ef0e3d31594c00df1cebf010d2f6c682b2ada8a604ad35f794e
DCP-LETT-621,Darwin,C. R.,Darwin,S. E.,1842-02-22,[22 Feb 1842],"London, Upper Gower St, 12",,DAR 185: 10,,,DCP-LETT-621.xml,safe_within_period,from_darwin,1842-02-22,1842-02-22,single_xml_day,False,data/raw/epsilon/ab0d973bae05b54d68d82d068211015996cfec06/expansions/1837-1843/letters/DCP-LETT-621.xml,f94a5842c3d28728ec063365e9f771a6c0c1053702ae40359703f792f348c9e0
DCP-LETT-622,Darwin,C. R.,Wedgwood,Emma,1842-03-08,[8 Mar 1842],Shrewsbury,,DAR 210.8: 18,,,DCP-LETT-622.xml,safe_within_period,from_darwin,1842-03-08,1842-03-08,single_xml_day,False,data/raw/epsilon/ab0d973bae05b54d68d82d068211015996cfec06/expansions/1837-1843/letters/DCP-LETT-622.xml,fc8cd42c895b98104c8abc09f74ed7a21eaf9e96bbf5b75a3b9def5c13b0122e
DCP-LETT-623,Darwin,C. R.,Wedgwood,Emma,1842-03-13,[13 Mar 1842],Shrewsbury,,DAR 210.8: 19,,,DCP-LETT-623.xml,safe_within_period,from_darwin,1842-03-13,1842-03-13,single_xml_day,False,data/raw/epsilon/ab0d973bae05b54d68d82d068211015996cfec06/expansions/1837-1843/letters/DCP-LETT-623.xml,45c70590749edb61dba26945e79d66cec3f45b4340d81fa594b652f6e26a3f7e
DCP-LETT-624,Darwin,C. R.,Fox,W. D.,1842-03-23,23 Mar [1842],"London, Upper Gower St, 12",,"Christ’s College Library, Cambridge (MS 53 Fox 57)",,,DCP-LETT-624.xml,safe_within_period,from_darwin,1842-03-23,1842-03-23,single_xml_day,False,data/raw/epsilon/ab0d973bae05b54d68d82d068211015996cfec06/expansions/1837-1843/letters/DCP-LETT-624.xml,193b5e5338b4b2e06b23b829b1abb68f8900ee6c63440277b0bcf1f7a8284f11
DCP-LETT-625,Darwin,C. R.,Fox,W. D.,1842-03-31,[31 Mar 1842],"London, Upper Gower St, 12",,"Christ’s College Library, Cambridge (MS 53 Fox 56)",,,DCP-LETT-625.xml,safe_within_period,from_darwin,1842-03-31,1842-03-31,single_xml_day,False,data/raw/epsilon/ab0d973bae05b54d68d82d068211015996cfec06/expansions/1837-1843/letters/DCP-LETT-625.xml,dd5d9f1da09913e1f64f3bf54777d53d04ba56735d0e51c028e8d6a8234d0568
DCP-LETT-625A,Darwin,C. R.,Spearman,A. Y.,1842-04-29,29 Apr 1842,"London, Upper Gower St, 12",,The National Archives (TNA) (T1/4723 paper 15949),,,DCP-LETT-625A.xml,safe_within_period,from_darwin,1842-04-29,1842-04-29,single_xml_day,False,data/raw/epsilon/ab0d973bae05b54d68d82d068211015996cfec06/expansions/1837-1843/letters/DCP-LETT-625A.xml,244f13a545cac057a6dd57590aa3b49073b35628e68a54941d14d5059c49e4ad
DCP-LETT-627,Darwin,C. R.,Jenyns,Leonard,1842-05-01,[May–Sept 1842],"London, Upper Gower St, 12",,Bath Royal Literary and Scientific Institution,,,DCP-LETT-627.xml,safe_within_period,from_darwin,1842-05-01,1842-09-30,bounded_range,True,data/raw/epsilon/ab0d973bae05b54d68d82d068211015996cfec06/expansions/1837-1843/letters/DCP-LETT-627.xml,b6cdbf5e7a70d6013cbf47fdda8bd1c78b684a8539b29d0dd6c359b0c1737a63
DCP-LETT-628,Darwin,C. R.,Johnes,M. A.,1842-05-05,[5 May 1842],"London, Upper Gower St, 12",,American Philosophical Society (Mss.B.D25.),,,DCP-LETT-628.xml,safe_within_period,from_darwin,1842-05-05,1842-05-05,single_xml_day,False,data/raw/epsilon/ab0d973bae05b54d68d82d068211015996cfec06/expansions/1837-1843/letters/DCP-LETT-628.xml,d4747b2e17b35636db0155c6390c0aa5378a62372629149292d0400ce375e561
DCP-LETT-626,Darwin,C. R.,Wedgwood,Emma,1842-05-09,[9 May 1842],unstated,,DAR 210.8: 20,,,DCP-LETT-626.xml,safe_within_period,from_darwin,1842-05-09,1842-05-09,single_xml_day,False,data/raw/epsilon/ab0d973bae05b54d68d82d068211015996cfec06/expansions/1837-1843/letters/DCP-LETT-626.xml,d555e53de4993521da636417f41b765fa3abef4ccdd1dbdea45e349e6dbdc82e
DCP-LETT-629,Darwin,C. R.,Jenyns,Leonard,1842-05-09,[9 May 1842],"London, Upper Gower St, 12",,Bath Royal Literary and Scientific Institution,,,DCP-LETT-629.xml,safe_within_period,from_darwin,1842-05-09,1842-05-09,single_xml_day,False,data/raw/epsilon/ab0d973bae05b54d68d82d068211015996cfec06/expansions/1837-1843/letters/DCP-LETT-629.xml,5f0031e1584b17d10aa151751d11f75bab50078e8e5bd686202f0a28081dad7e
DCP-LETT-629A,Darwin,C. R.,"Smith, Elder & Co",,1842-05-17,[17 May 1842],London,,Christie’s (dealers) (7 December 1988); Gerard A. J. Stodolski (dealer) (April 2014),,,DCP-LETT-629A.xml,safe_within_period,from_darwin,1842-05-17,1842-05-17,single_xml_day,False,data/raw/epsilon/ab0d973bae05b54d68d82d068211015996cfec06/expansions/1837-1843/letters/DCP-LETT-629A.xml,adae4f43e29efebd8c4064c111a799dee308050fb3783cdc5772bd8903f56974
DCP-LETT-630,Darwin,C. R.,Strickland,H. E.,1842-05-31,31 May [1842],Maer,,"Museum of Zoology Archives, University of Cambridge (Strickland Papers)",,,DCP-LETT-630.xml,safe_within_period,from_darwin,1842-05-31,1842-05-31,single_xml_day,False,data/raw/epsilon/ab0d973bae05b54d68d82d068211015996cfec06/expansions/1837-1843/letters/DCP-LETT-630.xml,013c5f2a08b8d504dc1a365b71742d53f7450fb66cfbf42013493b69250ca452
DCP-LETT-632,Darwin,C. R.,Fitton,W. H.,1842-06-23,23 June 1842,unstated,,"Houghton Library, Harvard University (Louis Agassiz correspondence and other papers, MS Am 1419: 239)",,,DCP-LETT-632.xml,safe_within_period,from_darwin,1842-06-23,1842-06-23,single_xml_day,False,data/raw/epsilon/ab0d973bae05b54d68d82d068211015996cfec06/expansions/1837-1843/letters/DCP-LETT-632.xml,6c230dd7fbcf1d692ed0f7fcd0110605741e06402f75c014954a980643c6ba0c
DCP-LETT-634,Darwin,C. R.,Darwin,S. E.,1842-07-01,[late July–Aug 1842],"London, Upper Gower St, 12",,DAR 92: A16–17,,,DCP-LETT-634.xml,safe_within_period,from_darwin,1842-07-01,1842-08-31,bounded_range,True,data/raw/epsilon/ab0d973bae05b54d68d82d068211015996cfec06/expansions/1837-1843/letters/DCP-LETT-634.xml,64d04e9e18ad3767e1172937fc386ee8090e4c25d0113eb9743f172c0cd037f5
DCP-LETT-635,Provis,John,Darwin,C. R.,1842-07-14,14 July 1842,Holyhead,,DAR 27.1: B23,,,DCP-LETT-635.xml,safe_within_period,to_darwin,1842-07-14,1842-07-14,single_xml_day,False,data/raw/epsilon/ab0d973bae05b54d68d82d068211015996cfec06/expansions/1837-1843/letters/DCP-LETT-635.xml,a331c56b894a3023363b3f8076122eb531f24db7400a46ad6a403f1d4341860e
DCP-LETT-636,Provis,John,Darwin,C. R.,1842-07-20,20 July 1842,Holyhead,,DAR 27.1: B24,,,DCP-LETT-636.xml,safe_within_period,to_darwin,1842-07-20,1842-07-20,single_xml_day,False,data/raw/epsilon/ab0d973bae05b54d68d82d068211015996cfec06/expansions/1837-1843/letters/DCP-LETT-636.xml,38e5f2e4140c769a057213a94d18ce02716f504019412151a4b8b56492a0b9bc
DCP-LETT-637,Darwin,C. R.,Darwin,Catherine,1842-07-24,[24 July 1842],"London, Upper Gower St, 12",,DAR 153: 7 (EH 88202299),,,DCP-LETT-637.xml,safe_within_period,from_darwin,1842-07-24,1842-07-24,single_xml_day,False,data/raw/epsilon/ab0d973bae05b54d68d82d068211015996cfec06/expansions/1837-1843/letters/DCP-LETT-637.xml,8fa945670c22d0a483242452bc6c825f4c8d6ed467b5048df71c4aa75e5eff73
DCP-LETT-637A,Darwin,C. R.,Spearman,A. Y.,1842-08-05,5 Aug 1842,"London, Upper Gower St, 12",,The National Archives (TNA) (T1/4723 paper 15949),,,DCP-LETT-637A.xml,safe_within_period,from_darwin,1842-08-05,1842-08-05,single_xml_day,False,data/raw/epsilon/ab0d973bae05b54d68d82d068211015996cfec06/expansions/1837-1843/letters/DCP-LETT-637A.xml,199874e1ac3fb53a3a4028200733c2f6592e8de45e9eec6a1a0eccf47f2326f5
DCP-LETT-638,Darwin,C. R.,Strickland,H. E.,1842-08-11,[11 Aug 1842],"London, Upper Gower St, 12",,"Museum of Zoology Archives, University of Cambridge (Strickland Papers)",,,DCP-LETT-638.xml,safe_within_period,from_darwin,1842-08-11,1842-08-11,single_xml_day,False,data/raw/epsilon/ab0d973bae05b54d68d82d068211015996cfec06/expansions/1837-1843/letters/DCP-LETT-638.xml,7e265916e409f7e81888e1a06aecb441557b4647dad3ec7243a856a320fa3937
DCP-LETT-639,Blunt,Thomas,Darwin,C. R.,1842-08-11,11 Aug 1842,Shrewsbury,,DAR 5: B17–18,,,DCP-LETT-639.xml,safe_within_period,to_darwin,1842-08-11,1842-08-11,single_xml_day,False,data/raw/epsilon/ab0d973bae05b54d68d82d068211015996cfec06/expansions/1837-1843/letters/DCP-LETT-639.xml,da08848b2972b5c411bc01450dac0bd2f8101dc86b9e3e7185badc4ceba985fe
DCP-LETT-640,Darwin,C. R.,Broderip,W. J.,1842-08-31,[31 Aug 1842],"London, Upper Gower St, 12",,"Harry Ransom Center, The University of Texas at Austin",,,DCP-LETT-640.xml,safe_within_period,from_darwin,1842-08-31,1842-08-31,single_xml_day,False,data/raw/epsilon/ab0d973bae05b54d68d82d068211015996cfec06/expansions/1837-1843/letters/DCP-LETT-640.xml,bc79170a71ff96a88ad0e0feaf344069da1bc26778295b530fbd3922adf3a086
DCP-LETT-605,Darwin,C. R.,Lyell,Charles,1842-09-01,[Sept–Dec 1842],"London, Upper Gower St, 12",,American Philosophical Society (Mss.B.D25.30),,,DCP-LETT-605.xml,safe_within_period,from_darwin,1842-09-01,1842-12-31,bounded_range,True,data/raw/epsilon/ab0d973bae05b54d68d82d068211015996cfec06/expansions/1837-1843/letters/DCP-LETT-605.xml,638d42a9066cb03e35cde3970ca6a37997c62387801597ab7fd497729d216459
DCP-LETT-605F,Becher,A. B.,Darwin,C. R.,1842-09-01,1 Sept 1842,,,"United Kingdom Hydrographic Office Archive (Letter Book no .10 (1841–2), p. 510)",,,DCP-LETT-605F.xml,safe_within_period,to_darwin,1842-09-01,1842-09-01,single_xml_day,False,data/raw/epsilon/ab0d973bae05b54d68d82d068211015996cfec06/expansions/1837-1843/letters/DCP-LETT-605F.xml,0d7f09b9376abef3500030d51eb5513b97511695510b054a05c344b44a56fda1
DCP-LETT-641,Darwin,C. R.,Waterhouse,G. R.,1842-09-04,[4 or 11] Sept 1842,"London, Upper Gower St, 12",,"Harry Ransom Center, The University of Texas at Austin",,,DCP-LETT-641.xml,safe_within_period,from_darwin,1842-09-04,1842-09-11,alternative_dates,True,data/raw/epsilon/ab0d973bae05b54d68d82d068211015996cfec06/expansions/1837-1843/letters/DCP-LETT-641.xml,029f58636216cee15a722ff29fcf369df701935e4525ad4ae5870c116588fb42
DCP-LETT-613,Darwin,C. R.,Yarrell,William,1842-09-05,[5 or 12] Sept 1842,"London, Upper Gower St, 12",,"Alexander Turnbull Library, National Library of New Zealand (Letters to Dr William Kitchen Parker and his sons, MS-Papers-1256-2)",,,DCP-LETT-613.xml,safe_within_period,from_darwin,1842-09-05,1842-09-12,alternative_dates,True,data/raw/epsilon/ab0d973bae05b54d68d82d068211015996cfec06/expansions/1837-1843/letters/DCP-LETT-613.xml,746b8160e138cbd692416d2b4725aea497075b5cf5d0dc2d4fd1d78f6cd09e21
DCP-LETT-633,Darwin,C. R.,Darwin,Catherine,1842-09-16,[16 Sept 1842],"London, Upper Gower St, 12",,DAR 153: 6 (EH 88202298),,,DCP-LETT-633.xml,safe_within_period,from_darwin,1842-09-16,1842-09-16,single_xml_day,False,data/raw/epsilon/ab0d973bae05b54d68d82d068211015996cfec06/expansions/1837-1843/letters/DCP-LETT-633.xml,e51daa6c476bba0423215bb6d0dc837d33a27c8e21f282c4b771f3b709e22391
DCP-LETT-642,Darwin,C. R.,Henslow,J. S.,1842-09-16,16 Sept [1842],"London, Upper Gower St, 12",,DAR 93: A7,,,DCP-LETT-642.xml,safe_within_period,from_darwin,1842-09-16,1842-09-16,single_xml_day,False,data/raw/epsilon/ab0d973bae05b54d68d82d068211015996cfec06/expansions/1837-1843/letters/DCP-LETT-642.xml,04d09ffe917feb18466eb91a3d034bc7794d836aec42923041a02c5f929bd34f
DCP-LETT-643,Wedgwood,Elizabeth,Darwin,C. R.,1842-09-25,[25 Sept 1842],Maer,,V&A / Wedgwood Collection (MS W/M 260),,,DCP-LETT-643.xml,safe_within_period,to_darwin,1842-09-25,1842-09-25,single_xml_day,False,data/raw/epsilon/ab0d973bae05b54d68d82d068211015996cfec06/expansions/1837-1843/letters/DCP-LETT-643.xml,9d456d33ff5ad13939af0c1185c6f3d710357101565ba57b078bdc3202f5ff5c
DCP-LETT-644,Wedgwood,Hensleigh,Darwin,C. R.,1842-09-25,25 Sept [1842],Maer,,V&A / Wedgwood Collection (MS W/M 258),,,DCP-LETT-644.xml,safe_within_period,to_darwin,1842-09-25,1842-09-25,single_xml_day,False,data/raw/epsilon/ab0d973bae05b54d68d82d068211015996cfec06/expansions/1837-1843/letters/DCP-LETT-644.xml,119bc81007c76868539e9e955aa3155486fde3c8bd4d5e6646ecd37b3b3c0e0a
DCP-LETT-8132,Darwin,C. R.,Baxter,W. W.,1842-10-02,2 [Oct 1842 - Mar 1882],Down,,"University of Rochester Libraries, Department of Rare Books, Special Collections and Preservation (tipped into a copy of Insectivorous plants (QH 9.9 I59m))",,,DCP-LETT-8132.xml,ambiguous_period,from_darwin,1842-10-02,1882-03-02,alternative_dates,True,data/raw/epsilon/ab0d973bae05b54d68d82d068211015996cfec06/expansions/1837-1843/letters/DCP-LETT-8132.xml,3e8c9564fce8b74909f448a6ebe3cbaa81a5065d1ca59755e1abaeea37b45341
DCP-LETT-647,Darwin,C. R.,Geological Society of London,,1842-10-04,4 Oct 1842,Down,,Geological Society of London (GSL/COM/P/4/2/130),,,DCP-LETT-647.xml,safe_within_period,from_darwin,1842-10-04,1842-10-04,single_xml_day,False,data/raw/epsilon/ab0d973bae05b54d68d82d068211015996cfec06/expansions/1837-1843/letters/DCP-LETT-647.xml,7c3e0114d405268e7b4be6321fbcbf6f0523ca2b512bbe4e9a73330294e13346
DCP-LETT-648,Darwin,C. R.,Lloyd,A. S.,1842-10-04,[4 Oct 1842],Down,,DAR 261.11: 1 (EH 88206053),,,DCP-LETT-648.xml,safe_within_period,from_darwin,1842-10-04,1842-10-04,single_xml_day,False,data/raw/epsilon/ab0d973bae05b54d68d82d068211015996cfec06/expansions/1837-1843/letters/DCP-LETT-648.xml,de368d3d68f8e5e9b5bf9c00dbbb6f23fe65df49d618e4108f32b40814ff5664
DCP-LETT-649,Darwin,C. R.,Lyell,Charles,1842-10-05,5 and 7 Oct 1842,Down,,American Philosophical Society (Mss.B.D25.28),,,DCP-LETT-649.xml,safe_within_period,from_darwin,1842-10-05,1842-10-07,multiple_recorded_dates,True,data/raw/epsilon/ab0d973bae05b54d68d82d068211015996cfec06/expansions/1837-1843/letters/DCP-LETT-649.xml,e1d6460eb01be22572fbc7c054bd6c640d57d456dc0487fd9d2b915687362c11
DCP-LETT-13776,Darwin,C. R.,Baxter,William,1842-10-10,10 [Oct 1842 – Apr 1882],unstated,,Cleveland Health Sciences Library (Robert M. Stecher collection),,,DCP-LETT-13776.xml,ambiguous_period,from_darwin,1842-10-10,1882-04-10,bounded_range,True,data/raw/epsilon/ab0d973bae05b54d68d82d068211015996cfec06/expansions/1837-1843/letters/DCP-LETT-13776.xml,8b3caa91348096312531777a01ba04e972c5d73fc71cc6e19172a6bf74257241
DCP-LETT-650,Darwin,C. R.,Jackson,Julian,1842-10-13,13 Oct [1842],Down,,Royal Geographical Society,,,DCP-LETT-650.xml,safe_within_period,from_darwin,1842-10-13,1842-10-13,single_xml_day,False,data/raw/epsilon/ab0d973bae05b54d68d82d068211015996cfec06/expansions/1837-1843/letters/DCP-LETT-650.xml,840875b42458e834269d5f7898cc0093f9110543a3d1dc1a09b0bfb01effcd49
DCP-LETT-651,Darwin,C. R.,Miller,W. H.,1842-10-16,[16 Oct – 27 Nov 1842],Down,,American Philosophical Society (Mss.B.D25.29),,,DCP-LETT-651.xml,safe_within_period,from_darwin,1842-10-16,1842-11-27,bounded_range,True,data/raw/epsilon/ab0d973bae05b54d68d82d068211015996cfec06/expansions/1837-1843/letters/DCP-LETT-651.xml,9847f59940f631edeb260d2e6384732237a6b8c718ca1491521c6a3c7be6c7b8
DCP-LETT-1768,Darwin,C. R.,Baxter,W. W.,1842-10-24,"24 Oct [1842-5, 1853 or 1855-68]",Down,,"University of California, Berkeley, The Bancroft Library (BANC MSS 74/78 z)",,,DCP-LETT-1768.xml,ambiguous_period,from_darwin,1842-10-24,1868-10-24,alternative_dates,True,data/raw/epsilon/ab0d973bae05b54d68d82d068211015996cfec06/expansions/1837-1843/letters/DCP-LETT-1768.xml,67acb8cfd70b556eb3df84e030850ae513b6a2b416bc2760d6346fb8c0ef351b
DCP-LETT-653,Darwin,C. R.,Lyell,Charles,1842-11-01,[Nov–Dec 1842],unstated,,The British Library (Surrogate RP 7381(i)),,,DCP-LETT-653.xml,safe_within_period,from_darwin,1842-11-01,1842-12-31,bounded_range,True,data/raw/epsilon/ab0d973bae05b54d68d82d068211015996cfec06/expansions/1837-1843/letters/DCP-LETT-653.xml,8bdb6807070c5ea5458bd6422c612673ac4f66fd9d9f329a8f19f59c8371eabd
DCP-LETT-662,Darwin,C. R.,Maclaren,Charles,1842-11-15,[15 Nov – Dec 1842],unstated,,Edinburgh New Philosophical Journal 34 1843: 47; Edinburgh New Philosophical Journal 34 1843: 47,,,DCP-LETT-662.xml,safe_within_period,from_darwin,1842-11-15,1842-12-31,bounded_range,True,data/raw/epsilon/ab0d973bae05b54d68d82d068211015996cfec06/expansions/1837-1843/letters/DCP-LETT-662.xml,27964d19c7422292e45f0a402a337f44e73f343125871d908aa690ac8bce240e
DCP-LETT-1786,Darwin,C. R.,Price,John,1842-11-29,29 Nov [1842-55],Down,,"University of California, Berkeley, The Bancroft Library (BANC MSS 74/78 z)",,,DCP-LETT-1786.xml,ambiguous_period,from_darwin,1842-11-29,1855-11-29,alternative_dates,True,data/raw/epsilon/ab0d973bae05b54d68d82d068211015996cfec06/expansions/1837-1843/letters/DCP-LETT-1786.xml,4445bb4d8bf7d8ad031916c99e021c14bc7ceaf4e7a1fc2189794719dc64a3df
DCP-LETT-11271F,Darwin,C. R.,Baxter,W. W.,1842-12-08,8 Dec [1842-81],Down,,"University of Otago, Special Collections (MS 49)",,,DCP-LETT-11271F.xml,ambiguous_period,from_darwin,1842-12-08,1881-12-08,alternative_dates,True,data/raw/epsilon/ab0d973bae05b54d68d82d068211015996cfec06/expansions/1837-1843/letters/DCP-LETT-11271F.xml,6f8f25a3c8f0b749b4780e0fc3e77325a8d47d9a3c0a1febe1bd769071ae4701
DCP-LETT-654,Darwin,C. R.,Fox,W. D.,1842-12-09,[9 Dec 1842],Down,,"Christ’s College Library, Cambridge (MS 53 Fox 64)",,,DCP-LETT-654.xml,safe_within_period,from_darwin,1842-12-09,1842-12-09,single_xml_day,False,data/raw/epsilon/ab0d973bae05b54d68d82d068211015996cfec06/expansions/1837-1843/letters/DCP-LETT-654.xml,0624b067b8eb8a9da0f4601f887f3ffeccb4ab2bde19235f90fee84026d84ce3
DCP-LETT-13828,Darwin,C. R.,Mudie,C. E.,1842-12-10,10 Dec [1842-5 or 1855-68],Down,,"University of Illinois at Urbana-Champaign, Rare Book and Manuscript Library (Charles E. Mudie Collection, 1816–1897: Correspondence, B29)",,,DCP-LETT-13828.xml,ambiguous_period,from_darwin,1842-12-10,1868-12-10,alternative_dates,True,data/raw/epsilon/ab0d973bae05b54d68d82d068211015996cfec06/expansions/1837-1843/letters/DCP-LETT-13828.xml,d05208e9bf7ce1984ba5c3fedfd8f5667099b6759d1627fc71b79cc3f26053f4
DCP-LETT-13798,Darwin,C. R.,Darwin,S. E.,1843-01-01,[1843 – 8 Mar 1846],Down,,DAR 154: 91,,,DCP-LETT-13798.xml,ambiguous_period,from_darwin,1843-01-01,1846-03-08,bounded_range,True,data/raw/epsilon/ab0d973bae05b54d68d82d068211015996cfec06/expansions/1837-1843/letters/DCP-LETT-13798.xml,188d9b8fb7af73a05fde2ad4b8b4c0db3b3b29233f8c27c451cc12917235ee42
DCP-LETT-652,Darwin,C. R.,Woodward,S. P.,1843-01-14,[14 Jan 1843],Down,,Archives of the New York Botanical Garden (Charles Finney Cox Collection),,,DCP-LETT-652.xml,safe_within_period,from_darwin,1843-01-14,1843-01-14,single_xml_day,False,data/raw/epsilon/ab0d973bae05b54d68d82d068211015996cfec06/expansions/1837-1843/letters/DCP-LETT-652.xml,e6061d753d3ddf35c4d94ca350bc3bac6e01cec467fc088a9e809cd4c629af40
DCP-LETT-658,Darwin,C. R.,"Smith, Elder & Co",,1843-01-14,[14 Jan 1843],Down,,American Philosophical Society (Mss.B.D25.),,,DCP-LETT-658.xml,safe_within_period,from_darwin,1843-01-14,1843-01-14,single_xml_day,False,data/raw/epsilon/ab0d973bae05b54d68d82d068211015996cfec06/expansions/1837-1843/letters/DCP-LETT-658.xml,058b2e34ccb38370228ce0980f2748592a181dca36321618a8b7e568baf4c98b
DCP-LETT-659,Darwin,C. R.,"Smith, Elder & Co",,1843-01-21,21 Jan [1843],Down,,"The New York Public Library. Astor, Lenox and Tilden Foundations. The Henry W. and Albert A. Berg Collection of English and American Literature.",,,DCP-LETT-659.xml,safe_within_period,from_darwin,1843-01-21,1843-01-21,single_xml_day,False,data/raw/epsilon/ab0d973bae05b54d68d82d068211015996cfec06/expansions/1837-1843/letters/DCP-LETT-659.xml,fed2f3d56d753cdfd5745ed73bc9ce797fbf5ad00c8c80dacd755c25552cd545
DCP-LETT-660,Darwin,C. R.,Henslow,J. S.,1843-01-22,[22 Jan 1843],Down,,American Philosophical Society (Mss.B.D25.),,,DCP-LETT-660.xml,safe_within_period,from_darwin,1843-01-22,1843-01-22,single_xml_day,False,data/raw/epsilon/ab0d973bae05b54d68d82d068211015996cfec06/expansions/1837-1843/letters/DCP-LETT-660.xml,8213a75dc3ecf14d54285cad365871786c18ca5029bec5b017b0a7dee5cfbd54
DCP-LETT-13873,Darwin,C. R.,Unidentified,,1843-01-23,23 Jan [1843-6 or 1856-69],Down,,Edward Ford (private collection),,,DCP-LETT-13873.xml,ambiguous_period,from_darwin,1843-01-23,1869-01-23,alternative_dates,True,data/raw/epsilon/ab0d973bae05b54d68d82d068211015996cfec06/expansions/1837-1843/letters/DCP-LETT-13873.xml,6de4a78ebec43c2ecf334fc5406bfe1370c2636f96e6690151eeb456e852046b
DCP-LETT-660F,Darwin,C. R.,Gray,J. E.,1843-01-25,25 Jan [1843],Down,,"Natural History Museum, Library and Archives (Archives DF/ZOO/205/4/144)",,,DCP-LETT-660F.xml,safe_within_period,from_darwin,1843-01-25,1843-01-25,single_xml_day,False,data/raw/epsilon/ab0d973bae05b54d68d82d068211015996cfec06/expansions/1837-1843/letters/DCP-LETT-660F.xml,feede16b0bfe2e2e931993d56024157c47bdc9427241bccf8ac9ad132a4df9f1
DCP-LETT-661,Darwin,C. R.,Maclaren,Charles,1843-02-01,[c. Feb 1843],Down,,DAR 69: A94v,,,DCP-LETT-661.xml,safe_within_period,from_darwin,1843-02-01,1843-02-28,bounded_range,True,data/raw/epsilon/ab0d973bae05b54d68d82d068211015996cfec06/expansions/1837-1843/letters/DCP-LETT-661.xml,cb53cdce94d3366c494891858756b5d85208084c30c1dd0960209fe7a7887d2c
DCP-LETT-662A,Darwin,C. R.,Royal Geographical Society,,1843-02-01,Feb 1843,Down,,Royal Geographical Society,,,DCP-LETT-662A.xml,safe_within_period,from_darwin,1843-02-01,1843-02-28,bounded_range,True,data/raw/epsilon/ab0d973bae05b54d68d82d068211015996cfec06/expansions/1837-1843/letters/DCP-LETT-662A.xml,1e359fec31f8d9ae34bafd7a80296478e83f6acf56724b275b53166f4025157e
DCP-LETT-13865,Darwin,C. R.,Unidentified,,1843-03-01,1 Mar [1843-82],Down,,Sotheby’s (dealers) (12 November 1963),,,DCP-LETT-13865.xml,ambiguous_period,from_darwin,1843-03-01,1882-03-01,alternative_dates,True,data/raw/epsilon/ab0d973bae05b54d68d82d068211015996cfec06/expansions/1837-1843/letters/DCP-LETT-13865.xml,8f7e008d206e0ceb838289cb2122367138744a1edf2222872cb8f0f56300e97b
DCP-LETT-657,Darwin,C. R.,Owen,Richard,1843-03-01,[Mar 1843 – 15 May 1846],Down,,Michael H. McHugh (private collection),,,DCP-LETT-657.xml,ambiguous_period,from_darwin,1843-03-01,1846-05-15,bounded_range,True,data/raw/epsilon/ab0d973bae05b54d68d82d068211015996cfec06/expansions/1837-1843/letters/DCP-LETT-657.xml,26b1e78f830b49dabcef07d4524e4ec18edf2a76e167c35a135a47750450c89f
DCP-LETT-663,Darwin,C. R.,Geological Society of London,,1843-03-12,12 Mar [1843],Down,,Geological Society of London (GSL/L/R/7/354),,,DCP-LETT-663.xml,safe_within_period,from_darwin,1843-03-12,1843-03-12,single_xml_day,False,data/raw/epsilon/ab0d973bae05b54d68d82d068211015996cfec06/expansions/1837-1843/letters/DCP-LETT-663.xml,2ce386a3478befd544cdfa8fd3537f91e0fa73c4d63771458a0912eb5579ba5a
DCP-LETT-664,Darwin,C. R.,Hooker,W. J.,1843-03-12,12 Mar [1843],Down,,"Royal Botanic Gardens, Kew (Directors’ Correspondence: S. American letters 1838–44, 69: 40)",,,DCP-LETT-664.xml,safe_within_period,from_darwin,1843-03-12,1843-03-12,single_xml_day,False,data/raw/epsilon/ab0d973bae05b54d68d82d068211015996cfec06/expansions/1837-1843/letters/DCP-LETT-664.xml,0011cfdaba1a166adcdcabc70c2becf55db25c42ac157ce2c7ae52c44e53f10d
DCP-LETT-13772F,Darwin,C. R.,Baxter,W. W.,1843-03-16,16 Mar [1843-82],Down,,"Bromley Historic Collections, Bromley Central Library (144/1)",,,DCP-LETT-13772F.xml,ambiguous_period,from_darwin,1843-03-16,1882-03-16,alternative_dates,True,data/raw/epsilon/ab0d973bae05b54d68d82d068211015996cfec06/expansions/1837-1843/letters/DCP-LETT-13772F.xml,38864034402fdf141d24a4d163aea85299598844563c1760dea7c563717667dd
DCP-LETT-13772,Darwin,C. R.,Baxter,W. W.,1843-03-21,21 Mar [1843-82],Down,,"Bromley Historic Collections, Bromley Central Library (Baxter Collection, 1136/1)",,,DCP-LETT-13772.xml,ambiguous_period,from_darwin,1843-03-21,1882-03-21,alternative_dates,True,data/raw/epsilon/ab0d973bae05b54d68d82d068211015996cfec06/expansions/1837-1843/letters/DCP-LETT-13772.xml,b386ff2c5e5e13a6d7ada3bd13ea7d7618e4561548ba4a1ace1a1b2c9fe231f7
DCP-LETT-665,Darwin,C. R.,Fox,W. D.,1843-03-25,[25 Mar 1843],Down,,"Christ’s College Library, Cambridge (MS 53 Fox 66)",,,DCP-LETT-665.xml,safe_within_period,from_darwin,1843-03-25,1843-03-25,single_xml_day,False,data/raw/epsilon/ab0d973bae05b54d68d82d068211015996cfec06/expansions/1837-1843/letters/DCP-LETT-665.xml,2bcb9a5eaef067b9b5ef4b422d47a39e2d245d6debdf76e3a3db186bdbd74a47
DCP-LETT-666,Mostyn Owen,William,Darwin,C. R.,1843-03-26,26 Mar 1843,Woodhouse,,DAR 98: A3–4,,,DCP-LETT-666.xml,safe_within_period,to_darwin,1843-03-26,1843-03-26,single_xml_day,False,data/raw/epsilon/ab0d973bae05b54d68d82d068211015996cfec06/expansions/1837-1843/letters/DCP-LETT-666.xml,92eded3503be5d3ee181f7c138f5c1856a2a8f7a8243d4027f60cfbb20854257
DCP-LETT-667,Darwin,C. R.,FitzRoy,Robert,1843-03-31,31 Mar [1843],Down,,DAR 144: 118,,,DCP-LETT-667.xml,safe_within_period,from_darwin,1843-03-31,1843-03-31,single_xml_day,False,data/raw/epsilon/ab0d973bae05b54d68d82d068211015996cfec06/expansions/1837-1843/letters/DCP-LETT-667.xml,7ee1e8785cd04b9f8cb136f577954e20e3b7bd3f89d620b009be96752a67f5cc
DCP-LETT-667F,Darwin,C. R.,Kemp,William,1843-04-07,7 Apr [1843],Down,,Cambridge University Library (MS Add. 10252/14) (gift of Ruth Cramond and David Cramond),,,DCP-LETT-667F.xml,safe_within_period,from_darwin,1843-04-07,1843-04-07,single_xml_day,False,data/raw/epsilon/ab0d973bae05b54d68d82d068211015996cfec06/expansions/1837-1843/letters/DCP-LETT-667F.xml,3d51dd6baa2c23ba88f77d4b107bbbaa4583bdeca853c7a5b1fb9dfb023170dd
DCP-LETT-668,Darwin,C. R.,Lindley,John,1843-04-08,8 [Apr 1843],Down,,"Royal Botanic Gardens, Kew (Lindley letters, A–K: 189–90)",,,DCP-LETT-668.xml,safe_within_period,from_darwin,1843-04-08,1843-04-08,single_xml_day,False,data/raw/epsilon/ab0d973bae05b54d68d82d068211015996cfec06/expansions/1837-1843/letters/DCP-LETT-668.xml,7b6a4edea302b4959d6ccc2faee6deff9ece95d52956632855026e940a9452b0
DCP-LETT-669,Lindley,John,Darwin,C. R.,1843-04-08,[after 8 Apr 1843],Acton Green,,DAR 50: A23,,,DCP-LETT-669.xml,ambiguous_period,to_darwin,1843-04-09,1882-12-31,bounded_range,True,data/raw/epsilon/ab0d973bae05b54d68d82d068211015996cfec06/expansions/1837-1843/letters/DCP-LETT-669.xml,067769e4277b6acc8096289e366121fb888c88c678d335a9c858e3918f71716b
DCP-LETT-670,Lyell,Charles,Darwin,C. R.,1843-04-09,[9 Apr 1843],unstated,,"DAR 170: 81, 205.9: 393",,,DCP-LETT-670.xml,safe_within_period,to_darwin,1843-04-09,1843-04-09,single_xml_day,False,data/raw/epsilon/ab0d973bae05b54d68d82d068211015996cfec06/expansions/1837-1843/letters/DCP-LETT-670.xml,816395bdd1b8bf57e69cd8d0f9d15e1d94112324aa60ccdfc72e0ca0b3cdda3c
DCP-LETT-671,Hinds,R. B.,Darwin,C. R.,1843-04-21,21 Apr 1843,"London, Alfred Place, 29",,DAR 166: 219,,,DCP-LETT-671.xml,safe_within_period,to_darwin,1843-04-21,1843-04-21,single_xml_day,False,data/raw/epsilon/ab0d973bae05b54d68d82d068211015996cfec06/expansions/1837-1843/letters/DCP-LETT-671.xml,45e5967e528a5a7ee4262e6fd2eed4f4c4da2f8e2cab90474771c471384a5de2
DCP-LETT-671A,Darwin,C. R.,Mantell,G. A.,1843-04-21,21 [Apr 1843],Down,,"Alexander Turnbull Library, National Library of New Zealand (Mantell papers, MS-Papers-0083-033-4)",,,DCP-LETT-671A.xml,safe_within_period,from_darwin,1843-04-21,1843-04-21,single_xml_day,False,data/raw/epsilon/ab0d973bae05b54d68d82d068211015996cfec06/expansions/1837-1843/letters/DCP-LETT-671A.xml,d71c61dfae3746bda7fdf72392f01c5673df4e711610e6d9e72b1229ab0980d7
DCP-LETT-672,Darwin,C. R.,Jackson,Julian,1843-04-23,23 Apr [1843],Down,,Royal Geographical Society,,,DCP-LETT-672.xml,safe_within_period,from_darwin,1843-04-23,1843-04-23,single_xml_day,False,data/raw/epsilon/ab0d973bae05b54d68d82d068211015996cfec06/expansions/1837-1843/letters/DCP-LETT-672.xml,aae8fc0cdecb854a4b76663bed76d7d7ebb8b01907b0d24d0dd672cedabdbf4d
DCP-LETT-672F,Darwin,C. R.,Kemp,William,1843-04-24,24 [Apr 1843],Down,,Cambridge University Library (MS Add. 10252/15) (gift of Ruth Cramond and David Cramond),,,DCP-LETT-672F.xml,safe_within_period,from_darwin,1843-04-24,1843-04-24,single_xml_day,False,data/raw/epsilon/ab0d973bae05b54d68d82d068211015996cfec06/expansions/1837-1843/letters/DCP-LETT-672F.xml,9dece2c70f4dde38bed7f8ecb087759a148573df9f60fbdb592cf9c88c3c2d7d
DCP-LETT-673,Darwin,C. R.,Darwin,S. E.,1843-04-27,27[–8] Apr [1843],Down,,DAR 92: A11–13,,,DCP-LETT-673.xml,safe_within_period,from_darwin,1843-04-27,1843-04-28,bounded_range,True,data/raw/epsilon/ab0d973bae05b54d68d82d068211015996cfec06/expansions/1837-1843/letters/DCP-LETT-673.xml,165dd7152da39491d821895518d02045831565ffd22dcd2bc63f116d7c6ab2ae
DCP-LETT-675,Sulivan,B. J.,Darwin,C. R.,1843-05-10,[10 May 1843],Falkland Islands,,"DAR 39: 26–7, 39: 66–7, 46.1: 70–4",,,DCP-LETT-675.xml,safe_within_period,to_darwin,1843-05-10,1843-05-10,single_xml_day,False,data/raw/epsilon/ab0d973bae05b54d68d82d068211015996cfec06/expansions/1837-1843/letters/DCP-LETT-675.xml,28a8c80a6a6f8e024100f1783d6c4d83985810db7cee30bed69370d118f308ad
DCP-LETT-676,Darwin,C. R.,Mantell,G. A.,1843-05-13,13 May [1843],Down,,"Alexander Turnbull Library, National Library of New Zealand (Mantell papers, MS-Papers-0083-487 p.41)",,,DCP-LETT-676.xml,safe_within_period,from_darwin,1843-05-13,1843-05-13,single_xml_day,False,data/raw/epsilon/ab0d973bae05b54d68d82d068211015996cfec06/expansions/1837-1843/letters/DCP-LETT-676.xml,faa79811bd17322ce2247faf83d87ac8f9577f7c32bfa8fcecbdf489091da500
DCP-LETT-677,Darwin,C. R.,Horner,Leonard,1843-06-25,25 June 1843,Down,,American Philosophical Society (Mss.B.D25.31),,,DCP-LETT-677.xml,safe_within_period,from_darwin,1843-06-25,1843-06-25,single_xml_day,False,data/raw/epsilon/ab0d973bae05b54d68d82d068211015996cfec06/expansions/1837-1843/letters/DCP-LETT-677.xml,949a7e62290b4654f35fc532b040682f07c6d64478490a417b284d29303bae23
DCP-LETT-677A,Darwin,C. R.,"Smith, Elder & Co",,1843-06-29,29 June [1843],Down,,Kenneth W. Rendell (dealer) (1990),,,DCP-LETT-677A.xml,safe_within_period,from_darwin,1843-06-29,1843-06-29,single_xml_day,False,data/raw/epsilon/ab0d973bae05b54d68d82d068211015996cfec06/expansions/1837-1843/letters/DCP-LETT-677A.xml,caa83578a6787d2ee9b1c1f4d4cf5cadd5a8d1264f8a2b47e38a7bb3a81bf453
DCP-LETT-680,Darwin,C. R.,Colburn,Henry,1843-07-04,4 July [1843],Down,,American Philosophical Society (Mss.B.D25.),,,DCP-LETT-680.xml,safe_within_period,from_darwin,1843-07-04,1843-07-04,single_xml_day,False,data/raw/epsilon/ab0d973bae05b54d68d82d068211015996cfec06/expansions/1837-1843/letters/DCP-LETT-680.xml,670ca3b1adb9617d5b897f62b7c125a8b69a62ab0246bec88d581f09dcb8281d
DCP-LETT-680A,Darwin,C. R.,Dieffenbach,Ernst,1843-07-04,4 July [1843],Down,,Universitäts- und Landesbibliothek Darmstadt (Nachlass Künzel Br./3/VII/1),,,DCP-LETT-680A.xml,safe_within_period,from_darwin,1843-07-04,1843-07-04,single_xml_day,False,data/raw/epsilon/ab0d973bae05b54d68d82d068211015996cfec06/expansions/1837-1843/letters/DCP-LETT-680A.xml,7b5a4d4460a9a4b5ab409efd127d93d7b020ed322df45878bdac0ca9b801f1ed
DCP-LETT-681,Darwin,C. R.,Waterhouse,G. R.,1843-07-08,8 July 1843,Athenaeum Club,,"Natural History Museum, Library and Archives (General Library MSS WAT)",,,DCP-LETT-681.xml,safe_within_period,from_darwin,1843-07-08,1843-07-08,single_xml_day,False,data/raw/epsilon/ab0d973bae05b54d68d82d068211015996cfec06/expansions/1837-1843/letters/DCP-LETT-681.xml,9e5b47385a67c69cf8a575c63cca0d348ee43e62b7f7af542e76d90ce94819ed
DCP-LETT-970,Darwin,C. R.,Holland,Edward,1843-07-12,[after 12 July 1843],Down,,John L. McDonald (private collection),,,DCP-LETT-970.xml,ambiguous_period,from_darwin,1843-07-13,1882-12-31,bounded_range,True,data/raw/epsilon/ab0d973bae05b54d68d82d068211015996cfec06/expansions/1837-1843/letters/DCP-LETT-970.xml,5f126712c06659df9ed64dd7752b6d3c4098103cf2ef669524aae9493b5464a1
DCP-LETT-682,Darwin,C. R.,Dieffenbach,Ernst,1843-07-19,19 July [1843],Down,,"Historical Society of Pennsylvania (Gratz collection, case 12, box 7)",,,DCP-LETT-682.xml,safe_within_period,from_darwin,1843-07-19,1843-07-19,single_xml_day,False,data/raw/epsilon/ab0d973bae05b54d68d82d068211015996cfec06/expansions/1837-1843/letters/DCP-LETT-682.xml,eca50ef6de374bed2555791f8960baf762fcea99eae4f52d4a9bc3e0bd183516
DCP-LETT-683,Hinds,R. B.,Darwin,C. R.,1843-07-19,19 July [1843],unstated,,DAR 205.3: 276,,,DCP-LETT-683.xml,safe_within_period,to_darwin,1843-07-19,1843-07-19,single_xml_day,False,data/raw/epsilon/ab0d973bae05b54d68d82d068211015996cfec06/expansions/1837-1843/letters/DCP-LETT-683.xml,f403190b3878d245514b723ac96cd0e6d27fdc75e06edc3e154a0d3bdf3bd493
DCP-LETT-684,Darwin,C. R.,Waterhouse,G. R.,1843-07-26,[26 July 1843],Down,,DAR 185: 68,,,DCP-LETT-684.xml,safe_within_period,from_darwin,1843-07-26,1843-07-26,single_xml_day,False,data/raw/epsilon/ab0d973bae05b54d68d82d068211015996cfec06/expansions/1837-1843/letters/DCP-LETT-684.xml,701a8af6fae667acf1cd5a991e407d46ceb6e1d5236240c99480b4534601f87c
DCP-LETT-685,Darwin,C. R.,Waterhouse,G. R.,1843-07-31,[31 July 1843],Down,,DAR 185: 69,,,DCP-LETT-685.xml,safe_within_period,from_darwin,1843-07-31,1843-07-31,single_xml_day,False,data/raw/epsilon/ab0d973bae05b54d68d82d068211015996cfec06/expansions/1837-1843/letters/DCP-LETT-685.xml,3b574e14bb0bdba5bd1f9dd65db0b466f07305643a667a7fa0b99f870d496949
DCP-LETT-693,Darwin,C. R.,Gardeners’ Chronicle,,1843-08-01,[late Aug 1843],unstated,,"Gardeners’ Chronicle and Agricultural Gazette, no. 36, 9 September 1843, p. 628; Gard. Chron. 1843: 628",,,DCP-LETT-693.xml,safe_within_period,from_darwin,1843-08-01,1843-08-31,bounded_range,True,data/raw/epsilon/ab0d973bae05b54d68d82d068211015996cfec06/expansions/1837-1843/letters/DCP-LETT-693.xml,b2880f358593b851b7e2d06c01f094fa606b1fd597d53c4f5cb3ee8e91e15f56
DCP-LETT-686,Waterhouse,G. R.,Darwin,C. R.,1843-08-02,[c. 2 Aug 1843],unstated,,DAR 181: 12,,,DCP-LETT-686.xml,safe_within_period,to_darwin,1843-08-02,1843-08-02,single_xml_day,True,data/raw/epsilon/ab0d973bae05b54d68d82d068211015996cfec06/expansions/1837-1843/letters/DCP-LETT-686.xml,08cb3335cce7b78e065d0a7f9ed5d8ac9924c031a1fc203a0f833fd5da199fe6
DCP-LETT-687,Henslow,J. S.,Darwin,C. R.,1843-08-05,[5 Aug 1843],unstated,,DAR 205.7: 282,,,DCP-LETT-687.xml,safe_within_period,to_darwin,1843-08-05,1843-08-05,single_xml_day,False,data/raw/epsilon/ab0d973bae05b54d68d82d068211015996cfec06/expansions/1837-1843/letters/DCP-LETT-687.xml,0bf2d4fd85fed0836f9e8420ee94b092d318bc39733077f532839bae5dca9054
DCP-LETT-13867,Darwin,C. R.,Unidentified,,1843-08-07,7 Aug [1843-68],Down,,Daniel V. Grossman (private collection),,,DCP-LETT-13867.xml,ambiguous_period,from_darwin,1843-08-07,1868-08-07,alternative_dates,True,data/raw/epsilon/ab0d973bae05b54d68d82d068211015996cfec06/expansions/1837-1843/letters/DCP-LETT-13867.xml,e132c5910f887b89bacbc5e93a81a57aafcdd1f52dd36f36cc05816b6ded6b9c
DCP-LETT-688,Waterhouse,G. R.,Darwin,C. R.,1843-08-09,9 Aug 1843,unstated,,DAR 181: 13,,,DCP-LETT-688.xml,safe_within_period,to_darwin,1843-08-09,1843-08-09,single_xml_day,False,data/raw/epsilon/ab0d973bae05b54d68d82d068211015996cfec06/expansions/1837-1843/letters/DCP-LETT-688.xml,e9296623eb709af3a1c94bab29a9d93dcbe3edf0d0718e433fab81dae9c6d4fe
DCP-LETT-689,Darwin,C. R.,Dieffenbach,Ernst,1843-08-15,15 Aug [1843],Down,,J. A. Stargardt (dealers) (Catalogue 574 11–13 November 1965),,,DCP-LETT-689.xml,safe_within_period,from_darwin,1843-08-15,1843-08-15,single_xml_day,False,data/raw/epsilon/ab0d973bae05b54d68d82d068211015996cfec06/expansions/1837-1843/letters/DCP-LETT-689.xml,cd1af535be77c169e1092ead0d8d1b8d4ad60dda71ef3926cec59dae81822156
DCP-LETT-690,Lindley,John,Darwin,C. R.,1843-09-02,[before 2 Sept 1843],unstated,,DAR 50: A21–2,,,DCP-LETT-690.xml,ambiguous_period,to_darwin,1809-01-01,1843-09-01,bounded_range,True,data/raw/epsilon/ab0d973bae05b54d68d82d068211015996cfec06/expansions/1837-1843/letters/DCP-LETT-690.xml,8ad535014cebded4bae3e947146553a1eec8d1cd5139afd170747652ed5da3ea
DCP-LETT-691,Darwin,C. R.,Henslow,J. S.,1843-09-02,[2 Sept 1843],Down,,DAR 93: A8–10,,,DCP-LETT-691.xml,safe_within_period,from_darwin,1843-09-02,1843-09-02,single_xml_day,False,data/raw/epsilon/ab0d973bae05b54d68d82d068211015996cfec06/expansions/1837-1843/letters/DCP-LETT-691.xml,270469fd1fe8d4d89862b59a5f826dce6fc5a9baccd3dc548692729194f41a6f
DCP-LETT-692,Darwin,C. R.,Fox,W. D.,1843-09-04,[4 Sept 1843],Down,,"Christ’s College Library, Cambridge (MS 53 Fox 67)",,,DCP-LETT-692.xml,safe_within_period,from_darwin,1843-09-04,1843-09-04,single_xml_day,False,data/raw/epsilon/ab0d973bae05b54d68d82d068211015996cfec06/expansions/1837-1843/letters/DCP-LETT-692.xml,21aaa292afceb087d2fd0b8f294b38f052a03e1d6559ed85a35378cbca97657b
DCP-LETT-691F,Darwin,C. R.,Kemp,William,1843-09-08,[8 Sept 1843],Down,,Cambridge University Library (MS Add. 10252/23) (gift of Ruth Cramond and David Cramond),,,DCP-LETT-691F.xml,safe_within_period,from_darwin,1843-09-08,1843-09-08,single_xml_day,False,data/raw/epsilon/ab0d973bae05b54d68d82d068211015996cfec06/expansions/1837-1843/letters/DCP-LETT-691F.xml,203d3041ccea6a41569bbf0b611afe3fc8fe8998d8ca5731eea735d9ec9c44dc
DCP-LETT-695,Darwin,C. R.,Davis,J. E.,1843-09-15,15 Sept [1843],Down,,DAR 143: 374,,,DCP-LETT-695.xml,safe_within_period,from_darwin,1843-09-15,1843-09-15,single_xml_day,False,data/raw/epsilon/ab0d973bae05b54d68d82d068211015996cfec06/expansions/1837-1843/letters/DCP-LETT-695.xml,ef8a8830f41e6da69f13201ec5590dd191ab5fccfd7fc7c4c5e72a31323c1dae
DCP-LETT-696,Darwin,C. R.,Lyell,Charles,1843-09-15,[15 or 22] Sept 1843,Down,,American Philosophical Society (Mss.B.D25.32),,,DCP-LETT-696.xml,safe_within_period,from_darwin,1843-09-15,1843-09-22,alternative_dates,True,data/raw/epsilon/ab0d973bae05b54d68d82d068211015996cfec06/expansions/1837-1843/letters/DCP-LETT-696.xml,97e9198ac59696d7f644373964d61542d7467a0fee224164be3d873dfcf210b4
DCP-LETT-679,Darwin,C. R.,Hawkins,B. W.,1843-09-24,[c. 1 Oct 1843],Down,,Dartmouth College Library (MSS 843900.3),,,DCP-LETT-679.xml,safe_within_period,from_darwin,1843-09-24,1843-10-08,bounded_range,True,data/raw/epsilon/ab0d973bae05b54d68d82d068211015996cfec06/expansions/1837-1843/letters/DCP-LETT-679.xml,980cb776b07598f85763424e6dbda7a3feb620f6216d55f57cb86da10ac5bb01
DCP-LETT-697,Darwin,C. R.,Woodward,S. P.,1843-09-29,29 [Sept 1843],Down,,The British Library (Add MS 42579: 228–9),,,DCP-LETT-697.xml,safe_within_period,from_darwin,1843-09-29,1843-09-29,single_xml_day,False,data/raw/epsilon/ab0d973bae05b54d68d82d068211015996cfec06/expansions/1837-1843/letters/DCP-LETT-697.xml,0433dc94b81518b833ff38f964b47ad796052193c29c8f0f3994664114085667
DCP-LETT-698,Darwin,C. R.,Dieffenbach,Ernst,1843-10-02,2 Oct 1843,Down,,J. A. Stargardt (dealers) (Catalogue 574 11–13 November 1965),,,DCP-LETT-698.xml,safe_within_period,from_darwin,1843-10-02,1843-10-02,single_xml_day,False,data/raw/epsilon/ab0d973bae05b54d68d82d068211015996cfec06/expansions/1837-1843/letters/DCP-LETT-698.xml,534d19d4d468a94c6bc8ccf7c7f927bc0fd6dbb1e45cf95f86fc9b08de79e582
DCP-LETT-699,Kemp,William,Darwin,C. R.,1843-10-02,2 Oct 1843,Galashiels,,DAR 50: A8–11,,,DCP-LETT-699.xml,safe_within_period,to_darwin,1843-10-02,1843-10-02,single_xml_day,False,data/raw/epsilon/ab0d973bae05b54d68d82d068211015996cfec06/expansions/1837-1843/letters/DCP-LETT-699.xml,906d15c063c642e49de7d0fa1dfd61e09b8fabfb57d0a1ff7a80336d128c0e45
DCP-LETT-699F,Darwin,C. R.,Henslow,J. S.,1843-10-07,[before 7 Oct 1843],,,"Gardeners’ Chronicle, 7 October 1843, p. 694; Gardeners’ Chronicle, 7 October 1843, p. 694",,,DCP-LETT-699F.xml,ambiguous_period,from_darwin,1830-01-01,1843-10-06,bounded_range,True,data/raw/epsilon/ab0d973bae05b54d68d82d068211015996cfec06/expansions/1837-1843/letters/DCP-LETT-699F.xml,5e596ec65b95a8090be0ff715b4d3fddee23cacabdeb7f0bc608dabb23c9a2ab
DCP-LETT-700,Darwin,C. R.,Covington,Syms,1843-10-07,7 Oct 1843,Down,,"Sydney Mail, 9 August 1884, p. 254; Sydney Mail, 9 August 1884, p. 254",,,DCP-LETT-700.xml,safe_within_period,from_darwin,1843-10-07,1843-10-07,single_xml_day,False,data/raw/epsilon/ab0d973bae05b54d68d82d068211015996cfec06/expansions/1837-1843/letters/DCP-LETT-700.xml,4dbc4642f29cb4887792ed4cd31f803f87c8992e97906d5dff529447dff73752
DCP-LETT-701,Henslow,J. S.,Darwin,C. R.,1843-10-09,9 Oct 1843,Hitcham,,DAR 50: A24–5,,,DCP-LETT-701.xml,safe_within_period,to_darwin,1843-10-09,1843-10-09,single_xml_day,False,data/raw/epsilon/ab0d973bae05b54d68d82d068211015996cfec06/expansions/1837-1843/letters/DCP-LETT-701.xml,dd4c4f63a24a0f44822758d03fecf82256d9a0600ce0a9017f93176f80b6f695
DCP-LETT-701F,Darwin,C. R.,Kemp,William,1843-10-09,9 Oct [1843],Down,,Cambridge University Library (MS Add. 10252/16b and 10252/17) (gift of Ruth Cramond and David Cramond),,,DCP-LETT-701F.xml,safe_within_period,from_darwin,1843-10-09,1843-10-09,single_xml_day,False,data/raw/epsilon/ab0d973bae05b54d68d82d068211015996cfec06/expansions/1837-1843/letters/DCP-LETT-701F.xml,da57f0d4052763ac40954ca28580d0528c9262c734f238636bad5b955d346d60
DCP-LETT-702,Darwin,C. R.,"Smith, Elder & Co",,1843-10-09,[9 Oct 1843],Down,,Sotheby’s (dealers) (23–4 July 1979),,,DCP-LETT-702.xml,safe_within_period,from_darwin,1843-10-09,1843-10-09,single_xml_day,False,data/raw/epsilon/ab0d973bae05b54d68d82d068211015996cfec06/expansions/1837-1843/letters/DCP-LETT-702.xml,f1f51be57d88dde534a4fa54aee6ef33486616ae5c3d21e9418858176619d952
DCP-LETT-702A,Darwin,C. R.,Spearman,A. Y.,1843-10-09,9 Oct 1843,Down,,The National Archives (TNA) (T1/4861 paper 21128),,,DCP-LETT-702A.xml,safe_within_period,from_darwin,1843-10-09,1843-10-09,single_xml_day,False,data/raw/epsilon/ab0d973bae05b54d68d82d068211015996cfec06/expansions/1837-1843/letters/DCP-LETT-702A.xml,43df794bc0606eea1e8db7379b9bceb7f5eb9ab6a34b1c75bfc205c38d483813
DCP-LETT-703,Darwin,C. R.,Wedgwood,"Josiah, III",1843-10-12,[12–24] Oct 1843,Shrewsbury,,V&A / Wedgwood Collection (MS W/M 833),,,DCP-LETT-703.xml,safe_within_period,from_darwin,1843-10-12,1843-10-24,bounded_range,True,data/raw/epsilon/ab0d973bae05b54d68d82d068211015996cfec06/expansions/1837-1843/letters/DCP-LETT-703.xml,c8f0b560ebd225923081161f56e1175a9e158ace4c0915fcee721a003b03fdb6
DCP-LETT-704,Darwin,C. R.,Wedgwood,Emma,1843-10-12,[12–24 Oct 1843],Shrewsbury,,DAR 210.8: 21,,,DCP-LETT-704.xml,safe_within_period,from_darwin,1843-10-12,1843-10-24,bounded_range,True,data/raw/epsilon/ab0d973bae05b54d68d82d068211015996cfec06/expansions/1837-1843/letters/DCP-LETT-704.xml,39f89d90889084b5a30c3bd14d9a167196a74b53c09b8065737bf5e52dae9337
DCP-LETT-705,Darwin,C. R.,Henslow,J. S.,1843-10-14,[14 Oct 1843],Shrewsbury,,DAR 93: A11–12,,,DCP-LETT-705.xml,safe_within_period,from_darwin,1843-10-14,1843-10-14,single_xml_day,False,data/raw/epsilon/ab0d973bae05b54d68d82d068211015996cfec06/expansions/1837-1843/letters/DCP-LETT-705.xml,40b593d24f9a65058bf0530d9f0913fdc356a6dc3f021333bbfea9e4ca5e0c39
DCP-LETT-705F,Darwin,C. R.,Kemp,William,1843-10-14,[14 Oct 1843],Shrewsbury,,Cambridge University Library (MS Add. 10252/16a) (gift of Ruth Cramond and David Cramond),,,DCP-LETT-705F.xml,safe_within_period,from_darwin,1843-10-14,1843-10-14,single_xml_day,False,data/raw/epsilon/ab0d973bae05b54d68d82d068211015996cfec06/expansions/1837-1843/letters/DCP-LETT-705F.xml,fb971fda061415413a84fb18f6a9a38a87fddfc77f45242650bc67618f5d647c
DCP-LETT-706,Kemp,William,Darwin,C. R.,1843-10-17,17 Oct 1843,Galashiels,,DAR 50: A12–15,,,DCP-LETT-706.xml,safe_within_period,to_darwin,1843-10-17,1843-10-17,single_xml_day,False,data/raw/epsilon/ab0d973bae05b54d68d82d068211015996cfec06/expansions/1837-1843/letters/DCP-LETT-706.xml,c3f3c8062a94c2c14c6410d0a7b55c577351597f01578dbe4eaeb562670dc37c
DCP-LETT-707,Henslow,J. S.,Darwin,C. R.,1843-10-17,17 Oct 1843,Hitcham,,DAR 50: A26–7,,,DCP-LETT-707.xml,safe_within_period,to_darwin,1843-10-17,1843-10-17,single_xml_day,False,data/raw/epsilon/ab0d973bae05b54d68d82d068211015996cfec06/expansions/1837-1843/letters/DCP-LETT-707.xml,a255a9739a95fd07c6bdf4c44ea7a61ba521defc00225f7dc4bf90bd612b7f8a
DCP-LETT-708,Babington,C. C.,Darwin,C. R.,1843-10-26,26 Oct 1843,"St John’s College, Cambridge",,DAR 50: A28,,,DCP-LETT-708.xml,safe_within_period,to_darwin,1843-10-26,1843-10-26,single_xml_day,False,data/raw/epsilon/ab0d973bae05b54d68d82d068211015996cfec06/expansions/1837-1843/letters/DCP-LETT-708.xml,0f6b507f205fb38c5373847968a3d6e3acda7113fd7d6dfcdb93169924f12e42
DCP-LETT-709,Darwin,C. R.,"Smith, Elder & Co",,1843-10-27,27 Oct [1843],Down,,"University of Virginia Library, Special Collections (3314 1: 29)",,,DCP-LETT-709.xml,safe_within_period,from_darwin,1843-10-27,1843-10-27,single_xml_day,False,data/raw/epsilon/ab0d973bae05b54d68d82d068211015996cfec06/expansions/1837-1843/letters/DCP-LETT-709.xml,68980f38049dace584babf8a8bf824724e595040f1a64f2a3dd927f08e8e3593
DCP-LETT-710,Darwin,C. R.,Waterhouse,G. R.,1843-11-01,[Nov 1843],Down,,"Natural History Museum, Library and Archives (General Library MSS WAT)",,,DCP-LETT-710.xml,safe_within_period,from_darwin,1843-11-01,1843-11-30,bounded_range,True,data/raw/epsilon/ab0d973bae05b54d68d82d068211015996cfec06/expansions/1837-1843/letters/DCP-LETT-710.xml,4fb414183773dbd7ba2d7ad6a3577973bac53b140f971f8a5ee0b51ff9e92e69
DCP-LETT-710F,Darwin,C. R.,Kemp,William,1843-11-01,1 Nov [1843],Down,,Cambridge University Library (MS Add. 10252/18) (gift of Ruth Cramond and David Cramond),,,DCP-LETT-710F.xml,safe_within_period,from_darwin,1843-11-01,1843-11-01,single_xml_day,False,data/raw/epsilon/ab0d973bae05b54d68d82d068211015996cfec06/expansions/1837-1843/letters/DCP-LETT-710F.xml,077e1470b04414e1077bee68cf8c17a8457d105ae98f5826fcf42c2e043e5fe6
DCP-LETT-711,Kemp,William,Darwin,C. R.,1843-11-04,4 Nov 1843,Galashiels,,DAR 50: A16,,,DCP-LETT-711.xml,safe_within_period,to_darwin,1843-11-04,1843-11-04,single_xml_day,False,data/raw/epsilon/ab0d973bae05b54d68d82d068211015996cfec06/expansions/1837-1843/letters/DCP-LETT-711.xml,44161deabd62136e2e17c046e1e3406c1fb37a062bad88958a2cc1b260a6deac
DCP-LETT-712,Darwin,C. R.,Henslow,J. S.,1843-11-04,[4 Nov 1843],Down,,DAR 93: A13–14,,,DCP-LETT-712.xml,safe_within_period,from_darwin,1843-11-04,1843-11-04,single_xml_day,False,data/raw/epsilon/ab0d973bae05b54d68d82d068211015996cfec06/expansions/1837-1843/letters/DCP-LETT-712.xml,60a89c3b1a749f1d7e31779a672e4cae7955b8c14bb3e641bd440e2ca09ac407
DCP-LETT-711F,Darwin,C. R.,Kemp,William,1843-11-09,[9 Nov 1843],Down,,Cambridge University Library (MS Add. 10252/20) (gift of Ruth Cramond and David Cramond),,,DCP-LETT-711F.xml,safe_within_period,from_darwin,1843-11-09,1843-11-09,single_xml_day,False,data/raw/epsilon/ab0d973bae05b54d68d82d068211015996cfec06/expansions/1837-1843/letters/DCP-LETT-711F.xml,7041acea2d24253a36e87084c123c301c23a0a4c1960a6a61ea4f29b672a6d1a
DCP-LETT-713,Kemp,William,Darwin,C. R.,1843-11-10,10 Nov 1843,Galashiels,,DAR 50: A17,,,DCP-LETT-713.xml,safe_within_period,to_darwin,1843-11-10,1843-11-10,single_xml_day,False,data/raw/epsilon/ab0d973bae05b54d68d82d068211015996cfec06/expansions/1837-1843/letters/DCP-LETT-713.xml,aa81e67887064993fbad3bc9aa3fda17a0c1fdf9a35c5036c3f89d48c267f071
DCP-LETT-714,Darwin,C. R.,Hooker,J. D.,1843-11-13,[13 or 20] Nov 1843,Down,,DAR 114: 1,,,DCP-LETT-714.xml,safe_within_period,from_darwin,1843-11-13,1843-11-20,alternative_dates,True,data/raw/epsilon/ab0d973bae05b54d68d82d068211015996cfec06/expansions/1837-1843/letters/DCP-LETT-714.xml,1c460016d3878249d0f6583ed1a5d86496a28c2cb8156910c06cb9e213a41bc2
DCP-LETT-715,Darwin,C. R.,Fox,W. D.,1843-11-20,[20 Nov 1843],Down,,"Christ’s College Library, Cambridge (MS 53 Fox 68)",,,DCP-LETT-715.xml,safe_within_period,from_darwin,1843-11-20,1843-11-20,single_xml_day,False,data/raw/epsilon/ab0d973bae05b54d68d82d068211015996cfec06/expansions/1837-1843/letters/DCP-LETT-715.xml,a4041103246da0c0a0adeed1869bc187f8968d6d7968ee3b11a8a21e90189572
DCP-LETT-715F,Darwin,C. R.,Kemp,William,1843-11-22,22 Nov [1843],Down,,Cambridge University Library (MS Add. 10252/21) (gift of Ruth Cramond and David Cramond),,,DCP-LETT-715F.xml,safe_within_period,from_darwin,1843-11-22,1843-11-22,single_xml_day,False,data/raw/epsilon/ab0d973bae05b54d68d82d068211015996cfec06/expansions/1837-1843/letters/DCP-LETT-715F.xml,09c1e2fe33bb2fbd84709d51d4d343b5b618f91b77f5e89e929ba58a71bd69b4
DCP-LETT-716,Kemp,William,Darwin,C. R.,1843-11-24,24 Nov 1843,Galashiels,,DAR 50: A18,,,DCP-LETT-716.xml,safe_within_period,to_darwin,1843-11-24,1843-11-24,single_xml_day,False,data/raw/epsilon/ab0d973bae05b54d68d82d068211015996cfec06/expansions/1837-1843/letters/DCP-LETT-716.xml,19f9bbb54dc67dc549ef7db73510a2313bc01a7bdf2a8be0f5d8c5182dcf287e
DCP-LETT-717,Hooker,J. D.,Darwin,C. R.,1843-11-28,28 Nov 1843,Kew,,DAR 100: 1–4,,,DCP-LETT-717.xml,safe_within_period,to_darwin,1843-11-28,1843-11-28,single_xml_day,False,data/raw/epsilon/ab0d973bae05b54d68d82d068211015996cfec06/expansions/1837-1843/letters/DCP-LETT-717.xml,0a52c4434a60b2220c1c828417b6693d8f67a2d68202176d1ef06311a38cac23
DCP-LETT-716F,Darwin,C. R.,Kemp,William,1843-12-01,1 Dec [1843],Down,,Cambridge University Library (MS Add. 10252/22) (gift of Ruth Cramond and David Cramond),,,DCP-LETT-716F.xml,safe_within_period,from_darwin,1843-12-01,1843-12-01,single_xml_day,False,data/raw/epsilon/ab0d973bae05b54d68d82d068211015996cfec06/expansions/1837-1843/letters/DCP-LETT-716F.xml,01ebbae9ce0c606834507349986e91b38487122c743bf5b5a7787a0fcb6211a1
DCP-LETT-719,Darwin,C. R.,Darwin,S. E.,1843-12-02,2 Dec 1843,Down,,DAR 154: 87,,,DCP-LETT-719.xml,safe_within_period,from_darwin,1843-12-02,1843-12-02,single_xml_day,False,data/raw/epsilon/ab0d973bae05b54d68d82d068211015996cfec06/expansions/1837-1843/letters/DCP-LETT-719.xml,280e1aae76847c904c4c3307d3c1811c48b0c3facc014c50ff304b7f0440381b
DCP-LETT-718,Darwin,C. R.,Waterhouse,G. R.,1843-12-03,[3 or 17] Dec 1843,Down,,"Natural History Museum, Library and Archives (General Special Collections MSS DAR A 3)",,,DCP-LETT-718.xml,safe_within_period,from_darwin,1843-12-03,1843-12-17,alternative_dates,True,data/raw/epsilon/ab0d973bae05b54d68d82d068211015996cfec06/expansions/1837-1843/letters/DCP-LETT-718.xml,917572ee37545d60a3ad0e867274a24992ae7ddb104cf935fae5279696712ab0
DCP-LETT-720,Kemp,William,Darwin,C. R.,1843-12-04,4 Dec 1843,Galashiels,,DAR 50: A19–20,,,DCP-LETT-720.xml,safe_within_period,to_darwin,1843-12-04,1843-12-04,single_xml_day,False,data/raw/epsilon/ab0d973bae05b54d68d82d068211015996cfec06/expansions/1837-1843/letters/DCP-LETT-720.xml,b0725e8231f4af895698316730855109a8533ca95572641e74b2d121dc6b1841
DCP-LETT-720F,Darwin,C. R.,Kemp,William,1843-12-07,7 Dec [1843],Down,,Cambridge University Library (MS Add. 10252/25) (gift of Ruth Cramond and David Cramond),,,DCP-LETT-720F.xml,safe_within_period,from_darwin,1843-12-07,1843-12-07,single_xml_day,False,data/raw/epsilon/ab0d973bae05b54d68d82d068211015996cfec06/expansions/1837-1843/letters/DCP-LETT-720F.xml,3f508eb4790bf8a71fddb109706af4155c6618e2a77f55b3eabd88f4bd53d323
DCP-LETT-674,Darwin,C. R.,Darwin,S. E.,1843-12-08,[8 Dec 1843],unstated,,DAR 92: A14–15,,,DCP-LETT-674.xml,safe_within_period,from_darwin,1843-12-08,1843-12-08,single_xml_day,False,data/raw/epsilon/ab0d973bae05b54d68d82d068211015996cfec06/expansions/1837-1843/letters/DCP-LETT-674.xml,92dc0471837a72a3ac01ab5cbefa8df889a0c77cb01190717b574932d6fb7cc6
DCP-LETT-721,Walker,Francis,Darwin,C. R.,1843-12-10,10 Dec 1843,Southgate,,DAR 205.3: 294,,,DCP-LETT-721.xml,safe_within_period,to_darwin,1843-12-10,1843-12-10,single_xml_day,False,data/raw/epsilon/ab0d973bae05b54d68d82d068211015996cfec06/expansions/1837-1843/letters/DCP-LETT-721.xml,fbb9b7214212fa5fe73abf93d026511eb580d1943a9782842dcd83280ff55121
DCP-LETT-722,Darwin,C. R.,Hooker,J. D.,1843-12-12,[12 Dec 1843],Down,,DAR 114: 2,,,DCP-LETT-722.xml,safe_within_period,from_darwin,1843-12-12,1843-12-12,single_xml_day,False,data/raw/epsilon/ab0d973bae05b54d68d82d068211015996cfec06/expansions/1837-1843/letters/DCP-LETT-722.xml,4c6f1a2506a931e40850871ea0916d063d39d675f4c503ea09006191d17a2a89
DCP-LETT-723,Hooker,J. D.,Darwin,C. R.,1843-12-12,[12 Dec 1843 – 11 Jan 1844],unstated,,DAR 104: 206–7,,,DCP-LETT-723.xml,ambiguous_period,to_darwin,1843-12-12,1844-01-11,bounded_range,True,data/raw/epsilon/ab0d973bae05b54d68d82d068211015996cfec06/expansions/1837-1843/letters/DCP-LETT-723.xml,0ad9729201e124036484ba0b33f4daf5dc28d7f095d78df8164958cf7f1838a2
DCP-LETT-724,Darwin,C. R.,Lyell,Charles,1843-12-16,[16 Dec 1843],Down,,American Philosophical Society (Mss.B.D25.33),,,DCP-LETT-724.xml,safe_within_period,from_darwin,1843-12-16,1843-12-16,single_xml_day,False,data/raw/epsilon/ab0d973bae05b54d68d82d068211015996cfec06/expansions/1837-1843/letters/DCP-LETT-724.xml,94f0c0dd22e20a4394639d509a013c7970518d573a24322aa462a18bdd96e25d
DCP-LETT-725,Darwin,C. R.,Dieffenbach,Ernst,1843-12-16,16 Dec 1843,Down,,J. A. Stargardt (dealers) (Catalogue 574 11–13 November 1965),,,DCP-LETT-725.xml,safe_within_period,from_darwin,1843-12-16,1843-12-16,single_xml_day,False,data/raw/epsilon/ab0d973bae05b54d68d82d068211015996cfec06/expansions/1837-1843/letters/DCP-LETT-725.xml,492ef1ca4f22728c1906e9d6b14b4be5118650e31228e4af6e0e5653243e2777
DCP-LETT-13787,Darwin,C. R.,Cresy,"Edward, Jr",1843-12-26,26 [Dec 1843 - Apr 1846 or Sept 1855 - Oct 1860],Down,,DAR 143: 311,,,DCP-LETT-13787.xml,ambiguous_period,from_darwin,1843-12-26,1860-10-26,alternative_dates,True,data/raw/epsilon/ab0d973bae05b54d68d82d068211015996cfec06/expansions/1837-1843/letters/DCP-LETT-13787.xml,78a6ad75657d25a13e7d8fa1c20df263b4d331cdf655c8cbe06a7d1799555893
