letter_id,direction,letter_date_original,body_paragraph,matched_text,reference_kind,context,source_url,id
DCP-LETT-42,from_darwin,12 [June 1828],5,before the 22d,day_reference,"…d long letter about yourself & all other insects: My plans remain the same as formerly. I am going to Barmouth for two months.— If you have not written to my brother, write to him before the 22d. & direct, Poste Restante, Munich I hope you will be able to send me a better account of Miss Fox, when you write; tell me whether you intend going to Tenby?",https://www.darwinproject.ac.uk/letter/?docId=letters/DCP-LETT-42.xml,DCP-LETT-42-p5-c571
DCP-LETT-45,from_darwin,[29 July 1828],4,sep,month_reference,"Inter Coleoptera—. A carabus, larger than the Violaceus, jet black & smooth.— Of the Carabidæ, one very odd one; black polished; very long; thorax, orbicular, & sep⁠⟨⁠arate⁠⟩⁠ from the abdomen, of this length caught near sea side.— A Donacia, with calves as big as mine; several large Cimices, one most beautiful, scarlet & black;— a red & blac…",https://www.darwinproject.ac.uk/letter/?docId=letters/DCP-LETT-45.xml,DCP-LETT-45-p4-c161
DCP-LETT-45A,from_darwin,[10 Aug 1828],2,on the 27th,day_reference,"…actory scr⁠⟨⁠awl⁠⟩⁠ pretends to be nothing but what it really is.— If you condescend to answer this, which God knows is not worthy of an answer, you must direct, to Shrewsbury, as on the 27th I leave this place. Herbert says he intends writing soon to you.—",https://www.darwinproject.ac.uk/letter/?docId=letters/DCP-LETT-45A.xml,DCP-LETT-45A-p2-c851
DCP-LETT-46,from_darwin,[19 Aug 1828],4,on the 27th,day_reference,"I hope, if you can, that you will answer this letter directly, as on the 27th. I leave for Shrewsbury, direct Post Office Barmouth: Look over my former letters, & answer my Entomolo: questions. It is quite absurd how interested I am getting about the scienc…",https://www.darwinproject.ac.uk/letter/?docId=letters/DCP-LETT-46.xml,DCP-LETT-46-p4-c66
DCP-LETT-46,from_darwin,[19 Aug 1828],6,October,month_reference,"…e experiment to be tried A part of your letter has given me a Panic, you say you do not know when you shall return to Cambridge I most sincerely hope it only means at what time in October I should be quite lost without my good old Entomological Tutor.—",https://www.darwinproject.ac.uk/letter/?docId=letters/DCP-LETT-46.xml,DCP-LETT-46-p6-c395
DCP-LETT-46,from_darwin,[19 Aug 1828],10,before the 27th,day_reference,Perhaps you had better direct to Shrewsbury as there is hardly time to receive a letter before the 27th.,https://www.darwinproject.ac.uk/letter/?docId=letters/DCP-LETT-46.xml,DCP-LETT-46-p10-c88
DCP-LETT-66,from_darwin,7 June [1829],1,October,month_reference,"…er to see about your commissions, then write to you & wait for an answer: accordingly I have been obliged to act to the best in my power, & the imperfections must be supplied next October: I booked & sent of per waggon, a portmanteau & deal box yesterday, containing I hope & trust every thing except your skins of birds & prints; Pulleine had left such imperfect dir…",https://www.darwinproject.ac.uk/letter/?docId=letters/DCP-LETT-66.xml,DCP-LETT-66-p1-c232
DCP-LETT-70,from_darwin,26 [Aug 1829],1,September,month_reference,"… much obliged for your most kind & welcome invitation to Osmaston. And, as by good luck your visit into Yorkshire has been delayed, if it will suit you, I will come there early in September.— I intend going to Maer for the first, & shall stay there about a week, after which I will come through Newcastle to Derby.— I will write & let you know when I can find out about…",https://www.darwinproject.ac.uk/letter/?docId=letters/DCP-LETT-70.xml,DCP-LETT-70-p1-c311
DCP-LETT-82,from_darwin,25 [Aug 1830],2,October,month_reference,"…e.— of course every thing my rooms contain is most entirely at your service: you do not know how it would please me if there is any chance of your being there in the first week in October, by which time I would be up, if it were merely to eat our breakfasts together as we did in good old times.—",https://www.darwinproject.ac.uk/letter/?docId=letters/DCP-LETT-82.xml,DCP-LETT-82-p2-c471
DCP-LETT-82,from_darwin,25 [Aug 1830],3,September,month_reference,"I shall be at Maer for the first week or 10 days in September, & write to me there, (direction is Maer, Newcastle, Staffordshire) & tell me your plans.—",https://www.darwinproject.ac.uk/letter/?docId=letters/DCP-LETT-82.xml,DCP-LETT-82-p3-c52
DCP-LETT-102A,from_darwin,[19 July 1831],2,August,month_reference,"…erve even so long a letter, as I have written. You do not even mention how you like Barmouth, whom you have there, what you do &c &c &c.— I think I shall most certainly see you in August till then, believe me dear Whitley | yours Chas Darwin.—",https://www.darwinproject.ac.uk/letter/?docId=letters/DCP-LETT-102A.xml,DCP-LETT-102A-p2-c194
DCP-LETT-106,to_darwin,[c. 26 Aug 1831],4,September,month_reference,"The ship sails about the end of September & you must lose no time in making known your acceptance to Captain Beaufort, Admiralty hydr I have had a good deal of correspondence about this matter, who feels in common with my…",https://www.darwinproject.ac.uk/letter/?docId=letters/DCP-LETT-106.xml,DCP-LETT-106-p4-c32
DCP-LETT-107,from_darwin,30 [Aug 1831],2,October,month_reference,"…Naturalist was not long ago fixed upon?— I am very much obliged for the trouble you have had about it—there certainly could not have been a better opportunity.— I shall come up in October to Cambridge, when I long to have some talk with you.— I will write to Mr. Peacock at Denton, (in Durham?) but his direction is written so badly, that even with the assistance of …",https://www.darwinproject.ac.uk/letter/?docId=letters/DCP-LETT-107.xml,DCP-LETT-107-p2-c208
DCP-LETT-120,from_darwin,6 [Sept 1831],1,29th of August,calendar_date,"When you read this you will understand why I have not answered your letter earlier.— I returned from a geological trip with Prof: Sedgwick in N Wales on Monday 29th of August.— I found your letter there, & with a joint one from Henslow & Peacock of Trinity, offering me the place of Naturalist in a vessel fitted for going round the world.— This I at fir…",https://www.darwinproject.ac.uk/letter/?docId=letters/DCP-LETT-120.xml,DCP-LETT-120-p1-c160
DCP-LETT-120,from_darwin,6 [Sept 1831],1,1st of September,calendar_date,"…d.— This I at first, (owing to my Father not liking it I refused) but my Uncle, Mr. Wedgwood, took every thing in such a different point of view, that we returned to Shrewsbury on 1st of September, & convinced my Father.— On 2d started for Cam: then again from a discouraging letter from my captain I again gave it up. But yesterday every thing was smoother.—& I think it most…",https://www.darwinproject.ac.uk/letter/?docId=letters/DCP-LETT-120.xml,DCP-LETT-120-p1-c517
DCP-LETT-120,from_darwin,6 [Sept 1831],1,On 2d,day_reference,"…ot liking it I refused) but my Uncle, Mr. Wedgwood, took every thing in such a different point of view, that we returned to Shrewsbury on 1st of September, & convinced my Father.— On 2d started for Cam: then again from a discouraging letter from my captain I again gave it up. But yesterday every thing was smoother.—& I think it most probable I shall go: but it is…",https://www.darwinproject.ac.uk/letter/?docId=letters/DCP-LETT-120.xml,DCP-LETT-120-p1-c559
DCP-LETT-120,from_darwin,6 [Sept 1831],1,10th October,calendar_date,"…in S America chiefly S. extremity, we shall see every principle city in it.—then through South sea islands, Australia, India, Home.— Of course nothing is quite certain. we sail on 10th October.— of course I will write to you again.—",https://www.darwinproject.ac.uk/letter/?docId=letters/DCP-LETT-120.xml,DCP-LETT-120-p1-c1256
DCP-LETT-125,to_darwin,13 Sept 1831,2,Octr. 1st,calendar_date,"… walk home. We heard of Miller geologizing at Harlech, & I have despatched your letter to Sedgwick, at Caernarfon. We are going on in the usual way & I hope to be at Shrewsbury by Octr. 1st. Now I expect that you will write to me, if it be only a letter of three lines, to say if you shall be at Salop again & when? in as much as I desire greatly to see you again. You …",https://www.darwinproject.ac.uk/letter/?docId=letters/DCP-LETT-125.xml,DCP-LETT-125-p2-c435
DCP-LETT-131,from_darwin,[19 Sept 1831],1,1st. of October,calendar_date,"…t your kindness in helping me in every possible way to my end with the truest pleasure.— I start for Cam tonight, and from thence to Shrewsbury and shall again be in London by the 1st. of October. If you have time and have anything to communicate, I shall be most grateful for a letter as I shall be anxious to hear how everything is going on. Captn. Beaufort said he thought…",https://www.darwinproject.ac.uk/letter/?docId=letters/DCP-LETT-131.xml,DCP-LETT-131-p1-c1564
DCP-LETT-132,from_darwin,19 [Sept 1831],3,1st of October,calendar_date,"…mail to Cambridge, & from thence after settling my affairs proceed to Shrewsbury (most likely on Friday 23d or perhaps before): there I shall stay a few days & be in London by the 1st of October, & start for Plymouth on the 9th.— And now for the principal part of my letter.— I do not know how to tell you how very kind I feel your offer of coming to see me before I leave E…",https://www.darwinproject.ac.uk/letter/?docId=letters/DCP-LETT-132.xml,DCP-LETT-132-p3-c252
DCP-LETT-132,from_darwin,19 [Sept 1831],3,on the 9th,day_reference,"…r settling my affairs proceed to Shrewsbury (most likely on Friday 23d or perhaps before): there I shall stay a few days & be in London by the 1st of October, & start for Plymouth on the 9th.— And now for the principal part of my letter.— I do not know how to tell you how very kind I feel your offer of coming to see me before I leave England.— Indeed I should like it …",https://www.darwinproject.ac.uk/letter/?docId=letters/DCP-LETT-132.xml,DCP-LETT-132-p3-c289
DCP-LETT-140,from_darwin,[4 or 11] Oct 1831,2,November,month_reference,"…ge you may choose:— I will write to him on the subject: I am so very busy, as never was anything like it before: I have hardly time to look about me: I suppose we do not sail till November, so that I will, of course write to you from Devonport.— Mr. Brown has been of great use to me, & most exceedingly pleasant & goodnatured.—",https://www.darwinproject.ac.uk/letter/?docId=letters/DCP-LETT-140.xml,DCP-LETT-140-p2-c637
DCP-LETT-140,from_darwin,[4 or 11] Oct 1831,4,16th,bare_day_reference,"Will you be kind enough to write to me, before I leave London on Sunday 16th. about consingements",https://www.darwinproject.ac.uk/letter/?docId=letters/DCP-LETT-140.xml,DCP-LETT-140-p4-c72
DCP-LETT-141,to_darwin,[6 Oct 1831],1,on the 15th,day_reference,…he Forest without you—& how sorry I shall be to have nobody to scold out of the Painting room— I have heard no particulars of your voyage from any body but that you expect to sail on the 15th—if you have a little spare half hour before you go do write to me again I should like so much to hear from you and direct Post Office Leamington— I shall be staying there for a fe…,https://www.darwinproject.ac.uk/letter/?docId=letters/DCP-LETT-141.xml,DCP-LETT-141-p1-c1195
DCP-LETT-144,from_darwin,30 [Oct 1831],1,2d,bare_day_reference,"…my 11 books of Euclid, & first part of Algebra (including binomial theorem?) I may then begin Trigonometry after which must I begin Spherical? are there any important parts in the 2d & 3d parts of Woods Algebra.— It is almost a shame to ask you, but I should be much obliged if you would write to me pretty soon.— You must be very busy; for if Messrs. Askew & Da…",https://www.darwinproject.ac.uk/letter/?docId=letters/DCP-LETT-144.xml,DCP-LETT-144-p1-c2199
DCP-LETT-144,from_darwin,30 [Oct 1831],1,3d,bare_day_reference,"… books of Euclid, & first part of Algebra (including binomial theorem?) I may then begin Trigonometry after which must I begin Spherical? are there any important parts in the 2d & 3d parts of Woods Algebra.— It is almost a shame to ask you, but I should be much obliged if you would write to me pretty soon.— You must be very busy; for if Messrs. Askew & Darnell…",https://www.darwinproject.ac.uk/letter/?docId=letters/DCP-LETT-144.xml,DCP-LETT-144-p1-c2204
DCP-LETT-149,from_darwin,17 [Nov 1831],1,till the 5th,day_reference,"I daresay you will be surprised to see my hand-writing, you I suppose thought that I was far on the high seas.— We have had delay after delay & now we do not sail till the 5th of next month.— I always had intended writing to you before making my final exit.— But as that period is so far distant.—I made up my mind to do it earlier.— I do not think I can …",https://www.darwinproject.ac.uk/letter/?docId=letters/DCP-LETT-149.xml,DCP-LETT-149-p1-c163
DCP-LETT-149,from_darwin,17 [Nov 1831],3,5th,bare_day_reference,"…hink that I, an unfortunate landsman, am going to undertake such a voyage,—I long for the time, when sea sickness will drown all such feelings & that time I do suppose will be the 5th of next month.— Will you write to me, & tell me, how you are getting on.— I heard of you at the Music Meeting & that you sat by the incomparable Charlotte. Report progress. I have…",https://www.darwinproject.ac.uk/letter/?docId=letters/DCP-LETT-149.xml,DCP-LETT-149-p3-c1186
DCP-LETT-152,from_darwin,3 Dec [1831],2,February,month_reference,"…urs, & that it is your bounden duty to lecture me.— I will now give you my direction: it is, at first, Rio; but, if you will send me letter on first Tuesday (when packet sails) in February, directed to Monte Video, it will give me very great pleasure. I shall so much enjoy hearing a little Cambridge news.— Poor dear old Alma Mater. I am a very worthy son in as far a…",https://www.darwinproject.ac.uk/letter/?docId=letters/DCP-LETT-152.xml,DCP-LETT-152-p2-c240
DCP-LETT-153,to_darwin,20–31 Dec [1831],2,January,month_reference,"…m our having forgotten to write, but from its having miscarried— Mr. Towers tells us that Government Packets sail the first Tuesday in every month & I shall send of this letter by January Packet. remember how long the communication must be between us & give directions in proper time how long we are to continue writing to Monte Video & where afterwards— & now I want…",https://www.darwinproject.ac.uk/letter/?docId=letters/DCP-LETT-153.xml,DCP-LETT-153-p2-c1503
DCP-LETT-153,to_darwin,20–31 Dec [1831],5,Dec 29th,calendar_date,Dec 29th. Dear Charles I have just had your letter of the 27th. on the point of sailing & I must say a few words to you for after reading any of your charming letters I never can read for …,https://www.darwinproject.ac.uk/letter/?docId=letters/DCP-LETT-153.xml,DCP-LETT-153-p5-c0
DCP-LETT-153,to_darwin,20–31 Dec [1831],5,of the 27th,day_reference,Dec 29th. Dear Charles I have just had your letter of the 27th. on the point of sailing & I must say a few words to you for after reading any of your charming letters I never can read for very long afterwards & usually take a solo walk & thin…,https://www.darwinproject.ac.uk/letter/?docId=letters/DCP-LETT-153.xml,DCP-LETT-153-p5-c51
DCP-LETT-153,to_darwin,20–31 Dec [1831],6,Decr 31,calendar_date,"Decr 31. I got your second letter on Thursday written when the “anchors were weighing, sails, unfurling”—& as my letter written on Tuesday returned this morning with (The Beagle has saile…",https://www.darwinproject.ac.uk/letter/?docId=letters/DCP-LETT-153.xml,DCP-LETT-153-p6-c0
DCP-LETT-153,to_darwin,20–31 Dec [1831],8,February,month_reference,"Susan and Cath want this flap to write a few lines to you, but their long letter will go by February packet directed to Rio unless in the mean time we have fresh direction— If you write to Eras, shall you direct to his Club? as he talks of leaving his Regent St. lodging—but he ha…",https://www.darwinproject.ac.uk/letter/?docId=letters/DCP-LETT-153.xml,DCP-LETT-153-p8-c92
DCP-LETT-153,to_darwin,20–31 Dec [1831],12,1st of February,calendar_date,"…uch affection and feeling. I wish you could see his countenance about you. I have been several times at Woodhouse lately, for Balls. I will write more to you, I am determined, the 1st of February. Goodbye, my dearest Charles, | Catherine.—",https://www.darwinproject.ac.uk/letter/?docId=letters/DCP-LETT-153.xml,DCP-LETT-153-p12-c1002
DCP-LETT-153,to_darwin,20–31 Dec [1831],13,1st. of Feb,calendar_date,…very interesting. I am very sanguine about yr enjoyment as I think you are like myself & always look at the best side. I shall commence on a folio sheet in a very few days for the 1st. of Feb & now I must bid you Good bye wishing you a most happy prosperous New Year which begins tomorrow Ever Dear⁠⟨⁠est⁠⟩⁠ C yr most affectionate Susan Darwin,https://www.darwinproject.ac.uk/letter/?docId=letters/DCP-LETT-153.xml,DCP-LETT-153-p13-c316
DCP-LETT-154,to_darwin,8 Jan – 4 Feb 1832,3,January 29th,calendar_date,"January 29th. I must go on with my letter, and tell you all that has happened since I wrote; I know how much you care for Owen news. Mr Owen was the person who broke it to Sarah, and between b…",https://www.darwinproject.ac.uk/letter/?docId=letters/DCP-LETT-154.xml,DCP-LETT-154-p3-c0
DCP-LETT-154,to_darwin,8 Jan – 4 Feb 1832,4,on the 10th,day_reference,"…ly a fortnight’s acquaintance, with a man, who was a perfect stranger to all her family. Charlotte’s letter too will give you an account of Hensleigh & Fanny Mackintosh’s marriage on the 10th of this month.— England is gone mad, with marrying, you will think. It is Leap Year, you know when the Ladies take their turn of proposing.",https://www.darwinproject.ac.uk/letter/?docId=letters/DCP-LETT-154.xml,DCP-LETT-154-p4-c544
DCP-LETT-155,to_darwin,12 and 29 Jan 1832 and 1 Feb 1832,2,Jan 29th,calendar_date,Jan 29th My letter has been lying by a little more than a fortnight— how little I thought when I put it by what would be the next piece of intelligence that I should add to it—nothing less…,https://www.darwinproject.ac.uk/letter/?docId=letters/DCP-LETT-155.xml,DCP-LETT-155-p2-c0
DCP-LETT-155,to_darwin,12 and 29 Jan 1832 and 1 Feb 1832,2,March,month_reference,"…ing from you very much, & a letter from you will always be a welcome sight tho with your many correspondents I do not expect it often. I forgot to say that our marriage will be in March. I am sorry I cannot send you any Maer news— My father has had nobody with him for some time but Jos & Frank— Frank sends us very pert acc⁠⟨⁠ounts⁠⟩⁠ of poor Papa’s waterworks, & …",https://www.darwinproject.ac.uk/letter/?docId=letters/DCP-LETT-155.xml,DCP-LETT-155-p2-c3311
DCP-LETT-157,to_darwin,6 Feb 1832,1,Feby,month_reference,"As tomorrow is the first Tuesday in Feby. I select today (my Birthday) for keeping my promise, virtually made by your asking me to write to you on that day. I heard of your adventurous departure thro’ Mr Yarrel who was t…",https://www.darwinproject.ac.uk/letter/?docId=letters/DCP-LETT-157.xml,DCP-LETT-157-p1-c36
DCP-LETT-158,from_darwin,8 & 26 Feb & 1 Mar [1832],1,8th of February,calendar_date,"I am writing this on the 8th of February one days sail past St. Jago, (Cape De Verd), & intend taking the chance of meeting with a homeward bound vessel somewhere about the Equator.— The date however will tell this whene…",https://www.darwinproject.ac.uk/letter/?docId=letters/DCP-LETT-158.xml,DCP-LETT-158-p1-c25
DCP-LETT-158,from_darwin,8 & 26 Feb & 1 Mar [1832],7,Feb 26th,calendar_date,Feb 26th. about 280 miles from Bahia.— On the 10th we spoke the packet Lyra on her voyage to Rio. I sent a short letter by her to be sent to England on first opportunity.— We have been sin…,https://www.darwinproject.ac.uk/letter/?docId=letters/DCP-LETT-158.xml,DCP-LETT-158-p7-c0
DCP-LETT-158,from_darwin,8 & 26 Feb & 1 Mar [1832],7,On the 10th,day_reference,Feb 26th. about 280 miles from Bahia.— On the 10th we spoke the packet Lyra on her voyage to Rio. I sent a short letter by her to be sent to England on first opportunity.— We have been singularly unlucky in not meeting with any ho…,https://www.darwinproject.ac.uk/letter/?docId=letters/DCP-LETT-158.xml,DCP-LETT-158-p7-c39
DCP-LETT-158,from_darwin,8 & 26 Feb & 1 Mar [1832],10,March 1st,calendar_date,March 1st. Bahia or St. Salvador.— I arrived at this place on the 28th of Feb & am now writing this letter after having in real earnest strolled in the forests of the new world.— “No person…,https://www.darwinproject.ac.uk/letter/?docId=letters/DCP-LETT-158.xml,DCP-LETT-158-p10-c0
DCP-LETT-158,from_darwin,8 & 26 Feb & 1 Mar [1832],10,28th of Feb,calendar_date,March 1st. Bahia or St. Salvador.— I arrived at this place on the 28th of Feb & am now writing this letter after having in real earnest strolled in the forests of the new world.— “No person could imagine anything so beautiful as the antient town of Bahia; i…,https://www.darwinproject.ac.uk/letter/?docId=letters/DCP-LETT-158.xml,DCP-LETT-158-p10-c66
DCP-LETT-158,from_darwin,8 & 26 Feb & 1 Mar [1832],10,5th,bare_day_reference,"…nd I am writing to my sisters!) how exceedingly I enjoy America & tha⁠⟨⁠t⁠⟩⁠ I am sure it will be a great pity if ⁠⟨⁠he⁠⟩⁠ does not make a start.— This letter will go ⁠⟨⁠on⁠⟩⁠ the 5th & I am afraid will be some time before it reaches you.— it must be a warning, how in other parts of the world, you may be a long time without hearing from.— A year might by accide…",https://www.darwinproject.ac.uk/letter/?docId=letters/DCP-LETT-158.xml,DCP-LETT-158-p10-c1545
DCP-LETT-160,to_darwin,12 Feb [– 3 Mar] 1832,1,Febry,month_reference,"… may find you happy, and that you may continue so for many and many a year to come.— Our plan as you may perceive is always for each of us to take you every three Months in turn & Febry. is my share.— Also another plan we have adopted by Caroline’s suggestion is, never to go forwards, (I mean by that telling you what we have in contemplation) but on the contrary …",https://www.darwinproject.ac.uk/letter/?docId=letters/DCP-LETT-160.xml,DCP-LETT-160-p1-c293
DCP-LETT-160,to_darwin,12 Feb [– 3 Mar] 1832,12,March,month_reference,"…t Easter I will stand over him & torment his heart out about writing to you.— I am afraid after all I shall be obliged to close this without hearing [ yr pen] dear old Charley for March is come & this must go— All yr friends about are beginning to ask us if we have heard from you yet, & some say you got so much good wine at the Madeiras it was impossible you cd. …",https://www.darwinproject.ac.uk/letter/?docId=letters/DCP-LETT-160.xml,DCP-LETT-160-p12-c604
DCP-LETT-162,to_darwin,1 Mar 1832,1,April,month_reference,"… the Governor’s first favorite I assure you he now seems quite happy in writing to you— I do not know at all when I shall be twined off as Owen calls it, but probably some time in April. Mr. Biddulph is at present in London attending his parliamentary duties, fighting for Reform— I must now conclude this scrawl,—most anxiously my dear Charles shall I ever hope to…",https://www.darwinproject.ac.uk/letter/?docId=letters/DCP-LETT-162.xml,DCP-LETT-162-p1-c3987
DCP-LETT-164,from_darwin,2–6 Apr 1832,1,3d of April,calendar_date,"We are now about a hundred miles East of Rio, & tomorrow the 3d of April we expect to arrive at the capital of the Brazils.— My last letter was from Bahia, which place the Beagle sailed from on the 18th of last month.— On the whole I much enjoyed my fi…",https://www.darwinproject.ac.uk/letter/?docId=letters/DCP-LETT-164.xml,DCP-LETT-164-p1-c61
DCP-LETT-164,from_darwin,2–6 Apr 1832,1,on the 18th,day_reference,"…about a hundred miles East of Rio, & tomorrow the 3d of April we expect to arrive at the capital of the Brazils.— My last letter was from Bahia, which place the Beagle sailed from on the 18th of last month.— On the whole I much enjoyed my first visit to S America.— I was however very unfortunate in being confined to my hammock for eight days by a prick on the knee, bec…",https://www.darwinproject.ac.uk/letter/?docId=letters/DCP-LETT-164.xml,DCP-LETT-164-p1-c191
DCP-LETT-164,from_darwin,2–6 Apr 1832,4,April 5th,calendar_date,"Rio de Janeiro. April 5th.— I this morning received your letter of Decr 31 & Catherines of Feb 4th.— We lay to during last night, as the Captain was determined we should see the harbor of Rio & be ourselve…",https://www.darwinproject.ac.uk/letter/?docId=letters/DCP-LETT-164.xml,DCP-LETT-164-p4-c16
DCP-LETT-164,from_darwin,2–6 Apr 1832,4,Decr 31,calendar_date,"Rio de Janeiro. April 5th.— I this morning received your letter of Decr 31 & Catherines of Feb 4th.— We lay to during last night, as the Captain was determined we should see the harbor of Rio & be ourselves seen in broard daylight.— The view is magnifice…",https://www.darwinproject.ac.uk/letter/?docId=letters/DCP-LETT-164.xml,DCP-LETT-164-p4-c67
DCP-LETT-164,from_darwin,2–6 Apr 1832,4,Feb 4th,calendar_date,"Rio de Janeiro. April 5th.— I this morning received your letter of Decr 31 & Catherines of Feb 4th.— We lay to during last night, as the Captain was determined we should see the harbor of Rio & be ourselves seen in broard daylight.— The view is magnificent & will improve on acq…",https://www.darwinproject.ac.uk/letter/?docId=letters/DCP-LETT-164.xml,DCP-LETT-164-p4-c91
DCP-LETT-167,to_darwin,26[–7] Apr [1832],1,1st of April,calendar_date,"… from Rio; what pleasure it will be to hear that you are well and prosperous, and recovered from sea sickness, and are beginning to enjoy yourself. The last letter to you went the 1st of April directed to Monte Video, from Caroline,—and a letter went from Woodhouse by the 1st of March from Mr Owen and Fanny, directed to Rio Janeiro. If I am to judge of the pleasure lett…",https://www.darwinproject.ac.uk/letter/?docId=letters/DCP-LETT-167.xml,DCP-LETT-167-p1-c408
DCP-LETT-167,to_darwin,26[–7] Apr [1832],1,1st of March,calendar_date,"…rom sea sickness, and are beginning to enjoy yourself. The last letter to you went the 1st of April directed to Monte Video, from Caroline,—and a letter went from Woodhouse by the 1st of March from Mr Owen and Fanny, directed to Rio Janeiro. If I am to judge of the pleasure letters from England will give you, by that which your’s will give us, it will be great indeed, a…",https://www.darwinproject.ac.uk/letter/?docId=letters/DCP-LETT-167.xml,DCP-LETT-167-p1-c501
DCP-LETT-167,to_darwin,26[–7] Apr [1832],4,27th of April,calendar_date,"Friday 27th of April. Erasmus left us today; he told me to send you his love, and to tell you that he did not write to you, as you and he had come to an understanding not to write to each other, and t…",https://www.darwinproject.ac.uk/letter/?docId=letters/DCP-LETT-167.xml,DCP-LETT-167-p4-c7
DCP-LETT-169,from_darwin,May–June [1832],1,May 3d,calendar_date,"…d three letters; your & Carolines together which latter I have answered & also sent my Journal by the Tyne, which was returning to England.— Susans (& one from Mr Owen) I received May 3d.— The Beagle has not yet returned; so I am living quietly here & throughily enjoying so rare an opportunity of seeing the country & collecting in every branch of Nat. History.— I …",https://www.darwinproject.ac.uk/letter/?docId=letters/DCP-LETT-169.xml,DCP-LETT-169-p1-c209
DCP-LETT-169,from_darwin,May–June [1832],3,after the 3d,day_reference,"…lmouth, he gives the following direction for letters.— there are two packets sail every month one for Rio the other touching at Rio proceeds to M Video.— This one sails the Friday after the 3d Tuesday in the Month & is of course the best way of sending my monthly letter.— The letter ought to be in a day before the Friday.— Whenever you should in doubt about direction, p…",https://www.darwinproject.ac.uk/letter/?docId=letters/DCP-LETT-169.xml,DCP-LETT-169-p3-c904
DCP-LETT-169,from_darwin,May–June [1832],4,June,month_reference,"I ashamed to send so uninteresting a letter; but it will be to you unintelligible, how difficult I find writing letters.— At latter end of this month (June) we sail for M. Video.— Our first course will be I believe down the coast to Rio Negro, where there is a small settlement of Spaniards.— Our next will be to where man has never ye…",https://www.darwinproject.ac.uk/letter/?docId=letters/DCP-LETT-169.xml,DCP-LETT-169-p4-c151
DCP-LETT-170,to_darwin,12 May [– 2 June] 1832,1,3d. of May,calendar_date,"On the 3d. of May we received your last written letter from St Salvador, which all the house rejoiced over most heartily: the happy account you give of yourself and all your enjoyments in the tropi…",https://www.darwinproject.ac.uk/letter/?docId=letters/DCP-LETT-170.xml,DCP-LETT-170-p1-c7
DCP-LETT-170,to_darwin,12 May [– 2 June] 1832,3,March,month_reference,"Catherine wrote last month to Monte Video, where Caroline sent her March letter also.— I am in hopes we shall before very long hear from you again in answer to the letters you will find at Rio, & I hope then you will give us some more directions for ou…",https://www.darwinproject.ac.uk/letter/?docId=letters/DCP-LETT-170.xml,DCP-LETT-170-p3-c67
DCP-LETT-170,to_darwin,12 May [– 2 June] 1832,4,31st. of May,calendar_date,"…reat deal of pleasure.— When I told Mr Owen how happy you were tears came into his eyes with pleasure I am sure he considers you one of his own children.— Fanny was married on the 31st. of May to Mr. Biddulph. I have not room here for any particulars, but Caroline will fill her next letter with them.",https://www.darwinproject.ac.uk/letter/?docId=letters/DCP-LETT-170.xml,DCP-LETT-170-p4-c1133
DCP-LETT-170,to_darwin,12 May [– 2 June] 1832,6,1st. of April,calendar_date,"We have written once every Month since you left us. All directed to Rio Janeiro, till 1st. of April, & then M Video Mr. Owen has also written to Rio Janeiro.—",https://www.darwinproject.ac.uk/letter/?docId=letters/DCP-LETT-170.xml,DCP-LETT-170-p6-c86
DCP-LETT-171,from_darwin,18 May & 16 June 1832,1,27th of December,calendar_date,"…away very unpleasantly.— I would have written, only I had nothing to say, excepting what had better be left unsaid: so that I only wrote to Shrewsbury.— At length we started on ye 27th of December with a prosperous wind, which has lasted during our whole voyage:— The two little peeps at seasick misery gave me but a faint idea of what I was going to undergo.— Till arriving a…",https://www.darwinproject.ac.uk/letter/?docId=letters/DCP-LETT-171.xml,DCP-LETT-171-p1-c601
DCP-LETT-171,from_darwin,18 May & 16 June 1832,2,April 4th,calendar_date,"…ames Sqr.— He will procure them, & send them with some other things to Monte Video, which for the next year will be my head quarters.— Touching at the Abrolhos, we arrived here on April 4th; when amongst others I received your most kind letter: you may rely on it, during the evening, I thought of the many most happy hours I have spent with you in Cambridge.— I am now…",https://www.darwinproject.ac.uk/letter/?docId=letters/DCP-LETT-171.xml,DCP-LETT-171-p2-c1706
DCP-LETT-173,to_darwin,12–28 June [1832],1,31st of May,calendar_date,…u return I take the responsibility of seeing that a letter goes to you every month— Susan had only room in her last letter to tell you Fanny Owen & Mr Biddulph were married on the 31st of May & promised I should add a more particular account— the party assembled was almost entirely female all the men being in London— nobody was staying in the house but the Humphreys my…,https://www.darwinproject.ac.uk/letter/?docId=letters/DCP-LETT-173.xml,DCP-LETT-173-p1-c785
DCP-LETT-173,to_darwin,12–28 June [1832],1,July,month_reference,"…at he is right in his opinion as he seemed determined not to like him. I have had many nice happy letters from Charlotte— Erasmus had intended going to Paris with Fred Hildyard in July but in a letter we had from him yesterday he says now that Paganini is in London he can not leave it— Marianne, Cath & I are going to the sea tomorrow, for a fortnight to the Rhyl…",https://www.darwinproject.ac.uk/letter/?docId=letters/DCP-LETT-173.xml,DCP-LETT-173-p1-c4102
DCP-LETT-173,to_darwin,12–28 June [1832],5,June 28th,calendar_date,(Letter finished June 28th),https://www.darwinproject.ac.uk/letter/?docId=letters/DCP-LETT-173.xml,DCP-LETT-173-p5-c17
DCP-LETT-175,to_darwin,30 June 1832,1,April,month_reference,"…and think over the difference of our lots & the ridiculousness of my pursuits in Nat Hist: compared with yours. In consequence of a severe Inflammation of the Lungs I had early in April, I have been more or less Invalided ever since, and have amused myself in santering about the Fields on horseback studying the Small summer Birds of Passage, their nidification &c…",https://www.darwinproject.ac.uk/letter/?docId=letters/DCP-LETT-175.xml,DCP-LETT-175-p1-c1945
DCP-LETT-177,from_darwin,14 July – 7 Aug [1832],1,July 14th,calendar_date,As in all probability we shall stay but a short time at M Video.—I take the opportunity of an idle evening at sea to begin a letter.— We are now (July 14th) about 300 miles from Rio: to day for the first time we have a fair wind:—before this calms & light contrary winds were only disturbed by squalls & gales.— For a week I suffered m…,https://www.darwinproject.ac.uk/letter/?docId=letters/DCP-LETT-177.xml,DCP-LETT-177-p1-c146
DCP-LETT-177,from_darwin,14 July – 7 Aug [1832],5,July 30th,calendar_date,"July 30th.— Monte Video.— The packet will arrive here in a few days, so that I will make another attempt to fill my letter.— We arrived here on the 26th. after a long & disagreeable passage…",https://www.darwinproject.ac.uk/letter/?docId=letters/DCP-LETT-177.xml,DCP-LETT-177-p5-c0
DCP-LETT-177,from_darwin,14 July – 7 Aug [1832],5,on the 26th,day_reference,"July 30th.— Monte Video.— The packet will arrive here in a few days, so that I will make another attempt to fill my letter.— We arrived here on the 26th. after a long & disagreeable passage.— The weather has been too heavy or too light.— I expect the further we proceed South, the more uncomfortable I shall find sea-life.— It was q…",https://www.darwinproject.ac.uk/letter/?docId=letters/DCP-LETT-177.xml,DCP-LETT-177-p5-c141
DCP-LETT-177,from_darwin,14 July – 7 Aug [1832],9,August 7th,calendar_date,"Monte Video | August 7th.— I have procured my letter again in order to write some more.— We run up to Buenos Ayres, where a Guard Ship fired a shot close to us. This we took up as a great insult, & if our…",https://www.darwinproject.ac.uk/letter/?docId=letters/DCP-LETT-177.xml,DCP-LETT-177-p9-c14
DCP-LETT-178,from_darwin,[23 July –] 15 Aug [1832],5,August 15th,calendar_date,August 15th. In a few days the Box will go by the Emulous Packet (Captn. Cooke) to Falmouth & will be forwarded to you.— This letter goes the same way so that if in course of due time you do …,https://www.darwinproject.ac.uk/letter/?docId=letters/DCP-LETT-178.xml,DCP-LETT-178-p5-c0
DCP-LETT-179,to_darwin,25 July [– 3 Aug] 1832,1,31st of June,calendar_date,"On the 31st of June we were delighted to receive your letter from Rio dated 6th of April, and on the 5th of July (this month) we received your second letter and Journal dated 25th of April, with the …",https://www.darwinproject.ac.uk/letter/?docId=letters/DCP-LETT-179.xml,DCP-LETT-179-p1-c7
DCP-LETT-179,to_darwin,25 July [– 3 Aug] 1832,1,6th of April,calendar_date,"On the 31st of June we were delighted to receive your letter from Rio dated 6th of April, and on the 5th of July (this month) we received your second letter and Journal dated 25th of April, with the interesting account of your expedition into the Brazils. I cannot tel…",https://www.darwinproject.ac.uk/letter/?docId=letters/DCP-LETT-179.xml,DCP-LETT-179-p1-c76
DCP-LETT-179,to_darwin,25 July [– 3 Aug] 1832,1,5th of July,calendar_date,"On the 31st of June we were delighted to receive your letter from Rio dated 6th of April, and on the 5th of July (this month) we received your second letter and Journal dated 25th of April, with the interesting account of your expedition into the Brazils. I cannot tell you how interesting an…",https://www.darwinproject.ac.uk/letter/?docId=letters/DCP-LETT-179.xml,DCP-LETT-179-p1-c101
DCP-LETT-179,to_darwin,25 July [– 3 Aug] 1832,1,25th of April,calendar_date,"On the 31st of June we were delighted to receive your letter from Rio dated 6th of April, and on the 5th of July (this month) we received your second letter and Journal dated 25th of April, with the interesting account of your expedition into the Brazils. I cannot tell you how interesting and entertaining we find your letters and Journal, and what great joy it gives…",https://www.darwinproject.ac.uk/letter/?docId=letters/DCP-LETT-179.xml,DCP-LETT-179-p1-c175
DCP-LETT-179,to_darwin,25 July [– 3 Aug] 1832,1,June 29,calendar_date,…xpressing the unqualified satisfaction he feels in Mr Darwin’s society—and in his last dispatch he says ”D. is equally liked and respected by every person in the Ship“. Admiralty. June 29.”— Susan wrote to thank Capt Beaufort for his politeness.—,https://www.darwinproject.ac.uk/letter/?docId=letters/DCP-LETT-179.xml,DCP-LETT-179-p1-c2057
DCP-LETT-179,to_darwin,25 July [– 3 Aug] 1832,2,5th,bare_day_reference,"This is the 5th letter going to Monte Video, April, May, June, July & August. It is a pity that April was not directed to Rio, but we were obliged to follow your original directions.— We were rat…",https://www.darwinproject.ac.uk/letter/?docId=letters/DCP-LETT-179.xml,DCP-LETT-179-p2-c12
DCP-LETT-179,to_darwin,25 July [– 3 Aug] 1832,2,April,month_reference,"This is the 5th letter going to Monte Video, April, May, June, July & August. It is a pity that April was not directed to Rio, but we were obliged to follow your original directions.— We were rather puzzled by your writing by a sl…",https://www.darwinproject.ac.uk/letter/?docId=letters/DCP-LETT-179.xml,DCP-LETT-179-p2-c45
DCP-LETT-179,to_darwin,25 July [– 3 Aug] 1832,2,June,month_reference,"This is the 5th letter going to Monte Video, April, May, June, July & August. It is a pity that April was not directed to Rio, but we were obliged to follow your original directions.— We were rather puzzled by your writing by a slip of the p…",https://www.darwinproject.ac.uk/letter/?docId=letters/DCP-LETT-179.xml,DCP-LETT-179-p2-c57
DCP-LETT-179,to_darwin,25 July [– 3 Aug] 1832,2,July,month_reference,"This is the 5th letter going to Monte Video, April, May, June, July & August. It is a pity that April was not directed to Rio, but we were obliged to follow your original directions.— We were rather puzzled by your writing by a slip of the pen, I …",https://www.darwinproject.ac.uk/letter/?docId=letters/DCP-LETT-179.xml,DCP-LETT-179-p2-c63
DCP-LETT-179,to_darwin,25 July [– 3 Aug] 1832,2,August,month_reference,"This is the 5th letter going to Monte Video, April, May, June, July & August. It is a pity that April was not directed to Rio, but we were obliged to follow your original directions.— We were rather puzzled by your writing by a slip of the pen, I suppose t…",https://www.darwinproject.ac.uk/letter/?docId=letters/DCP-LETT-179.xml,DCP-LETT-179-p2-c70
DCP-LETT-179,to_darwin,25 July [– 3 Aug] 1832,2,April,month_reference,"This is the 5th letter going to Monte Video, April, May, June, July & August. It is a pity that April was not directed to Rio, but we were obliged to follow your original directions.— We were rather puzzled by your writing by a slip of the pen, I suppose that the Beagle was to sai…",https://www.darwinproject.ac.uk/letter/?docId=letters/DCP-LETT-179.xml,DCP-LETT-179-p2-c96
DCP-LETT-179,to_darwin,25 July [– 3 Aug] 1832,2,7th of March,calendar_date,"… we were obliged to follow your original directions.— We were rather puzzled by your writing by a slip of the pen, I suppose that the Beagle was to sail back to St Salvador on the 7th of March, but you must have meant to write May. It is a very nice scheme your remaining stationary at Botofogo Bay. I can conceive no thing more extraordinary and interesting than to be qu…",https://www.darwinproject.ac.uk/letter/?docId=letters/DCP-LETT-179.xml,DCP-LETT-179-p2-c310
DCP-LETT-180,to_darwin,15[–18] Aug 1832,1,June,month_reference,We received your last letter to Catherine with one for Mr. Owen dated Rio June: on Saturday last and very great pleasure it gave us to have another happy account of yourself. Tho’ you complain so much of the difficulty of writing we should not have found it …,https://www.darwinproject.ac.uk/letter/?docId=letters/DCP-LETT-180.xml,DCP-LETT-180-p1-c74
DCP-LETT-184,to_darwin,29 Aug & 28 Sept 1832,2,September 18,calendar_date,"September 18.— When I wrote the first page I fully intended sending this off immediately, but the next day I was so unwell that I could not finish it, & so continued for some days when finding…",https://www.darwinproject.ac.uk/letter/?docId=letters/DCP-LETT-184.xml,DCP-LETT-184-p2-c0
DCP-LETT-185,to_darwin,12[–18] Sept 1832,1,3d,bare_day_reference,"Susan wrote by the vessel that went from Falmouth the 3d week of last month as you directed in your last letter dated June. I have it not by me to be accurate about the date, but as Susan has acknowledged it—it does not matter. poor Mus…",https://www.darwinproject.ac.uk/letter/?docId=letters/DCP-LETT-185.xml,DCP-LETT-185-p1-c54
DCP-LETT-185,to_darwin,12[–18] Sept 1832,1,June,month_reference,"Susan wrote by the vessel that went from Falmouth the 3d week of last month as you directed in your last letter dated June. I have it not by me to be accurate about the date, but as Susan has acknowledged it—it does not matter. poor Musters death was very melancholy. I wish he had been spared hearing …",https://www.darwinproject.ac.uk/letter/?docId=letters/DCP-LETT-185.xml,DCP-LETT-185-p1-c118
DCP-LETT-187,to_darwin,14 Oct [1832],1,July 7th,calendar_date,"We received your letter dated July 7th, sent by Mr Sullivan’s Parcel, the end of last month. It was an unusually long time on its voyage, nearly three months. We were exceedingly glad to have such a happy letter from y…",https://www.darwinproject.ac.uk/letter/?docId=letters/DCP-LETT-187.xml,DCP-LETT-187-p1-c30
DCP-LETT-187,to_darwin,14 Oct [1832],1,September,month_reference,"…d. You must tell us when to leave off directing to Monte Video & to put S. American Station instead. Charlotte desired me to tell you she wrote you a letter the end of last month (September) to Monte Video. It must be a melancholy letter I think, written so soon after poor Fanny’s death. They seem to be all recovering their spirits at Maer, except poor Aunt Bessy, wh…",https://www.darwinproject.ac.uk/letter/?docId=letters/DCP-LETT-187.xml,DCP-LETT-187-p1-c793
DCP-LETT-187,to_darwin,14 Oct [1832],2,20th,bare_day_reference,"Your Books were all sent off, before your last letter arrived, mentioning the two others. We had the most extraordinarily hot weather in England from the 20th to the 27th of September; 70 in the shade; the common people attributed it to the Comet, which first appeared, visible to Telescopes about that time.— The Cholera has died away in…",https://www.darwinproject.ac.uk/letter/?docId=letters/DCP-LETT-187.xml,DCP-LETT-187-p2-c154
DCP-LETT-187,to_darwin,14 Oct [1832],2,27th of September,calendar_date,"Your Books were all sent off, before your last letter arrived, mentioning the two others. We had the most extraordinarily hot weather in England from the 20th to the 27th of September; 70 in the shade; the common people attributed it to the Comet, which first appeared, visible to Telescopes about that time.— The Cholera has died away in Shrewsbury now, after bu…",https://www.darwinproject.ac.uk/letter/?docId=letters/DCP-LETT-187.xml,DCP-LETT-187-p2-c166
DCP-LETT-188,from_darwin,24 Oct & 24 Nov [1832],4,June 28,calendar_date,"Monte Video:— I have just received your letter of June 28, & Susans of May 12th.— Far from your letters not containing news; I am astonished at the wonderful number of events, which monthly takes place.—and I assure you no half famished …",https://www.darwinproject.ac.uk/letter/?docId=letters/DCP-LETT-188.xml,DCP-LETT-188-p4-c50
DCP-LETT-188,from_darwin,24 Oct & 24 Nov [1832],4,May 12th,calendar_date,"Monte Video:— I have just received your letter of June 28, & Susans of May 12th.— Far from your letters not containing news; I am astonished at the wonderful number of events, which monthly takes place.—and I assure you no half famished wretch ever swallowed …",https://www.darwinproject.ac.uk/letter/?docId=letters/DCP-LETT-188.xml,DCP-LETT-188-p4-c71
DCP-LETT-188,from_darwin,24 Oct & 24 Nov [1832],7,November 14th,calendar_date,November 14th.— M: Video.— I have just been again delighted with an unexpected stock of letters.— One from Catherine July 25.—from Susan August 15th. from Erasmus 18th.— These two last I owe to…,https://www.darwinproject.ac.uk/letter/?docId=letters/DCP-LETT-188.xml,DCP-LETT-188-p7-c0
DCP-LETT-188,from_darwin,24 Oct & 24 Nov [1832],7,July 25,calendar_date,"November 14th.— M: Video.— I have just been again delighted with an unexpected stock of letters.— One from Catherine July 25.—from Susan August 15th. from Erasmus 18th.— These two last I owe to the change of time of sending them from the Tuesdays to the Fridays.— As it is a special favor, thank dear old…",https://www.darwinproject.ac.uk/letter/?docId=letters/DCP-LETT-188.xml,DCP-LETT-188-p7-c117
DCP-LETT-188,from_darwin,24 Oct & 24 Nov [1832],7,August 15th,calendar_date,"November 14th.— M: Video.— I have just been again delighted with an unexpected stock of letters.— One from Catherine July 25.—from Susan August 15th. from Erasmus 18th.— These two last I owe to the change of time of sending them from the Tuesdays to the Fridays.— As it is a special favor, thank dear old Erasmus for writing to …",https://www.darwinproject.ac.uk/letter/?docId=letters/DCP-LETT-188.xml,DCP-LETT-188-p7-c137
DCP-LETT-188,from_darwin,24 Oct & 24 Nov [1832],7,18th,bare_day_reference,"November 14th.— M: Video.— I have just been again delighted with an unexpected stock of letters.— One from Catherine July 25.—from Susan August 15th. from Erasmus 18th.— These two last I owe to the change of time of sending them from the Tuesdays to the Fridays.— As it is a special favor, thank dear old Erasmus for writing to me & doing all my v…",https://www.darwinproject.ac.uk/letter/?docId=letters/DCP-LETT-188.xml,DCP-LETT-188-p7-c163
DCP-LETT-188,from_darwin,24 Oct & 24 Nov [1832],8,Nov 24th,calendar_date,"Hurrah, (Nov 24th): have just received the box of valuable thank everybody who has had a finger in it, & Erasmus for packing them all up so well: Neither the Captain or myself have received (from s…",https://www.darwinproject.ac.uk/letter/?docId=letters/DCP-LETT-188.xml,DCP-LETT-188-p8-c9
DCP-LETT-191,to_darwin,12 & 18 Nov 1832,10,9th. of August,calendar_date,… would not be so long in sending out the Private Letters as I must finish this before I can expect to receive any news of you— The Newspaper says you arrived at Monte Video on the 9th. of August & in that case you have been a Month in getting there from Rio Janeiro which seems a long time.— We have heard twice fr London & they bring very agreeable accounts of my Father. h…,https://www.darwinproject.ac.uk/letter/?docId=letters/DCP-LETT-191.xml,DCP-LETT-191-p10-c473
DCP-LETT-193,to_darwin,1[–4] Dec 1832,2,2d,bare_day_reference,"…elf, as I have seen nothing of him for a very lon⁠⟨⁠g⁠⟩⁠ time, & he does not deign to answer my letters; you will conclude with me that he is carrying his lordship mightily in the 2d. court of St: John’s, d——g the Whigs & lauding the Tories— I fear the Durham University has been deferred sine die; they speak of four years— The widow is married. Poor Heaviside!…",https://www.darwinproject.ac.uk/letter/?docId=letters/DCP-LETT-193.xml,DCP-LETT-193-p2-c475
DCP-LETT-195,to_darwin,13 Jan 1833,1,December,month_reference,… during my 3 months in France last year & it is impossible to shake it off when at a distance & for any reason not in good spirits. Your last letter which I answered the middle of December was the one to Susan just before you were to sail from Monte Video. I do hope my very dear Charles the cold & rains whilst coasting Patagonia have not made you ill— we are all imp…,https://www.darwinproject.ac.uk/letter/?docId=letters/DCP-LETT-195.xml,DCP-LETT-195-p1-c619
DCP-LETT-195,to_darwin,13 Jan 1833,1,31st. of Jany,calendar_date,…rciful he even escaped being chaired— he says he can not afford to bring his family with him to London but I think they expect to go at least for some months— Parliament meets the 31st. of Jany—so he will soon have to leave Maer I hope the experiment will answer to him & that he will not repent— Jessie came with Uncle Jos & they staid two days.— it happened most unfortun…,https://www.darwinproject.ac.uk/letter/?docId=letters/DCP-LETT-195.xml,DCP-LETT-195-p1-c1619
DCP-LETT-196,to_darwin,15 and 21 Jan 1833,1,Decr,month_reference,"I shall begin a letter to you lest something or other should persuade me to defer it till it becomes too late for the next packet— Wood & I had intended writing by the Decr. packet, but just as was about to do so your letter arrived stating that a Box was on its road, so I thought I had better delay till I had seen its contents. It is now here & ever…",https://www.darwinproject.ac.uk/letter/?docId=letters/DCP-LETT-196.xml,DCP-LETT-196-p1-c168
DCP-LETT-196,to_darwin,15 and 21 Jan 1833,1,1st,bare_day_reference,"…er delay till I had seen its contents. It is now here & every thing has travelled well. I shall however proceed by rule & answer your two letters first & then come to the Box. The 1st date of your first letter is May 18. & this I received at Cambridge in June, no, it was sent me from Cambridge in July, to Weymouth where I was spending the summer with my family …",https://www.darwinproject.ac.uk/letter/?docId=letters/DCP-LETT-196.xml,DCP-LETT-196-p1-c472
DCP-LETT-196,to_darwin,15 and 21 Jan 1833,1,May 18,calendar_date,"…ents. It is now here & every thing has travelled well. I shall however proceed by rule & answer your two letters first & then come to the Box. The 1st date of your first letter is May 18. & this I received at Cambridge in June, no, it was sent me from Cambridge in July, to Weymouth where I was spending the summer with my family and two pupils in exploring the geol…",https://www.darwinproject.ac.uk/letter/?docId=letters/DCP-LETT-196.xml,DCP-LETT-196-p1-c505
DCP-LETT-196,to_darwin,15 and 21 Jan 1833,1,June,month_reference,"…velled well. I shall however proceed by rule & answer your two letters first & then come to the Box. The 1st date of your first letter is May 18. & this I received at Cambridge in June, no, it was sent me from Cambridge in July, to Weymouth where I was spending the summer with my family and two pupils in exploring the geology &c &c of that neighbourhood, & a cap…",https://www.darwinproject.ac.uk/letter/?docId=letters/DCP-LETT-196.xml,DCP-LETT-196-p1-c547
DCP-LETT-196,to_darwin,15 and 21 Jan 1833,1,July,month_reference,"…e & answer your two letters first & then come to the Box. The 1st date of your first letter is May 18. & this I received at Cambridge in June, no, it was sent me from Cambridge in July, to Weymouth where I was spending the summer with my family and two pupils in exploring the geology &c &c of that neighbourhood, & a capable ramble we had. I stopped at Oxford in …",https://www.darwinproject.ac.uk/letter/?docId=letters/DCP-LETT-196.xml,DCP-LETT-196-p1-c590
DCP-LETT-200,to_darwin,3 & 6 Mar 1833,1,November,month_reference,"Catherine who wrote last will have told you my very dear Charles how glad we were to have your last letter dated November, and now it is gone to Erasmus— We have also seen a letter Mr. Hughes wrote to the Haycocks & it was speaking so much about you & the great pleasure he had in seeing you, that it …",https://www.darwinproject.ac.uk/letter/?docId=letters/DCP-LETT-200.xml,DCP-LETT-200-p1-c113
DCP-LETT-200,to_darwin,3 & 6 Mar 1833,8,September,month_reference,Dear old Charley I am afraid we shan’t see yr hand writing till September but at least we have the comfort of knowing that your long silence means no harm & is unavoidable.— Catherine & I are just come in from a long walk with the (future Mrs. Hope) ali…,https://www.darwinproject.ac.uk/letter/?docId=letters/DCP-LETT-200.xml,DCP-LETT-200-p8-c64
DCP-LETT-201,to_darwin,7 Mar 1833,3,November,month_reference,"Your money accounts are all correct, the £20= in November has appeared the other for Capt Fitzroy I have not yet received.",https://www.darwinproject.ac.uk/letter/?docId=letters/DCP-LETT-201.xml,DCP-LETT-201-p3-c49
DCP-LETT-202,to_darwin,7 Mar [1833],1,November 24th,calendar_date,Though it is not my turn to write to you I cannot resist the opportunity of sending you my very best love— I was so glad to get your last letter of November 24th with such a happy account of yourself & I must congrat— you on being so successful and persevering in collecting I shall be very curious to read in your journal how you first hear…,https://www.darwinproject.ac.uk/letter/?docId=letters/DCP-LETT-202.xml,DCP-LETT-202-p1-c148
DCP-LETT-203,from_darwin,30 Mar – 12 Apr 1833,7,March 8th,calendar_date,"March 8th.— We have just had our usual luck, in a heavy gale of wind: but I wont write any more for I have not half got over my sea-sickness, & am ready to exclaim all is vanity & vexation …",https://www.darwinproject.ac.uk/letter/?docId=letters/DCP-LETT-203.xml,DCP-LETT-203-p7-c0
DCP-LETT-205,to_darwin,1–4 May 1833,1,March,month_reference,…Capt. Beaufort in his note to Papa said he thought you would not receive any letters we wrote for some time after those the last we sent through the Admiralty office the middle of March— I hope you received them safe— Our last letter from you was dated 24th of November just before you began your southern expedition. My dear Charles how happy I shall be when we ge…,https://www.darwinproject.ac.uk/letter/?docId=letters/DCP-LETT-205.xml,DCP-LETT-205-p1-c246
DCP-LETT-205,to_darwin,1–4 May 1833,1,24th of November,calendar_date,…any letters we wrote for some time after those the last we sent through the Admiralty office the middle of March— I hope you received them safe— Our last letter from you was dated 24th of November just before you began your southern expedition. My dear Charles how happy I shall be when we get your next letter with a good account of yourself after your stay in those cold & s…,https://www.darwinproject.ac.uk/letter/?docId=letters/DCP-LETT-205.xml,DCP-LETT-205-p1-c319
DCP-LETT-206,from_darwin,22 May – 14 July 1833,1,August,month_reference,Thanks to my good fortune & my good sisters I have to acknowledge the following string of letters: (August I received many months ago:) September 12th Caroline: October 14th. Catherine: November 12th. Susan: December 15th. Caroline: & Jan 13th. Caroline:,https://www.darwinproject.ac.uk/letter/?docId=letters/DCP-LETT-206.xml,DCP-LETT-206-p1-c100
DCP-LETT-206,from_darwin,22 May – 14 July 1833,1,September 12th,calendar_date,Thanks to my good fortune & my good sisters I have to acknowledge the following string of letters: (August I received many months ago:) September 12th Caroline: October 14th. Catherine: November 12th. Susan: December 15th. Caroline: & Jan 13th. Caroline:,https://www.darwinproject.ac.uk/letter/?docId=letters/DCP-LETT-206.xml,DCP-LETT-206-p1-c136
DCP-LETT-206,from_darwin,22 May – 14 July 1833,1,October 14th,calendar_date,Thanks to my good fortune & my good sisters I have to acknowledge the following string of letters: (August I received many months ago:) September 12th Caroline: October 14th. Catherine: November 12th. Susan: December 15th. Caroline: & Jan 13th. Caroline:,https://www.darwinproject.ac.uk/letter/?docId=letters/DCP-LETT-206.xml,DCP-LETT-206-p1-c161
DCP-LETT-206,from_darwin,22 May – 14 July 1833,1,November 12th,calendar_date,… to my good fortune & my good sisters I have to acknowledge the following string of letters: (August I received many months ago:) September 12th Caroline: October 14th. Catherine: November 12th. Susan: December 15th. Caroline: & Jan 13th. Caroline:,https://www.darwinproject.ac.uk/letter/?docId=letters/DCP-LETT-206.xml,DCP-LETT-206-p1-c186
DCP-LETT-206,from_darwin,22 May – 14 July 1833,1,December 15th,calendar_date,…my good sisters I have to acknowledge the following string of letters: (August I received many months ago:) September 12th Caroline: October 14th. Catherine: November 12th. Susan: December 15th. Caroline: & Jan 13th. Caroline:,https://www.darwinproject.ac.uk/letter/?docId=letters/DCP-LETT-206.xml,DCP-LETT-206-p1-c208
DCP-LETT-206,from_darwin,22 May – 14 July 1833,1,Jan 13th,calendar_date,…cknowledge the following string of letters: (August I received many months ago:) September 12th Caroline: October 14th. Catherine: November 12th. Susan: December 15th. Caroline: & Jan 13th. Caroline:,https://www.darwinproject.ac.uk/letter/?docId=letters/DCP-LETT-206.xml,DCP-LETT-206-p1-c235
DCP-LETT-206,from_darwin,22 May – 14 July 1833,6,June,month_reference,"June:— I have just received a bundle more letters.— I do not know how to thank you all sufficiently:—one from Catherine Feb 8th:—another from Susan, March 3d.; together with notes from…",https://www.darwinproject.ac.uk/letter/?docId=letters/DCP-LETT-206.xml,DCP-LETT-206-p6-c0
DCP-LETT-206,from_darwin,22 May – 14 July 1833,6,Feb 8th,calendar_date,"June:— I have just received a bundle more letters.— I do not know how to thank you all sufficiently:—one from Catherine Feb 8th:—another from Susan, March 3d.; together with notes from Caroline & from my Father; give my best love to my Father; I almost cried for pleasure at receiving it.—it was very kind, …",https://www.darwinproject.ac.uk/letter/?docId=letters/DCP-LETT-206.xml,DCP-LETT-206-p6-c120
DCP-LETT-206,from_darwin,22 May – 14 July 1833,6,March 3d,calendar_date,"June:— I have just received a bundle more letters.— I do not know how to thank you all sufficiently:—one from Catherine Feb 8th:—another from Susan, March 3d.; together with notes from Caroline & from my Father; give my best love to my Father; I almost cried for pleasure at receiving it.—it was very kind, thinking of writing to me.— My…",https://www.darwinproject.ac.uk/letter/?docId=letters/DCP-LETT-206.xml,DCP-LETT-206-p6-c149
DCP-LETT-206,from_darwin,22 May – 14 July 1833,8,June 19th,calendar_date,"June 19th. I write this letter by patches:— I have just spent a day on board to see old Wickham, who has returned from his little hired Schooner to be Captain of the new one.— This same Sch…",https://www.darwinproject.ac.uk/letter/?docId=letters/DCP-LETT-206.xml,DCP-LETT-206-p8-c0
DCP-LETT-206,from_darwin,22 May – 14 July 1833,9,June [July] 6th,editorially_corrected_date,"June [July] 6th.— I am now living on board: The Packet has just come in; but no letters for poor me; I have no right to growl, for I suppose the Capt. Beaufort parcel has robbed this month. Farew…",https://www.darwinproject.ac.uk/letter/?docId=letters/DCP-LETT-206.xml,DCP-LETT-206-p9-c0
DCP-LETT-206,from_darwin,22 May – 14 July 1833,10,July 14th,calendar_date,July 14th.— We have just had a trip to M: Video & in few days go Southward: I received letter of Caroline May 1st.— my last was the Beaufort parcel in March; the April one alas is lost: Exc…,https://www.darwinproject.ac.uk/letter/?docId=letters/DCP-LETT-206.xml,DCP-LETT-206-p10-c0
DCP-LETT-206,from_darwin,22 May – 14 July 1833,10,May 1st,calendar_date,"July 14th.— We have just had a trip to M: Video & in few days go Southward: I received letter of Caroline May 1st.— my last was the Beaufort parcel in March; the April one alas is lost: Excepting when the letters are sent from home, remember the 3""6 is temptation for any body to tear up the l…",https://www.darwinproject.ac.uk/letter/?docId=letters/DCP-LETT-206.xml,DCP-LETT-206-p10-c106
DCP-LETT-206,from_darwin,22 May – 14 July 1833,10,March,month_reference,"July 14th.— We have just had a trip to M: Video & in few days go Southward: I received letter of Caroline May 1st.— my last was the Beaufort parcel in March; the April one alas is lost: Excepting when the letters are sent from home, remember the 3""6 is temptation for any body to tear up the letter: By the same packet which takes this …",https://www.darwinproject.ac.uk/letter/?docId=letters/DCP-LETT-206.xml,DCP-LETT-206-p10-c151
DCP-LETT-206,from_darwin,22 May – 14 July 1833,10,April,month_reference,"July 14th.— We have just had a trip to M: Video & in few days go Southward: I received letter of Caroline May 1st.— my last was the Beaufort parcel in March; the April one alas is lost: Excepting when the letters are sent from home, remember the 3""6 is temptation for any body to tear up the letter: By the same packet which takes this the rest of…",https://www.darwinproject.ac.uk/letter/?docId=letters/DCP-LETT-206.xml,DCP-LETT-206-p10-c162
DCP-LETT-207,from_darwin,23 May 1833,1,August,month_reference,"Upon our return from a cruize amongst the islands of Tierra del Fuego,—I received your two letters dated at the wide of interval of August & January.— I am very much obliged to you for writing; your letters never fail to throw me into a pleasant reverie of past times & this is one of the highest pleasures I now enjoy…",https://www.darwinproject.ac.uk/letter/?docId=letters/DCP-LETT-207.xml,DCP-LETT-207-p1-c132
DCP-LETT-207,from_darwin,23 May 1833,1,January,month_reference,"Upon our return from a cruize amongst the islands of Tierra del Fuego,—I received your two letters dated at the wide of interval of August & January.— I am very much obliged to you for writing; your letters never fail to throw me into a pleasant reverie of past times & this is one of the highest pleasures I now enjoy.— I find …",https://www.darwinproject.ac.uk/letter/?docId=letters/DCP-LETT-207.xml,DCP-LETT-207-p1-c141
DCP-LETT-208,to_darwin,29 May 1833,1,April,month_reference,"…. It is very long now since we heard from you my dear Charles, and I am afraid it will still be very long, before we can hope to hear again. Caroline wrote to you last, the end of April; the Mails have changed back again now to the first Tuesday in the month.— We have seen Capt Harding, since Caroline wrote to you; he came to consult Papa, and looked terribly out…",https://www.darwinproject.ac.uk/letter/?docId=letters/DCP-LETT-208.xml,DCP-LETT-208-p1-c510
DCP-LETT-209,from_darwin,2 June 1833,1,December 1st,calendar_date,"…n very good trim for writing, but defying the blue devils I will send you a few lines if it is merely to thank you very sincerely for writing to me.— I received your letter, dated December 1st. a short time since.— We are now passing part of the winter in the R. Plata, after having had a hard summers work to the South.— Tierra del Fuego is indeed a miserable place; the …",https://www.darwinproject.ac.uk/letter/?docId=letters/DCP-LETT-209.xml,DCP-LETT-209-p1-c322
DCP-LETT-211,to_darwin,22 & 31 July 1833,1,June,month_reference,"I hope you have not perceived the want of a letter for the Month of June, but if you did I am the one to blame as in the hurry of leaving London I quite forgot it was my turn to write. I daresay Caroline has been more vexed than you, because she did no…",https://www.darwinproject.ac.uk/letter/?docId=letters/DCP-LETT-211.xml,DCP-LETT-211-p1-c68
DCP-LETT-211,to_darwin,22 & 31 July 1833,1,5th of April,calendar_date,"…y letter.— We are all getting so impatient to hear again from you, & we have just got hopes of soon being gratified as in our paper it mentions The Beagle has been heard of on the 5th of April at the Falkland Islands & how very happy we shall be if this news brings us a letter fr you. I had determined not to expect one till September as you desired, but this paragraph i…",https://www.darwinproject.ac.uk/letter/?docId=letters/DCP-LETT-211.xml,DCP-LETT-211-p1-c508
DCP-LETT-211,to_darwin,22 & 31 July 1833,1,September,month_reference,"…e Beagle has been heard of on the 5th of April at the Falkland Islands & how very happy we shall be if this news brings us a letter fr you. I had determined not to expect one till September as you desired, but this paragraph in the paper has upset all my resolutions, & will make us watch the post very anxiously.—",https://www.darwinproject.ac.uk/letter/?docId=letters/DCP-LETT-211.xml,DCP-LETT-211-p1-c654
DCP-LETT-213,to_darwin,31 Aug 1833,1,April,month_reference,"…fe to hand excepting a few articles in the Cask of Spirits which are spoiled, owing to the spirit having escaped thro’ the bung-hole— I am now in possession of your letter of last April, which has stirred me up to send you off a few books which I thought might interest you, & I have (or rather shall) write to your Brother to recommend one or two more— The fossil …",https://www.darwinproject.ac.uk/letter/?docId=letters/DCP-LETT-213.xml,DCP-LETT-213-p1-c304
DCP-LETT-214,to_darwin,1 Sept 1833,1,12 April,calendar_date,We were exceedingly glad to receive your letter last week from Rio Negro dated 12 April and to hear you were well and happy I can easily think how impatient you must feel to be again in those delightful tropical climates of which I suppose one has very little idea fr…,https://www.darwinproject.ac.uk/letter/?docId=letters/DCP-LETT-214.xml,DCP-LETT-214-p1-c79
DCP-LETT-214,to_darwin,1 Sept 1833,6,31st. July,calendar_date,the draft for £70 was pd. on 31st. July & my Father says you were quite right to mention in your letter when you draw for money. My Father sends his best love & so does Eras & we all dearest Charles | Ever yrs affectely…,https://www.darwinproject.ac.uk/letter/?docId=letters/DCP-LETT-214.xml,DCP-LETT-214-p6-c29
DCP-LETT-215,from_darwin,20 Sept [1833],4,May 29th,calendar_date,"The Beagle is now at Monte Video or Maldonado— I received a letter from the Captain, enclosing one from Catherine dated London May 29th.— As I have not my letter-case here I cannot say whether I received the April one.— I shall soon be on horse back again; there is a river to the North (the Carcaraņa) the banks of…",https://www.darwinproject.ac.uk/letter/?docId=letters/DCP-LETT-215.xml,DCP-LETT-215-p4-c127
DCP-LETT-215,from_darwin,20 Sept [1833],4,April,month_reference,"…ideo or Maldonado— I received a letter from the Captain, enclosing one from Catherine dated London May 29th.— As I have not my letter-case here I cannot say whether I received the April one.— I shall soon be on horse back again; there is a river to the North (the Carcaraņa) the banks of which are so thickly strewed with great bones, that they build part of the Co…",https://www.darwinproject.ac.uk/letter/?docId=letters/DCP-LETT-215.xml,DCP-LETT-215-p4-c208
DCP-LETT-217,to_darwin,27 Sept 1833,1,April 12th,calendar_date,"The last letter we received from you was that dated April 12th, from your first landing at Rio Negro. We recd it in August to our great pleasure, and Caroline has written to you since, for the 1st of this month, but she was in some doubt whet…",https://www.darwinproject.ac.uk/letter/?docId=letters/DCP-LETT-217.xml,DCP-LETT-217-p1-c52
DCP-LETT-217,to_darwin,27 Sept 1833,1,August,month_reference,"The last letter we received from you was that dated April 12th, from your first landing at Rio Negro. We recd it in August to our great pleasure, and Caroline has written to you since, for the 1st of this month, but she was in some doubt whether her letter went in time.",https://www.darwinproject.ac.uk/letter/?docId=letters/DCP-LETT-217.xml,DCP-LETT-217-p1-c116
DCP-LETT-217,to_darwin,27 Sept 1833,1,1st,bare_day_reference,"…er we received from you was that dated April 12th, from your first landing at Rio Negro. We recd it in August to our great pleasure, and Caroline has written to you since, for the 1st of this month, but she was in some doubt whether her letter went in time.",https://www.darwinproject.ac.uk/letter/?docId=letters/DCP-LETT-217.xml,DCP-LETT-217-p1-c193
DCP-LETT-218,to_darwin,4 Oct 1833,1,dated 26th,day_reference,"Two hours since, I received your epistle, dated 26th. and most punctually and immediately am I about to answer your queries. (mirabile!!)",https://www.darwinproject.ac.uk/letter/?docId=letters/DCP-LETT-218.xml,DCP-LETT-218-p1-c42
DCP-LETT-218,to_darwin,4 Oct 1833,6,4th. of October,calendar_date,"—This is the 4th. of October,—“so the date of your letter tells me”— —well— hum— —if—hum—but—we must consider—then—hum—tomorrow will be the sixth— “Prodigious”!! Do you know what I mean—“to be sure” so—and so…",https://www.darwinproject.ac.uk/letter/?docId=letters/DCP-LETT-218.xml,DCP-LETT-218-p6-c13
DCP-LETT-219,to_darwin,15 Oct 1833,1,October,month_reference,On October the 11th. we got your very nice letter dated Maldonado July 14th. & two days afterwards your Journal arrived which I have only read a few pages of yet: but we mean to read it alou…,https://www.darwinproject.ac.uk/letter/?docId=letters/DCP-LETT-219.xml,DCP-LETT-219-p1-c3
DCP-LETT-219,to_darwin,15 Oct 1833,1,11th,bare_day_reference,On October the 11th. we got your very nice letter dated Maldonado July 14th. & two days afterwards your Journal arrived which I have only read a few pages of yet: but we mean to read it aloud comfort…,https://www.darwinproject.ac.uk/letter/?docId=letters/DCP-LETT-219.xml,DCP-LETT-219-p1-c15
DCP-LETT-219,to_darwin,15 Oct 1833,1,July 14th,calendar_date,On October the 11th. we got your very nice letter dated Maldonado July 14th. & two days afterwards your Journal arrived which I have only read a few pages of yet: but we mean to read it aloud comfortably in the Evenings— I think Papa particularly enjoyed …,https://www.darwinproject.ac.uk/letter/?docId=letters/DCP-LETT-219.xml,DCP-LETT-219-p1-c66
DCP-LETT-219,to_darwin,15 Oct 1833,2,September,month_reference,"… certainly answered perfectly. Mr. Owen was here yesterday looking very brisk, he desired me to ask if you had ever received his second letter.— Catherine bids me mention her last September letter was directed to Monte Video & she is afraid you won’t get it.— Your message to Charlotte shall be given: we have been spending a few days at Onibury Mr Langtons Living: & I…",https://www.darwinproject.ac.uk/letter/?docId=letters/DCP-LETT-219.xml,DCP-LETT-219-p2-c458
DCP-LETT-224,to_darwin,28 Oct [1833],2,18th. of October,calendar_date,"Susan I dare say told you in her letter to Valparaiso dated 18th. of October of Mr. Howels delight at receiving an order of shoes from you, this letter will go with them & with the books &tc. that Erasmus sends. I have sent you a few little books which are…",https://www.darwinproject.ac.uk/letter/?docId=letters/DCP-LETT-224.xml,DCP-LETT-224-p2-c60
DCP-LETT-225,to_darwin,29 Oct 1833,2,April,month_reference,"I think as yet it has been quite wonderful how regularly our Correspondence has gone on. I do not think there was any April Letter lost; by the order in which we write to you, I think the April letter must have left here the end of March.— I have really nothing in the world to tell you—so I must stop— …",https://www.darwinproject.ac.uk/letter/?docId=letters/DCP-LETT-225.xml,DCP-LETT-225-p2-c118
DCP-LETT-225,to_darwin,29 Oct 1833,2,April,month_reference,"…as yet it has been quite wonderful how regularly our Correspondence has gone on. I do not think there was any April Letter lost; by the order in which we write to you, I think the April letter must have left here the end of March.— I have really nothing in the world to tell you—so I must stop— Bless you dear Charley—ever yrs affecte | E. Catherine Darwin",https://www.darwinproject.ac.uk/letter/?docId=letters/DCP-LETT-225.xml,DCP-LETT-225-p2-c188
DCP-LETT-225,to_darwin,29 Oct 1833,2,March,month_reference,"…arly our Correspondence has gone on. I do not think there was any April Letter lost; by the order in which we write to you, I think the April letter must have left here the end of March.— I have really nothing in the world to tell you—so I must stop— Bless you dear Charley—ever yrs affecte | E. Catherine Darwin",https://www.darwinproject.ac.uk/letter/?docId=letters/DCP-LETT-225.xml,DCP-LETT-225-p2-c232
DCP-LETT-229,from_darwin,12 Nov 1833,2,July,month_reference,"Since my last letter to you (middle of July, when I sent off some specimens) I have been, as they say here, un grande galopeador.— I left the Beagle at the R. Negro & crossed by land to B. Ayres. There is now carrying on a …",https://www.darwinproject.ac.uk/letter/?docId=letters/DCP-LETT-229.xml,DCP-LETT-229-p2-c39
DCP-LETT-230,from_darwin,13 Nov 1833,1,September 1st,calendar_date,"I have to thank you for a letter dated September 1st & one from Susan July 22d.— Since I wrote from B. Ayres, I have suffered a host of vexations, but at last every thing has ended prosperously. I with much trouble & by bribing got …",https://www.darwinproject.ac.uk/letter/?docId=letters/DCP-LETT-230.xml,DCP-LETT-230-p1-c39
DCP-LETT-230,from_darwin,13 Nov 1833,1,July 22d,calendar_date,"I have to thank you for a letter dated September 1st & one from Susan July 22d.— Since I wrote from B. Ayres, I have suffered a host of vexations, but at last every thing has ended prosperously. I with much trouble & by bribing got my servant in to the town …",https://www.darwinproject.ac.uk/letter/?docId=letters/DCP-LETT-230.xml,DCP-LETT-230-p1-c70
DCP-LETT-231,to_darwin,13 Nov 1833,1,of the 5th,day_reference,I am in due receipt of your’s of the 5th. inst and am glad to find your stay delayed a little longer than you anticipated in Montevideo— You would receive fr. Rosa all your goods & chattels & also the announcement of our…,https://www.darwinproject.ac.uk/letter/?docId=letters/DCP-LETT-231.xml,DCP-LETT-231-p1-c30
DCP-LETT-232,to_darwin,27 Nov 1833,1,July,month_reference,"…for William’s health; he has been better lately.— We had two of your letters to Professor Henslow sent down here for us to see; one was dated May this year on the Sea, & the other July.— We are very much enjoying your Journal now, reading it aloud to Papa in the Evenings, and it meets with great success, and is pronounced exceedingly entertaining. Your account o…",https://www.darwinproject.ac.uk/letter/?docId=letters/DCP-LETT-232.xml,DCP-LETT-232-p1-c703
DCP-LETT-232,to_darwin,27 Nov 1833,4,3d,bare_day_reference,"…lf) and that he perfectly longed to break the seal of them, but of course did not.— I hear that your Theory of the Earth is supposed to be the same as what is contained in Lyell’s 3d Vol. Some of your Friends or Whitley’s Friends meant to send out the 3d Vol to you; have you received it? Bessy Holland informed me also that you had sent a quantity of stones to …",https://www.darwinproject.ac.uk/letter/?docId=letters/DCP-LETT-232.xml,DCP-LETT-232-p4-c2149
DCP-LETT-232,to_darwin,27 Nov 1833,4,3d,bare_day_reference,…e did not.— I hear that your Theory of the Earth is supposed to be the same as what is contained in Lyell’s 3d Vol. Some of your Friends or Whitley’s Friends meant to send out the 3d Vol to you; have you received it? Bessy Holland informed me also that you had sent a quantity of stones to Cambridge; is all this true? She says also that you have some intention …,https://www.darwinproject.ac.uk/letter/?docId=letters/DCP-LETT-232.xml,DCP-LETT-232-p4-c2221
DCP-LETT-234,to_darwin,30 Dec [1833] & 3 Jan 1834,1,Sept. 20th,calendar_date,"Your last letter was dated Sept. 20th., Buenos Ayres, & it was a most agreeable surprise as we thought you had started for your endless Southern voyage— the account of your wild ride was extremely interesting— how str…",https://www.darwinproject.ac.uk/letter/?docId=letters/DCP-LETT-234.xml,DCP-LETT-234-p1-c27
DCP-LETT-234,to_darwin,30 Dec [1833] & 3 Jan 1834,2,23d of October,calendar_date,"…u my dear Charles a happy new year and many returns of it & very glad shall I be when I am able to wish you the same in person— I recd. the day before yesterday your letter of the 23d of October from Buenos Ayres, with the account of the disastrous ending to your ride— I see by the papers that on the 28th. of Oct. trade was allowed to continue, so I trust you were soon re…",https://www.darwinproject.ac.uk/letter/?docId=letters/DCP-LETT-234.xml,DCP-LETT-234-p2-c205
DCP-LETT-235,to_darwin,15 Jan 1834,1,Nov 1st. 1833,calendar_date,"Your letter of Nov 1st. 1833, has just come to hand, & I am glad to find the old Adage is true, “caelum non animum mutant qui transmare curraent” I anxiously expected intelligence from you last year particula…",https://www.darwinproject.ac.uk/letter/?docId=letters/DCP-LETT-235.xml,DCP-LETT-235-p1-c15
DCP-LETT-236,to_darwin,27–30 Jan 1834,1,Oct 23d,calendar_date,"I think Caroline has written to you since we received your letter of Oct 23d from Buenos Ayres, when you were in an alarm at the chance of losing your Luggage & Servant. We were very sorry to hear of the unfortunate loss of your Gun, as every body who has …",https://www.darwinproject.ac.uk/letter/?docId=letters/DCP-LETT-236.xml,DCP-LETT-236-p1-c69
DCP-LETT-236,to_darwin,27–30 Jan 1834,5,28th,bare_day_reference,"…e got a piece of news to tell you now, which ought to interest you; the birth of Miss Louisa Jane Wedgwood, Harry & Jessie’s first & eldest daughter; she was born last Tuesday the 28th, and Mother & Daughter were both going on very well, when Harry wrote to us;— You will find a flourishing rising Generation when you return. This has been one of the most rainy Wi…",https://www.darwinproject.ac.uk/letter/?docId=letters/DCP-LETT-236.xml,DCP-LETT-236-p5-c201
DCP-LETT-238,from_darwin,Mar 1834,1,Aug. 31,calendar_date,"Upon our arrival at this place I was delighted at receiving your letter dated Aug. 31.— Nothing for a long time has given me so much pleasure. Independent of this pleasure, your account of the safe arrival of my second cargo & that some of the Specimens were intere…",https://www.darwinproject.ac.uk/letter/?docId=letters/DCP-LETT-238.xml,DCP-LETT-238-p1-c78
DCP-LETT-238,from_darwin,Mar 1834,2,July,month_reference,"…cal notes will be useless without I am certain to what specimens I refer.— Since receiving these specimens, you ought to have received two others cargos, shipped from the Plata in July & November 1833.— With the latter there was a heavy box of fossil remains, which is now I suppose at Plymouth. I followed this plan from not liking to give you so much trouble: it…",https://www.darwinproject.ac.uk/letter/?docId=letters/DCP-LETT-238.xml,DCP-LETT-238-p2-c969
DCP-LETT-238,from_darwin,Mar 1834,2,November 1833,month_year,"…es will be useless without I am certain to what specimens I refer.— Since receiving these specimens, you ought to have received two others cargos, shipped from the Plata in July & November 1833.— With the latter there was a heavy box of fossil remains, which is now I suppose at Plymouth. I followed this plan from not liking to give you so much trouble: it contains anothe…",https://www.darwinproject.ac.uk/letter/?docId=letters/DCP-LETT-238.xml,DCP-LETT-238-p2-c976
DCP-LETT-239,to_darwin,9 & 28 Mar [1834],1,Feb 27th,calendar_date,The very day Susan had sent her letter (Feb 27th.) to the Post yours from Monte Video November 13th. arrived— We had been anxiously wishing for an account of your difficulties having ended & I am exceedingly glad to find the new…,https://www.darwinproject.ac.uk/letter/?docId=letters/DCP-LETT-239.xml,DCP-LETT-239-p1-c40
DCP-LETT-239,to_darwin,9 & 28 Mar [1834],1,November 13th,calendar_date,The very day Susan had sent her letter (Feb 27th.) to the Post yours from Monte Video November 13th. arrived— We had been anxiously wishing for an account of your difficulties having ended & I am exceedingly glad to find the newspaper report of Peace confirmed by your letter— My…,https://www.darwinproject.ac.uk/letter/?docId=letters/DCP-LETT-239.xml,DCP-LETT-239-p1-c86
DCP-LETT-239,to_darwin,9 & 28 Mar [1834],2,March 28th,calendar_date,"Good Friday—March 28th— I dare say Erasmus will write to you himself, but for fear he should not I will copy a sentence in his last letter to me— “I called on Mr Clift the curator of the Museum at the C…",https://www.darwinproject.ac.uk/letter/?docId=letters/DCP-LETT-239.xml,DCP-LETT-239-p2-c12
DCP-LETT-240,to_darwin,[28 Mar] 1834,1,October,month_reference,"So long a time has elapsed since the receipt of your last kind letter, that I fear you will think I have forfeited by my silence all claim to another— It was I think in October that your letter arrivd; & now ’tis the very end of March. The delay is quite unpardonable, but I will not aggravate the fault by attempting a shuffling apology— Cambridge has bee…",https://www.darwinproject.ac.uk/letter/?docId=letters/DCP-LETT-240.xml,DCP-LETT-240-p1-c169
DCP-LETT-240,to_darwin,[28 Mar] 1834,1,March,month_reference,"…our last kind letter, that I fear you will think I have forfeited by my silence all claim to another— It was I think in October that your letter arrivd; & now ’tis the very end of March. The delay is quite unpardonable, but I will not aggravate the fault by attempting a shuffling apology— Cambridge has been full of bustle during the last year. Henslow has of cour…",https://www.darwinproject.ac.uk/letter/?docId=letters/DCP-LETT-240.xml,DCP-LETT-240-p1-c229
DCP-LETT-240,to_darwin,[28 Mar] 1834,3,July,month_reference,"…t the New College— He tried for the Matheml. Professorship, but was beaten by Carr, who is since dead; I hope Whitley is now almost certain of succeeding. The Election comes on in July— He is very wroth with you for never having written to him— He talks very furiously of Matrimony— I have no notion who the lady is— Your friend Marindin has just married Colville’…",https://www.darwinproject.ac.uk/letter/?docId=letters/DCP-LETT-240.xml,DCP-LETT-240-p3-c1032
DCP-LETT-242,from_darwin,6 Apr 1834,1,Sept 27th. 1833,calendar_date,"…h you I know not—but probably some man of war will call here before in the common course of events I should have another opportunity of writing.— I have received your letter dated Sept 27th. 1833, & Caroline’s before that. Since leaving the Plata, we have had, pretty fine weather, & a very pleasant cruize. The gales have not been half so spiteful or so furious this year as…",https://www.darwinproject.ac.uk/letter/?docId=letters/DCP-LETT-242.xml,DCP-LETT-242-p1-c206
DCP-LETT-242,from_darwin,6 Apr 1834,7,July 1833,month_year,"And now for some queries.— Have you received a small square deal box, with part of my Journal, sent from the Plata in July 1833 (through Capt. Beaufort) Acknowledge it in more than one letter: recollect what a bobbery (a sea phrase) I made about the other parcel.— I received a box with some delightful book…",https://www.darwinproject.ac.uk/letter/?docId=letters/DCP-LETT-242.xml,DCP-LETT-242-p7-c118
DCP-LETT-242,from_darwin,6 Apr 1834,13,6d,bare_day_reference,"I have enclosed a letter of my servants will you pay the postage & forward it: by being my servant, he looses the penny priviledge & his friends cannot afford ye 3s ’6d.—",https://www.darwinproject.ac.uk/letter/?docId=letters/DCP-LETT-242.xml,DCP-LETT-242-p13-c166
DCP-LETT-243,to_darwin,10 Apr – 1 May 1834,4,1st,bare_day_reference,May the 1st. All well at home so we do not write this month yr affecte C. Darwin,https://www.darwinproject.ac.uk/letter/?docId=letters/DCP-LETT-243.xml,DCP-LETT-243-p4-c8
DCP-LETT-246,to_darwin,[23] May 1834,1,April,month_reference,"Catherine very cleverly missed her turn of writing in the month of April, by inserting a few words in a Letter of Mr Owens, that he sent here to be directed: she had nothing to say, & so she just told you we were all well; & that she thought would be s…",https://www.darwinproject.ac.uk/letter/?docId=letters/DCP-LETT-246.xml,DCP-LETT-246-p1-c67
DCP-LETT-246,to_darwin,[23] May 1834,1,November,month_reference,…he world so long You must feel that such a waste of time & life. I have sent your last letter to Erasmus so I have not got it here to refer to: but I know it was dated sometime in November.— Caroline has told you of course how delighted the British Museum was to hear you had found part of the Skull of one of the unknown Animals it certainly was a most extraordinary …,https://www.darwinproject.ac.uk/letter/?docId=letters/DCP-LETT-246.xml,DCP-LETT-246-p1-c732
DCP-LETT-248,from_darwin,20–9 July 1834,1,"November, 1833",month_year,"Being at sea & the weather fine, I will begin a letter, which shall be finished when we arrive in Port.— I have received the whole series of letters up to yours of November, 1833.— I wrote last from the Falkland Isds. (where the Conway left for us a letter Bag); in this I mention receiving a Box; which must have come from Henslow; The next Man of War that …",https://www.darwinproject.ac.uk/letter/?docId=letters/DCP-LETT-248.xml,DCP-LETT-248-p1-c164
DCP-LETT-248,from_darwin,20–9 July 1834,7,July 29th,calendar_date,"July 29th., Valparaiso.— I have again to thank you all, for being such good sisters, as you are.— I have just received 3 letters, one from each of you, in due order the last being from Susa…",https://www.darwinproject.ac.uk/letter/?docId=letters/DCP-LETT-248.xml,DCP-LETT-248-p7-c0
DCP-LETT-248,from_darwin,20–9 July 1834,7,Feb 12th,calendar_date,"…Valparaiso.— I have again to thank you all, for being such good sisters, as you are.— I have just received 3 letters, one from each of you, in due order the last being from Susan, Feb 12th.— Also the box of books, with sundry notes & letters.— I am much obliged for your chain, I wear Caroline’s pencil case, suspended by it round my neck.— Thank Granny for her purse …",https://www.darwinproject.ac.uk/letter/?docId=letters/DCP-LETT-248.xml,DCP-LETT-248-p7-c192
DCP-LETT-248,from_darwin,20–9 July 1834,10,September,month_reference,"…ich is something to say:— The Captain keeps all smooth by rowing every one in turn, which of course he has as much right to do, as a gamekeeper to shoot Partridges on the first of September.— When I began this long straggling letter, I had intended to have sent it per Admiralty; but now it must be sent by Liverpool, so there will be double postage to pay.— Thank most…",https://www.darwinproject.ac.uk/letter/?docId=letters/DCP-LETT-248.xml,DCP-LETT-248-p10-c250
DCP-LETT-251,from_darwin,24 July & 28 Oct & 7 Nov 1834,1,Dec 12th. 1833,calendar_date,"A box has just arrived, in which are two of your most kind & affectionate letters; you do not know how happy they have made me.— One is dated Dec 12th. 1833 the other Jan: 15th of the same year!— By what fatality it did not arrive sooner, I cannot conjecture: I regret it much; for it contains the information, I most wanted about manne…",https://www.darwinproject.ac.uk/letter/?docId=letters/DCP-LETT-251.xml,DCP-LETT-251-p1-c142
DCP-LETT-251,from_darwin,24 July & 28 Oct & 7 Nov 1834,1,Jan: 15th,calendar_date,"A box has just arrived, in which are two of your most kind & affectionate letters; you do not know how happy they have made me.— One is dated Dec 12th. 1833 the other Jan: 15th of the same year!— By what fatality it did not arrive sooner, I cannot conjecture: I regret it much; for it contains the information, I most wanted about manner of packing &c &c: …",https://www.darwinproject.ac.uk/letter/?docId=letters/DCP-LETT-251.xml,DCP-LETT-251-p1-c167
DCP-LETT-251,from_darwin,24 July & 28 Oct & 7 Nov 1834,1,March,month_reference,"…ut manner of packing &c &c: roots, with specimens of plants &c &c: This I suppose was written after the reception of my first cargo of specimens.— Not having heard from you untill March of this year; I really began to think my collections were so poor, that you were puzzled what to say: the case is now quite on the opposite tack; for you are guilty of exciting al…",https://www.darwinproject.ac.uk/letter/?docId=letters/DCP-LETT-251.xml,DCP-LETT-251-p1-c508
DCP-LETT-251,from_darwin,24 July & 28 Oct & 7 Nov 1834,2,Jan,month_reference,"It is rather late, but I will allude to some remarks in the Jan: letter: you advise me to send home duplicates of my notes; I have been aware of the advantage of doing so; but then at sea to this day, I am invariably sick, excepting on the fin…",https://www.darwinproject.ac.uk/letter/?docId=letters/DCP-LETT-251.xml,DCP-LETT-251-p2-c60
DCP-LETT-251,from_darwin,24 July & 28 Oct & 7 Nov 1834,3,December,month_reference,"…enyns alludes to.— The true Onchidium of Cuv: I likewise know.— Amongst the marine Mollusques I have seen a good many genera & at Rio found one quite new one.— With respect to the December letter, I am very glad to hear, the four casks arrived safe; since which time you will have received another cargo, with the bird skins, about which you did not understand me.— Ha…",https://www.darwinproject.ac.uk/letter/?docId=letters/DCP-LETT-251.xml,DCP-LETT-251-p3-c956
DCP-LETT-251,from_darwin,24 July & 28 Oct & 7 Nov 1834,12,October 28th,calendar_date,"October 28th.— This letter has been lying in my port-folio ever since July: I did not send it away, because I did not think it worth the postage: it shall now go with a box of specimens: short…",https://www.darwinproject.ac.uk/letter/?docId=letters/DCP-LETT-251.xml,DCP-LETT-251-p12-c0
DCP-LETT-251,from_darwin,24 July & 28 Oct & 7 Nov 1834,12,July,month_reference,"October 28th.— This letter has been lying in my port-folio ever since July: I did not send it away, because I did not think it worth the postage: it shall now go with a box of specimens: shortly after arriving here, I set out on a geological excursion, &…",https://www.darwinproject.ac.uk/letter/?docId=letters/DCP-LETT-251.xml,DCP-LETT-251-p12-c70
DCP-LETT-251,from_darwin,24 July & 28 Oct & 7 Nov 1834,14,October,month_reference,"…Megatherium. I have since heard from B. Ayres, that it went to Liverpool by the Brig Basingwaithe.— If you have not received it—it is, I think, worth taking some trouble about. In October two casks & a jar were sent by H.M.S. Samarang viâ Portsmouth I have no doubt you have received them. With this letter, I send a good many bird skins; in the same box with them, t…",https://www.darwinproject.ac.uk/letter/?docId=letters/DCP-LETT-251.xml,DCP-LETT-251-p14-c254
DCP-LETT-252,to_darwin,25 July 1834,1,of the 5th,day_reference,"I avail myself of the opportunity of the Satellite sailing tomorrow for the Pacifick, to thank you very sincerely for your obliging letter of the 5th: of April, from East Falkland Island, which was brought to me by the Dublin a few days since, together with the very interesting specimens accompanying it. I had no idea that eith…",https://www.darwinproject.ac.uk/letter/?docId=letters/DCP-LETT-252.xml,DCP-LETT-252-p1-c139
DCP-LETT-252,to_darwin,25 July 1834,1,April,month_reference,"I avail myself of the opportunity of the Satellite sailing tomorrow for the Pacifick, to thank you very sincerely for your obliging letter of the 5th: of April, from East Falkland Island, which was brought to me by the Dublin a few days since, together with the very interesting specimens accompanying it. I had no idea that either those i…",https://www.darwinproject.ac.uk/letter/?docId=letters/DCP-LETT-252.xml,DCP-LETT-252-p1-c154
DCP-LETT-252,to_darwin,25 July 1834,2,on the 30th,day_reference,"Our last political news from Europe bring word of the downfal, at last, of Dom Miguel, who, with his friend Don Carlos of Spain, embarked for England on the 30th: of May.— We have this intelligence from Lisbon, as the English June Packet is not yet arrived. I suppose this letter will find the Beagle somewhere on the coast of Chili or Peru.",https://www.darwinproject.ac.uk/letter/?docId=letters/DCP-LETT-252.xml,DCP-LETT-252-p2-c150
DCP-LETT-252,to_darwin,25 July 1834,2,May,month_reference,"Our last political news from Europe bring word of the downfal, at last, of Dom Miguel, who, with his friend Don Carlos of Spain, embarked for England on the 30th: of May.— We have this intelligence from Lisbon, as the English June Packet is not yet arrived. I suppose this letter will find the Beagle somewhere on the coast of Chili or Peru.",https://www.darwinproject.ac.uk/letter/?docId=letters/DCP-LETT-252.xml,DCP-LETT-252-p2-c166
DCP-LETT-252,to_darwin,25 July 1834,2,June,month_reference,"… of the downfal, at last, of Dom Miguel, who, with his friend Don Carlos of Spain, embarked for England on the 30th: of May.— We have this intelligence from Lisbon, as the English June Packet is not yet arrived. I suppose this letter will find the Beagle somewhere on the coast of Chili or Peru.",https://www.darwinproject.ac.uk/letter/?docId=letters/DCP-LETT-252.xml,DCP-LETT-252-p2-c226
DCP-LETT-253,from_darwin,9–12 Aug 1834,1,March 9th,calendar_date,"A ship sails for Liverpool tomorrow. I will try to scribble this sheet full & if so send it off.— I received your letter, dated March 9th. the day before yesterday & Mr Owen’s long, one.— Give him my best thanks for writing so kindly to me; I will take an early opportunity of answering it.— I am much pleased, with w…",https://www.darwinproject.ac.uk/letter/?docId=letters/DCP-LETT-253.xml,DCP-LETT-253-p1-c128
DCP-LETT-257,to_darwin,30 Sept 1834,1,6th. April,calendar_date,We were delighted to receive your letter the week before last dated 6th. April from the Falkland Isles— Your account of those barren Isles was very interesting & of Patagonia. the Wedgwoods were surprised to find how much exagerated all former accounts of th…,https://www.darwinproject.ac.uk/letter/?docId=letters/DCP-LETT-257.xml,DCP-LETT-257-p1-c68
DCP-LETT-257,to_darwin,30 Sept 1834,1,July 1833,month_year,"…— I hope by this time you will have had our letters saying we had received your journal, but for fear of their being lost, I will repeat we received the part of the journal ending July 1833, sent from Plata. I have been rereading with great pleasure both parts of it & shall be very glad when we get a third part. My Father does not know who the Hon Col Walpole was you…",https://www.darwinproject.ac.uk/letter/?docId=letters/DCP-LETT-257.xml,DCP-LETT-257-p1-c586
DCP-LETT-257,to_darwin,30 Sept 1834,4,Aug 30th,calendar_date,…ave heard from some of your friends if it had been in contemplation— I give you joy most heartily on the new animals you have found.— Erasmus & Susan told you in their last letter Aug 30th. how delighted Mr. Clift was with your former specimens & that he thought the last boxes which had arrived contained remains of much value —,https://www.darwinproject.ac.uk/letter/?docId=letters/DCP-LETT-257.xml,DCP-LETT-257-p4-c1159
DCP-LETT-259,from_darwin,13 Oct 1834,5,May,month_reference,I forgot to thank Susan for her letter of May & Catherine for her pithy message “We do not write” because Mr Owen does.— I must previously have acknowledged your long letter for the foregoing month.—,https://www.darwinproject.ac.uk/letter/?docId=letters/DCP-LETT-259.xml,DCP-LETT-259-p5-c42
DCP-LETT-260,to_darwin,29 Oct 1834,1,April 6th,calendar_date,"The last letter we received from you was dated April 6th of this year, from the Falkland Islands. Caroline has written to you since last month. We have been writing now a long time, directed to Valparaiso; I shall be so delighted when w…",https://www.darwinproject.ac.uk/letter/?docId=letters/DCP-LETT-260.xml,DCP-LETT-260-p1-c47
DCP-LETT-260,to_darwin,29 Oct 1834,1,July,month_reference,"…letter from William Fox lately, who wished to know where to direct to you, as he is thinking of writing to you again, and is very anxious to hear some news of you. He says that in July he heard some very flattering things said of your exertions in Nat History, by Professor Henslow; who was then regretting that a Bag of Seeds, which had long reached England, had …",https://www.darwinproject.ac.uk/letter/?docId=letters/DCP-LETT-260.xml,DCP-LETT-260-p1-c628
DCP-LETT-260,to_darwin,29 Oct 1834,1,February,month_reference,"…chitect. Mr Slaney begged to be particularly remembered to you, and enquired much about you. Tom Eyton was staying in the house of course, with his love; they are to be married in February, and to live with old Mr Eyton; the house at Eyton has been very much added to, and altered to receive the Bride.— Tom Eyton seemed to be very devoted; I think he will have a very…",https://www.darwinproject.ac.uk/letter/?docId=letters/DCP-LETT-260.xml,DCP-LETT-260-p1-c4195
DCP-LETT-261,to_darwin,1 Nov 1834,8,April,month_reference,"I wish much I knew where you were at this time. I find from Caroline that your last letter was in April from the Falkland Isles, and she mentions something of one Jemmy Button, thinking I know all about him, but she has quite mystified me as you never mentioned him to me. I hope you…",https://www.darwinproject.ac.uk/letter/?docId=letters/DCP-LETT-261.xml,DCP-LETT-261-p8-c98
DCP-LETT-263,from_darwin,8 Nov 1834,1,January,month_reference,"This letter is merely to inform you that I send by H.M.S. Challenger two boxes, with Specimens.— She does not sail from this port till January, & will not arrive in England for at least 4 months afterwards. This letter goes by the Challenger to England.— In one of the Cases, I have given you an account of all our proceed…",https://www.darwinproject.ac.uk/letter/?docId=letters/DCP-LETT-263.xml,DCP-LETT-263-p1-c135
DCP-LETT-264,to_darwin,[24] Nov 1834,1,5th. of Decr,calendar_date,…ointed to find he said nothing about it: however they have got some letters of recommendation to the Consul & Chaplain so they won’t feel quite cast away. The Pandora sails on the 5th. of Decr. It is a new packet & built on some new & improved plan which makes it safer (Charlotte says) but I had not rather be the first for new experiments if I was them.— I daresay they …,https://www.darwinproject.ac.uk/letter/?docId=letters/DCP-LETT-264.xml,DCP-LETT-264-p1-c1313
DCP-LETT-265,to_darwin,29 Dec [1834],1,July 29th,calendar_date,Your two letters were a delightful surprise to us & thank you much for them—the first dated July 29th. to Cath from Valparaiso—and one to me August 9th.— Mr. Clift has been written to with all the directions you desired— Erasmus says a box with bones came to England by Liverpool i…,https://www.darwinproject.ac.uk/letter/?docId=letters/DCP-LETT-265.xml,DCP-LETT-265-p1-c92
DCP-LETT-265,to_darwin,29 Dec [1834],1,August 9th,calendar_date,"Your two letters were a delightful surprise to us & thank you much for them—the first dated July 29th. to Cath from Valparaiso—and one to me August 9th.— Mr. Clift has been written to with all the directions you desired— Erasmus says a box with bones came to England by Liverpool in August, & he thinks from Buenos Ayres—a note he …",https://www.darwinproject.ac.uk/letter/?docId=letters/DCP-LETT-265.xml,DCP-LETT-265-p1-c141
DCP-LETT-265,to_darwin,29 Dec [1834],1,August,month_reference,"…to Cath from Valparaiso—and one to me August 9th.— Mr. Clift has been written to with all the directions you desired— Erasmus says a box with bones came to England by Liverpool in August, & he thinks from Buenos Ayres—a note he has just had from Pro. Henslow dated Dec 22d. to say “owing to a mistake he had not recevd your bones till now— he finds them all safe & h…",https://www.darwinproject.ac.uk/letter/?docId=letters/DCP-LETT-265.xml,DCP-LETT-265-p1-c283
DCP-LETT-265,to_darwin,29 Dec [1834],1,Dec 22d,calendar_date,"… all the directions you desired— Erasmus says a box with bones came to England by Liverpool in August, & he thinks from Buenos Ayres—a note he has just had from Pro. Henslow dated Dec 22d. to say “owing to a mistake he had not recevd your bones till now— he finds them all safe & has put them in a dry place— he also says he will write by the first parcel that goes t…",https://www.darwinproject.ac.uk/letter/?docId=letters/DCP-LETT-265.xml,DCP-LETT-265-p1-c368
DCP-LETT-266,to_darwin,28 Jan [1835],1,October 13th,calendar_date,"Caroline received your letter from Valparaiso of October 13th, about a week ago. I cannot tell you how sorry we were to hear that you have been ill, my dear Charley. It must have been so trying for you being ill when you were on an Expeditio…",https://www.darwinproject.ac.uk/letter/?docId=letters/DCP-LETT-266.xml,DCP-LETT-266-p1-c49
DCP-LETT-266,to_darwin,28 Jan [1835],1,16th of December,calendar_date,"…nistry.— Edward Holland is returned as Member for East Worcestershire.— I have not yet told you what nice accounts have been received of the Langtons; they arrived at Madeira, the 16th of December, after only 10 day’s sail, which Charlotte speaks of enjoying very much, and she writes in great admiration of the beauty of the climate, which is hot for exercise (in Decber) and…",https://www.darwinproject.ac.uk/letter/?docId=letters/DCP-LETT-266.xml,DCP-LETT-266-p1-c5242
DCP-LETT-268,to_darwin,16 Feb 1835,2,August,month_reference,"…your happiness.— Though I have talked of his idleness: I know he means to write to you very soon, and I hope you have received part of a letter he wrote in one of mine to you last August or September.— Tom Eyton was here the other day and mentioned having got a letter from you since you have been at Valparaiso, but said that he had written you 3 Letters directed t…",https://www.darwinproject.ac.uk/letter/?docId=letters/DCP-LETT-268.xml,DCP-LETT-268-p2-c758
DCP-LETT-268,to_darwin,16 Feb 1835,2,September,month_reference,"…ness.— Though I have talked of his idleness: I know he means to write to you very soon, and I hope you have received part of a letter he wrote in one of mine to you last August or September.— Tom Eyton was here the other day and mentioned having got a letter from you since you have been at Valparaiso, but said that he had written you 3 Letters directed there & that y…",https://www.darwinproject.ac.uk/letter/?docId=letters/DCP-LETT-268.xml,DCP-LETT-268-p2-c768
DCP-LETT-271,from_darwin,10–13 Mar 1835,2,November,month_reference,This letter will be sent across land so will reach England soon: after receiving this you must direct till the middle of November to Sydney.—then till the middle of June to the C. of Good Hope.— We expect to arrive in England in September 1836.— The letters which come directed to S. America will not be lost …,https://www.darwinproject.ac.uk/letter/?docId=letters/DCP-LETT-271.xml,DCP-LETT-271-p2-c121
DCP-LETT-271,from_darwin,10–13 Mar 1835,2,June,month_reference,This letter will be sent across land so will reach England soon: after receiving this you must direct till the middle of November to Sydney.—then till the middle of June to the C. of Good Hope.— We expect to arrive in England in September 1836.— The letters which come directed to S. America will not be lost for the Captain will write to the Admira…,https://www.darwinproject.ac.uk/letter/?docId=letters/DCP-LETT-271.xml,DCP-LETT-271-p2-c165
DCP-LETT-271,from_darwin,10–13 Mar 1835,2,September 1836,month_year,…h England soon: after receiving this you must direct till the middle of November to Sydney.—then till the middle of June to the C. of Good Hope.— We expect to arrive in England in September 1836.— The letters which come directed to S. America will not be lost for the Captain will write to the Admiral to forward them to Sydney.— I do so long to see you all again. I am begi…,https://www.darwinproject.ac.uk/letter/?docId=letters/DCP-LETT-271.xml,DCP-LETT-271-p2-c229
DCP-LETT-271,from_darwin,10–13 Mar 1835,6,Sept,month_reference,"…s is.— Tell my Father I have drawn a bill for sixty pounds.— When we arrived the day before yesterday, I only received two letters, (both most full of interesting news) from Katty Sept. & Caroline, October.— The June, July, August ones have miscarried. I expect however they are in the Commodores ships, & Commodores are fully priviledged to forget the entire conc…",https://www.darwinproject.ac.uk/letter/?docId=letters/DCP-LETT-271.xml,DCP-LETT-271-p6-c550
DCP-LETT-271,from_darwin,10–13 Mar 1835,6,October,month_reference,"…her I have drawn a bill for sixty pounds.— When we arrived the day before yesterday, I only received two letters, (both most full of interesting news) from Katty Sept. & Caroline, October.— The June, July, August ones have miscarried. I expect however they are in the Commodores ships, & Commodores are fully priviledged to forget the entire concerns of a ten gun Bri…",https://www.darwinproject.ac.uk/letter/?docId=letters/DCP-LETT-271.xml,DCP-LETT-271-p6-c568
DCP-LETT-271,from_darwin,10–13 Mar 1835,6,June,month_reference,"…wn a bill for sixty pounds.— When we arrived the day before yesterday, I only received two letters, (both most full of interesting news) from Katty Sept. & Caroline, October.— The June, July, August ones have miscarried. I expect however they are in the Commodores ships, & Commodores are fully priviledged to forget the entire concerns of a ten gun Brig:— others …",https://www.darwinproject.ac.uk/letter/?docId=letters/DCP-LETT-271.xml,DCP-LETT-271-p6-c582
DCP-LETT-271,from_darwin,10–13 Mar 1835,6,July,month_reference,"…ill for sixty pounds.— When we arrived the day before yesterday, I only received two letters, (both most full of interesting news) from Katty Sept. & Caroline, October.— The June, July, August ones have miscarried. I expect however they are in the Commodores ships, & Commodores are fully priviledged to forget the entire concerns of a ten gun Brig:— others are su…",https://www.darwinproject.ac.uk/letter/?docId=letters/DCP-LETT-271.xml,DCP-LETT-271-p6-c588
DCP-LETT-271,from_darwin,10–13 Mar 1835,6,August,month_reference,"…r sixty pounds.— When we arrived the day before yesterday, I only received two letters, (both most full of interesting news) from Katty Sept. & Caroline, October.— The June, July, August ones have miscarried. I expect however they are in the Commodores ships, & Commodores are fully priviledged to forget the entire concerns of a ten gun Brig:— others are sufferers …",https://www.darwinproject.ac.uk/letter/?docId=letters/DCP-LETT-271.xml,DCP-LETT-271-p6-c594
DCP-LETT-272,from_darwin,[10]–13 Mar 1835,4,September 1836,month_year,"…ed box came safe.— I think that collection will be good, as I took much pains with them.— I am in a great hurry, so excuse this stupid shabby little letter. Oh the goodly month of September 1836.— To think that I shall again be actually living quietly in Cambridge.— It is too good a prospect, it will spoil the Cordilleras.",https://www.darwinproject.ac.uk/letter/?docId=letters/DCP-LETT-272.xml,DCP-LETT-272-p4-c499
DCP-LETT-273,to_darwin,30 Mar 1835,1,Novr 8th,calendar_date,Your last letter was to Cath dated Novr 8th. and extremely interesting— How very kind Mr. Corfield has been & what would have become of you if you had been unable to return to his house before you became so ill— poor dear C…,https://www.darwinproject.ac.uk/letter/?docId=letters/DCP-LETT-273.xml,DCP-LETT-273-p1-c35
DCP-LETT-273,to_darwin,30 Mar 1835,2,on the 9th,day_reference,Mr. Owen recevd your letter written on the 9th. & was excessively pleased by it— he wrote a note to my Father quite overflowing with affection & as for Papa himself he was so much affected by thinking of you ill & forlorn that…,https://www.darwinproject.ac.uk/letter/?docId=letters/DCP-LETT-273.xml,DCP-LETT-273-p2-c36
DCP-LETT-273,to_darwin,30 Mar 1835,2,April,month_reference,… Corfield at Pitchford to say how grateful he felt for his sons kindness to you— I have had another letter from Charlotte— it is settled that she & Mr Langton go to Rio the end of April where they remain 4 or 5 months & then winter in one of the West Indian Isles. I am sure it would please Charlotte extremely if you would write a few lines to her at Rio. she alwa…,https://www.darwinproject.ac.uk/letter/?docId=letters/DCP-LETT-273.xml,DCP-LETT-273-p2-c607
DCP-LETT-274,from_darwin,18 Apr 1835,15,June,month_reference,"In two or three days I set out for Coquimbo by Land, the Beagle calls for me in the beginning of June: So that I have 6 weeks more to enjoy geologizing over these curious mountains of Chili.— There is at present a bloody revolution in Peru: the Commodore has gone there & in the hu…",https://www.darwinproject.ac.uk/letter/?docId=letters/DCP-LETT-274.xml,DCP-LETT-274-p15-c97
DCP-LETT-275,from_darwin,23 Apr 1835,1,November,month_reference,"I received a few days since your letter of November: the three letters, which I before mentioned are yet missing: but I do not doubt they will come to life.— I returned a week ago from my excursion across the Andes to Mendoza. Sinc…",https://www.darwinproject.ac.uk/letter/?docId=letters/DCP-LETT-275.xml,DCP-LETT-275-p1-c43
DCP-LETT-277,to_darwin,25 June 1835,1,on the 14th,day_reference,"By the arrival of the Beagle on the 14th. Inst. I recd. your much esteemed letter of the 29th. May, by which I was glad to learn that you had arrived safely at Coqbo—but I was sorry to hear that your rebel of a stomach h…",https://www.darwinproject.ac.uk/letter/?docId=letters/DCP-LETT-277.xml,DCP-LETT-277-p1-c29
DCP-LETT-277,to_darwin,25 June 1835,1,of the 29th,day_reference,"By the arrival of the Beagle on the 14th. Inst. I recd. your much esteemed letter of the 29th. May, by which I was glad to learn that you had arrived safely at Coqbo—but I was sorry to hear that your rebel of a stomach had been annoying you again. I am pleased to find that…",https://www.darwinproject.ac.uk/letter/?docId=letters/DCP-LETT-277.xml,DCP-LETT-277-p1-c82
DCP-LETT-280,to_darwin,14 & 18 July 1835,5,Feby 21,calendar_date,"… having been in two minorities of 33 & 27 on the Irish Tithe question, but you will hear all the best news from Capt Fitzroy I send you a few papers and one, the Morning Herald of Feby 21—containing some correspondence between a Mr Beaumont & Mr Townsend which are worth perusal but Alison desired me by all means to send it you, as it also contains something relativ…",https://www.darwinproject.ac.uk/letter/?docId=letters/DCP-LETT-280.xml,DCP-LETT-280-p5-c328
DCP-LETT-281,from_darwin,[19] July – [12 Aug] 1835,5,July [August] 12th,editorially_corrected_date,July [August] 12th I have received three more letters making the chain complete from England to February 1835.— Capt Fitz Roy has arrived in good spirits & in a short time we sail for the Galapagos.…,https://www.darwinproject.ac.uk/letter/?docId=letters/DCP-LETT-281.xml,DCP-LETT-281-p5-c0
DCP-LETT-281,from_darwin,[19] July – [12 Aug] 1835,5,February 1835,month_year,"July [August] 12th I have received three more letters making the chain complete from England to February 1835.— Capt Fitz Roy has arrived in good spirits & in a short time we sail for the Galapagos. He has just stated, five minutes ago on ye Quarter Deck that this time year we shall be ve…",https://www.darwinproject.ac.uk/letter/?docId=letters/DCP-LETT-281.xml,DCP-LETT-281-p5-c96
DCP-LETT-282,from_darwin,[9–12 Aug] 1835,1,June,month_reference,"I have lately received two of your letters, one dated June & the other November 1834. (—They reached me however in an inverted order;—) I was very glad to receive a history of this the most important year in your life. Previously I had on…",https://www.darwinproject.ac.uk/letter/?docId=letters/DCP-LETT-282.xml,DCP-LETT-282-p1-c54
DCP-LETT-282,from_darwin,[9–12 Aug] 1835,1,November 1834,month_year,"I have lately received two of your letters, one dated June & the other November 1834. (—They reached me however in an inverted order;—) I was very glad to receive a history of this the most important year in your life. Previously I had only heard the plain fact, t…",https://www.darwinproject.ac.uk/letter/?docId=letters/DCP-LETT-282.xml,DCP-LETT-282-p1-c71
DCP-LETT-282,from_darwin,[9–12 Aug] 1835,6,September,month_reference,"…egligent of all branches of Zoology; I hope to make up a little in the Pacifick; but all our future visits will indeed be flying ones.— The Captain talks about arriving in England September year. I doubt the possibility; but Heaven grant it may not be much after.— Will you write to me once again, soon after receiving this & direct to the C. of Good Hope, & in answer …",https://www.darwinproject.ac.uk/letter/?docId=letters/DCP-LETT-282.xml,DCP-LETT-282-p6-c224
DCP-LETT-283,from_darwin,12 [Aug] 1835,1,June,month_reference,"…e Volcano.— Although we have seen Lava in abundance, I have never yet beheld the Crater.— I sent by H.M.S. Conway two large boxes of Specimens. The Conway sailed the latter end of June.— With them were letters for you.— Since that time I have travelled by land from Valparaiso to Copiapò & seen something more of the Cordilleras.— Some of my Geological views have …",https://www.darwinproject.ac.uk/letter/?docId=letters/DCP-LETT-283.xml,DCP-LETT-283-p1-c497
DCP-LETT-283,from_darwin,12 [Aug] 1835,3,1836,year_reference,"…ding me the greatest delight, always give me a fresh stimulus for exertion. Excuse this Geologico-prosy letter & Farewell till you hear from me at Sydney & see me in the Autumn of 1836. Believe me, dear Henslow, Yours affectionately obliged | Charles Darwin",https://www.darwinproject.ac.uk/letter/?docId=letters/DCP-LETT-283.xml,DCP-LETT-283-p3-c604
DCP-LETT-287,to_darwin,30 Oct 1835,1,September,month_reference,"…ort, produced by the late Earthquakes, of which you gave us an account.— I don’t think I have written to you, my dearest Charles, since we had the capital news of your return next September; it is such a blessing to have a fixed time to look forward to, and one really not very far off now.— There is hardly any news to tell you, I am afraid, since Caroline last wrote …",https://www.darwinproject.ac.uk/letter/?docId=letters/DCP-LETT-287.xml,DCP-LETT-287-p1-c1315
DCP-LETT-288,to_darwin,22 Nov 1835,1,31st. of May,calendar_date,…erprises.— I do long to hear you are safe out of South America for then I shall consider you comparatively safe. Catherine heard fr. you last week yr Letter was dated Coquinbo the 31st. of May and then you were going to undertake a month of land Journey I am sorry your inclination for the South Sea Islands has rather evaporated.—,https://www.darwinproject.ac.uk/letter/?docId=letters/DCP-LETT-288.xml,DCP-LETT-288-p1-c2443
DCP-LETT-289,from_darwin,27 Dec 1835,7,1st. of August,calendar_date,"…some way into the country.— From Sydney, we proceed to King George’s sound & so on as formerly planned. Be sure, not to forget to have a letter at Plymouth on or rather before the 1st. of August.",https://www.darwinproject.ac.uk/letter/?docId=letters/DCP-LETT-289.xml,DCP-LETT-289-p7-c483
DCP-LETT-289,from_darwin,27 Dec 1835,9,March,month_reference,"I forgot to mention, that by a string of extraordinary chances, the day before finally leaving the Galapagos, I received your letter of March. I am almost afraid, that at Sydney, we shall be too soon for our instructions respecting letters.",https://www.darwinproject.ac.uk/letter/?docId=letters/DCP-LETT-289.xml,DCP-LETT-289-p9-c136
DCP-LETT-291,to_darwin,29 Dec [1835],1,July 17th,calendar_date,"I received yesterday your dear affectionate letter from Lima, dated July 17th.— it is delightful to think how very soon we shall have you at home again & now that it is possibly only six or 8 months before you will be England again I can with good heart say…",https://www.darwinproject.ac.uk/letter/?docId=letters/DCP-LETT-291.xml,DCP-LETT-291-p1-c68
DCP-LETT-292,to_darwin,5 Jan 1836,1,27th. of July,calendar_date,"I recieved your kind letter on the 27th. of July last year, & finding that you wish me to direct to you in England, I have taken mature time to investigate the questions on which you wish information, before returning my answer …",https://www.darwinproject.ac.uk/letter/?docId=letters/DCP-LETT-292.xml,DCP-LETT-292-p1-c35
DCP-LETT-292,to_darwin,5 Jan 1836,1,Feby. last,month_reference,"…ns on which you wish information, before returning my answer which I expect will arrive in England as soon as the Beaugle. I have been over the greatest part of the province since Feby. last, my information was verbal accuired on the spot where the observations were taken; & are the following.",https://www.darwinproject.ac.uk/letter/?docId=letters/DCP-LETT-292.xml,DCP-LETT-292-p1-c347
DCP-LETT-294,from_darwin,28 Jan 1836,1,on the 12th,day_reference,"… all is nearly gone.— This is a most villainously dear place; & I stood in need of many articles. You will have received my letter some time ago, from New Zealand. Here we arrived on the 12th of this month.— On entering the harbor we were astounded with all the appearances of the outskirts of a great city:—numerous Windmills—Forts— large stone white houses, superb Vill…",https://www.darwinproject.ac.uk/letter/?docId=letters/DCP-LETT-294.xml,DCP-LETT-294-p1-c544
DCP-LETT-296,to_darwin,29 Jan 1836,1,May 3d,calendar_date,"Your last letter was from Lima, in which you mentioned having drawn for 50 instead of 30£;— by some strange mistake it was dated May 3d , but we know you must have meant to write September 3d, as the letter before, also from Lima, was dated July 20th.— It is most delightful to think that we shall really have you h…",https://www.darwinproject.ac.uk/letter/?docId=letters/DCP-LETT-296.xml,DCP-LETT-296-p1-c129
DCP-LETT-296,to_darwin,29 Jan 1836,1,September 3d,calendar_date,"Your last letter was from Lima, in which you mentioned having drawn for 50 instead of 30£;— by some strange mistake it was dated May 3d , but we know you must have meant to write September 3d, as the letter before, also from Lima, was dated July 20th.— It is most delightful to think that we shall really have you home next Autumn;—we long to see you again, and to have t…",https://www.darwinproject.ac.uk/letter/?docId=letters/DCP-LETT-296.xml,DCP-LETT-296-p1-c179
DCP-LETT-296,to_darwin,29 Jan 1836,1,July 20th,calendar_date,"… drawn for 50 instead of 30£;— by some strange mistake it was dated May 3d , but we know you must have meant to write September 3d, as the letter before, also from Lima, was dated July 20th.— It is most delightful to think that we shall really have you home next Autumn;—we long to see you again, and to have the happiness of having you safely at home again, as much as…",https://www.darwinproject.ac.uk/letter/?docId=letters/DCP-LETT-296.xml,DCP-LETT-296-p1-c241
DCP-LETT-296,to_darwin,29 Jan 1836,1,July 20th,calendar_date,"…ve, when you come; and I shall much enjoy turning out of your room, to give it up to its dear old owner.— Mr Owen sent us a very agreeable nice letter from you to read, dated also July 20th, from Lima; he was very much pleased with it, and talked a great deal about you, when I was lately at Woodhouse.— You will find very few changes for the worse, I hope, when you re…",https://www.darwinproject.ac.uk/letter/?docId=letters/DCP-LETT-296.xml,DCP-LETT-296-p1-c957
DCP-LETT-297,to_darwin,12 Feb 1836,7,May,month_reference,I wish we could hope to see yr hand writing before May. I long for some account of the Galapageos for I never read any thing about those frying hot Islands. God bless you my dear Charley may I see yr dear face in 6 months time & Ever …,https://www.darwinproject.ac.uk/letter/?docId=letters/DCP-LETT-297.xml,DCP-LETT-297-p7-c51
DCP-LETT-300,to_darwin,28 Mar 1836,1,4th,bare_day_reference,Susan & Cath have written since we had your last letter from Lima Augt. 4th. but for fear of accidents I just mention it— I can hardly believe how near home you will be when you get this & that these long long five years are really just ended— many an hou…,https://www.darwinproject.ac.uk/letter/?docId=letters/DCP-LETT-300.xml,DCP-LETT-300-p1-c72
DCP-LETT-300,to_darwin,28 Mar 1836,3,August,month_reference,As I have little expectation of your getting this letter I will finish with all our best loves to you dearest Charles My Fathers in particular— Good bye & God bless you. August will soon be here Ever yr affecte C. S Darwin,https://www.darwinproject.ac.uk/letter/?docId=letters/DCP-LETT-300.xml,DCP-LETT-300-p3-c170
DCP-LETT-301,from_darwin,29 Apr 1836,7,September,month_reference,"…of the last letter I received was 13 months ago: This is a grievous period, to be entirely ignorant, about all, one care’s most for.— It is probable we shall arrive ⁠⟨⁠ear⁠⟩⁠ly in September; you must recollect the possibility ⁠⟨⁠of⁠⟩⁠ my not having received letters for 18 months, so retell me any thing important; if I do not come by the 14th of Septemb. write again t…",https://www.darwinproject.ac.uk/letter/?docId=letters/DCP-LETT-301.xml,DCP-LETT-301-p7-c605
DCP-LETT-301,from_darwin,29 Apr 1836,7,14th of Septemb,calendar_date,"…rrive ⁠⟨⁠ear⁠⟩⁠ly in September; you must recollect the possibility ⁠⟨⁠of⁠⟩⁠ my not having received letters for 18 months, so retell me any thing important; if I do not come by the 14th of Septemb. write again to Plymouth post-office. So that when, I start for home—I may travel with a certain mind.",https://www.darwinproject.ac.uk/letter/?docId=letters/DCP-LETT-301.xml,DCP-LETT-301-p7-c764
DCP-LETT-302,from_darwin,3 June 1836,1,Jan. 1836,month_year,"… grand pile at this place.— The mountain of letters, alas, has dwindled into ⁠⟨⁠a⁠⟩⁠ small packet of about a dozen: amongs⁠⟨⁠t⁠⟩⁠ them I had the good fortune of receiving yours of Jan. 1836!.— Nine months’ letters are wandering over the wide ocean, which we shall not receive till some time after reaching England; But if you knew the glowing unspeakable delight, which…",https://www.darwinproject.ac.uk/letter/?docId=letters/DCP-LETT-302.xml,DCP-LETT-302-p1-c657
DCP-LETT-302,from_darwin,3 June 1836,2,January,month_reference,"When I wrote from Mauritius, I begged, that the Plymouth letter might contain a short abstract of the last 18 months; now it need only go back as far as January. Pray do not disappoint me this; for otherwise I shall be uncomfortable in my journey instead of enjoying, the sight of the most glorious & the most beautiful of countries. I beli…",https://www.darwinproject.ac.uk/letter/?docId=letters/DCP-LETT-302.xml,DCP-LETT-302-p2-c153
DCP-LETT-306,from_darwin,4 Aug [1836],1,October,month_reference,"…y grievous; it has put the finishing stroke to my feelings. I loathe, I abhor the sea, & all ships which sail on it. But I yet believe we shall reach England in the latter half of October.— At Ascension I received Catherines letter of October & yours of November; the letter at the Cape was of a later date; but letters of all sorts are inestimable treasures, & I tha…",https://www.darwinproject.ac.uk/letter/?docId=letters/DCP-LETT-306.xml,DCP-LETT-306-p1-c506
DCP-LETT-306,from_darwin,4 Aug [1836],1,October,month_reference,"…ngs. I loathe, I abhor the sea, & all ships which sail on it. But I yet believe we shall reach England in the latter half of October.— At Ascension I received Catherines letter of October & yours of November; the letter at the Cape was of a later date; but letters of all sorts are inestimable treasures, & I thank you both for them.—",https://www.darwinproject.ac.uk/letter/?docId=letters/DCP-LETT-306.xml,DCP-LETT-306-p1-c561
DCP-LETT-306,from_darwin,4 Aug [1836],1,November,month_reference,"…hor the sea, & all ships which sail on it. But I yet believe we shall reach England in the latter half of October.— At Ascension I received Catherines letter of October & yours of November; the letter at the Cape was of a later date; but letters of all sorts are inestimable treasures, & I thank you both for them.—",https://www.darwinproject.ac.uk/letter/?docId=letters/DCP-LETT-306.xml,DCP-LETT-306-p1-c580
DCP-LETT-313,from_darwin,24 Oct [1836],1,December,month_reference,"…ien, with whom formerly he had a long flirtation. I cannot tell you particulars, but will keep the letter to gratify your little propensity of curiosity— They are to be married in December.— I believe the Lady is a good one, but it is a most inconvenient time to marry— I mean to send all my property from the Beagle to Cambridge, where I have determined to reside for…",https://www.darwinproject.ac.uk/letter/?docId=letters/DCP-LETT-313.xml,DCP-LETT-313-p1-c606
DCP-LETT-330,from_darwin,[19 Dec 1836],1,of the 19th,day_reference,"[Read a Letter of the 19th Instant from Mr Charles Darwin of Christs College, Cambridge stating that understanding from the Conservators that a Series of fossil Bones collected during the voyage of H:M: Sur…",https://www.darwinproject.ac.uk/letter/?docId=letters/DCP-LETT-330.xml,DCP-LETT-330-p1-c15
DCP-LETT-334,to_darwin,23 Dec 1836,1,of the 19th,day_reference,I have had the satisfaction to submit your Letter of the 19th. to the Board of Curators who expressed their intire approval of the terms and conditions annexed to your highly liberal offer of your valuable specimens of South American fossil …,https://www.darwinproject.ac.uk/letter/?docId=letters/DCP-LETT-334.xml,DCP-LETT-334-p1-c50
DCP-LETT-335,to_darwin,26 Dec 1836,1,January 2,calendar_date,"…t have a word or two altered, but it would be impossible in a letter. I have made notes on them, and hope you will call here before you read the paper. Will you come up on Monday, January 2, and come and dine with us at half-past five o’clock, or come at five, and I will go over the paper before dinner? No one dines with us but Mr. and Mrs. Horner and one daughter, a…",https://www.darwinproject.ac.uk/letter/?docId=letters/DCP-LETT-335.xml,DCP-LETT-335-p1-c311
DCP-LETT-337,to_darwin,30 Dec 1836,4,January,month_reference,I told Mr. Colburn I should give him an answer in January.,https://www.darwinproject.ac.uk/letter/?docId=letters/DCP-LETT-337.xml,DCP-LETT-337-p4-c50
