id,sender_surname,sender_forename,recipient_surname,recipient_forename,sorting_date,date,sender_address,recipient_address,source,languages, extent, filename,classification,direction,xml_earliest,xml_latest,date_structure,exact_order_needs_review,source_date_flags,prospective_role,xml_path,xml_sha256,xml_url,letter_page_url
DCP-LETT-37,Mostyn Owen,Fanny,Darwin,C. R.,1828-01-01,[Jan 1828],[Brighton],,DAR 204: 42,,,DCP-LETT-37.xml,safe_within_period,to_darwin,1828-01-01,1828-01-31,bounded_range,True,editorially_supplied_component,incoming_context_pending_receipt_and_reply_evidence,data/raw/epsilon/ab0d973bae05b54d68d82d068211015996cfec06/letters/DCP-LETT-37.xml,e36b8e47cc8359987b6888c813f8d13a64e5771e3d1fdac4cf22c93f2570e7d3,https://raw.githubusercontent.com/cambridge-collection/epsilon-data/ab0d973bae05b54d68d82d068211015996cfec06/xml/darwin-correspondence/letters/DCP-LETT-37.xml,https://www.darwinproject.ac.uk/letter/?docId=letters/DCP-LETT-37.xml
DCP-LETT-38,Mostyn Owen,Fanny,Darwin,C. R.,1828-01-01,[late Jan 1828],[Brighton],,DAR 204: 43,,,DCP-LETT-38.xml,safe_within_period,to_darwin,1828-01-01,1828-01-31,bounded_range,True,editorially_supplied_component,incoming_context_pending_receipt_and_reply_evidence,data/raw/epsilon/ab0d973bae05b54d68d82d068211015996cfec06/letters/DCP-LETT-38.xml,4c02d885d9c8b9b73f891ce35db86a450cbcbc3a567cc843fa35a3edd9a187af,https://raw.githubusercontent.com/cambridge-collection/epsilon-data/ab0d973bae05b54d68d82d068211015996cfec06/xml/darwin-correspondence/letters/DCP-LETT-38.xml,https://www.darwinproject.ac.uk/letter/?docId=letters/DCP-LETT-38.xml
DCP-LETT-39,Mostyn Owen,S. H.,Darwin,C. R.,1828-02-18,18 Feb [1828],"The Forest, [Woodhouse]",,DAR 204: 59,,,DCP-LETT-39.xml,safe_within_period,to_darwin,1828-02-18,1828-02-18,single_xml_day,False,editorially_supplied_component,incoming_context_pending_receipt_and_reply_evidence,data/raw/epsilon/ab0d973bae05b54d68d82d068211015996cfec06/letters/DCP-LETT-39.xml,e6bac50d82ab7f11da5e72eca914d5c21f1510ad5975de32ad2f59c4308ea48e,https://raw.githubusercontent.com/cambridge-collection/epsilon-data/ab0d973bae05b54d68d82d068211015996cfec06/xml/darwin-correspondence/letters/DCP-LETT-39.xml,https://www.darwinproject.ac.uk/letter/?docId=letters/DCP-LETT-39.xml
DCP-LETT-40,Mostyn Owen,Fanny,Darwin,C. R.,1828-03-09,[9 Mar 1828],"The Forest, [Woodhouse]",,DAR 204: 44,,,DCP-LETT-40.xml,safe_within_period,to_darwin,1828-03-09,1828-03-09,single_xml_day,False,editorially_supplied_component,incoming_context_pending_receipt_and_reply_evidence,data/raw/epsilon/ab0d973bae05b54d68d82d068211015996cfec06/letters/DCP-LETT-40.xml,e5fc2396b1a3953944d31539b3003b7345c2bab8bc3e5514e02d9fd7267ff0dd,https://raw.githubusercontent.com/cambridge-collection/epsilon-data/ab0d973bae05b54d68d82d068211015996cfec06/xml/darwin-correspondence/letters/DCP-LETT-40.xml,https://www.darwinproject.ac.uk/letter/?docId=letters/DCP-LETT-40.xml
DCP-LETT-41,Mostyn Owen,S. H.,Darwin,C. R.,1828-03-30,30 Mar [1828],Woodhouse,,DAR 204: 60,,,DCP-LETT-41.xml,safe_within_period,to_darwin,1828-03-30,1828-03-30,single_xml_day,False,editorially_supplied_component,incoming_context_pending_receipt_and_reply_evidence,data/raw/epsilon/ab0d973bae05b54d68d82d068211015996cfec06/letters/DCP-LETT-41.xml,01582dad9e09742d52bef3c13000b0100c2fea02700b4ab1dd13cf4c4b06ca42,https://raw.githubusercontent.com/cambridge-collection/epsilon-data/ab0d973bae05b54d68d82d068211015996cfec06/xml/darwin-correspondence/letters/DCP-LETT-41.xml,https://www.darwinproject.ac.uk/letter/?docId=letters/DCP-LETT-41.xml
DCP-LETT-42,Darwin,C. R.,Fox,W. D.,1828-06-12,12 [June 1828],Shrewsbury,,"Christ’s College Library, Cambridge (MS 53 Fox 1)",,,DCP-LETT-42.xml,safe_within_period,from_darwin,1828-06-12,1828-06-12,single_xml_day,False,editorially_supplied_component,dated_grounding_unless_inbound_reply_link_is_established,data/raw/epsilon/ab0d973bae05b54d68d82d068211015996cfec06/letters/DCP-LETT-42.xml,e86a89b025417de7685b61efc8596ad2c724cf9fb8b002a5f5ed142a202a843a,https://raw.githubusercontent.com/cambridge-collection/epsilon-data/ab0d973bae05b54d68d82d068211015996cfec06/xml/darwin-correspondence/letters/DCP-LETT-42.xml,https://www.darwinproject.ac.uk/letter/?docId=letters/DCP-LETT-42.xml
DCP-LETT-43,Darwin,C. R.,Fox,W. D.,1828-06-30,[30 June 1828],[Shrewsbury],,"Christ’s College Library, Cambridge (MS 53 Fox 2)",,,DCP-LETT-43.xml,safe_within_period,from_darwin,1828-06-30,1828-06-30,single_xml_day,False,editorially_supplied_component,dated_grounding_unless_inbound_reply_link_is_established,data/raw/epsilon/ab0d973bae05b54d68d82d068211015996cfec06/letters/DCP-LETT-43.xml,063f07f974c4844f6d35b61344fe9d946c2ccdbc3f4911e28477b844da0fd3e8,https://raw.githubusercontent.com/cambridge-collection/epsilon-data/ab0d973bae05b54d68d82d068211015996cfec06/xml/darwin-correspondence/letters/DCP-LETT-43.xml,https://www.darwinproject.ac.uk/letter/?docId=letters/DCP-LETT-43.xml
DCP-LETT-44,Mostyn Owen,Fanny,Darwin,C. R.,1828-07-01,[July? 1828],unstated,,DAR 204: 45,,,DCP-LETT-44.xml,safe_within_period,to_darwin,1828-07-01,1828-07-31,bounded_range,True,editorially_supplied_component; questioned_component,incoming_context_pending_receipt_and_reply_evidence,data/raw/epsilon/ab0d973bae05b54d68d82d068211015996cfec06/letters/DCP-LETT-44.xml,37ac097cfc894b768a1dcfa4fc17f2eb3e50ca95d09feb148845e52a677a81a8,https://raw.githubusercontent.com/cambridge-collection/epsilon-data/ab0d973bae05b54d68d82d068211015996cfec06/xml/darwin-correspondence/letters/DCP-LETT-44.xml,https://www.darwinproject.ac.uk/letter/?docId=letters/DCP-LETT-44.xml
DCP-LETT-45,Darwin,C. R.,Fox,W. D.,1828-07-29,[29 July 1828],Barmouth,,"Christ’s College Library, Cambridge (MS 53 Fox 3)",,,DCP-LETT-45.xml,safe_within_period,from_darwin,1828-07-29,1828-07-29,single_xml_day,False,editorially_supplied_component,dated_grounding_unless_inbound_reply_link_is_established,data/raw/epsilon/ab0d973bae05b54d68d82d068211015996cfec06/letters/DCP-LETT-45.xml,3c8f9c1617df42ca8b3db1997a22765946dc943004595007a1971fcd6e093a0c,https://raw.githubusercontent.com/cambridge-collection/epsilon-data/ab0d973bae05b54d68d82d068211015996cfec06/xml/darwin-correspondence/letters/DCP-LETT-45.xml,https://www.darwinproject.ac.uk/letter/?docId=letters/DCP-LETT-45.xml
DCP-LETT-45A,Darwin,C. R.,Whitley,C. T.,1828-08-10,[10 Aug 1828],[Barmouth],,"Shrewsbury School, Taylor Library",,,DCP-LETT-45A.xml,safe_within_period,from_darwin,1828-08-10,1828-08-10,single_xml_day,False,editorially_supplied_component,dated_grounding_unless_inbound_reply_link_is_established,data/raw/epsilon/ab0d973bae05b54d68d82d068211015996cfec06/letters/DCP-LETT-45A.xml,e85e430f18fbb1ac94c28001ac8ba5b44ade19344fece871ece7597eea6cfc72,https://raw.githubusercontent.com/cambridge-collection/epsilon-data/ab0d973bae05b54d68d82d068211015996cfec06/xml/darwin-correspondence/letters/DCP-LETT-45A.xml,https://www.darwinproject.ac.uk/letter/?docId=letters/DCP-LETT-45A.xml
DCP-LETT-46,Darwin,C. R.,Fox,W. D.,1828-08-19,[19 Aug 1828],[Barmouth],,"Christ’s College Library, Cambridge (MS 53 Fox 4)",,,DCP-LETT-46.xml,safe_within_period,from_darwin,1828-08-19,1828-08-19,single_xml_day,False,editorially_supplied_component,dated_grounding_unless_inbound_reply_link_is_established,data/raw/epsilon/ab0d973bae05b54d68d82d068211015996cfec06/letters/DCP-LETT-46.xml,4e67e61b862547acf1a10ba6d676db4dff48e37a6adddf33aa79172d7a33a193,https://raw.githubusercontent.com/cambridge-collection/epsilon-data/ab0d973bae05b54d68d82d068211015996cfec06/xml/darwin-correspondence/letters/DCP-LETT-46.xml,https://www.darwinproject.ac.uk/letter/?docId=letters/DCP-LETT-46.xml
DCP-LETT-47,Darwin,C. R.,Herbert,J. M.,1828-09-13,[13 Sept 1828],[Osmaston],,American Philosophical Society (Mss.B.D25.1),,,DCP-LETT-47.xml,safe_within_period,from_darwin,1828-09-13,1828-09-13,single_xml_day,False,editorially_supplied_component,dated_grounding_unless_inbound_reply_link_is_established,data/raw/epsilon/ab0d973bae05b54d68d82d068211015996cfec06/letters/DCP-LETT-47.xml,ba9f6d485f9ed497e843a94042e459dd2eebb98c1cfd08e39073e2b103920528,https://raw.githubusercontent.com/cambridge-collection/epsilon-data/ab0d973bae05b54d68d82d068211015996cfec06/xml/darwin-correspondence/letters/DCP-LETT-47.xml,https://www.darwinproject.ac.uk/letter/?docId=letters/DCP-LETT-47.xml
DCP-LETT-48,Darwin,C. R.,Fox,W. D.,1828-10-01,[Oct 1828],[Shrewsbury],,"Christ’s College Library, Cambridge (MS 53 Fox 5)",,,DCP-LETT-48.xml,safe_within_period,from_darwin,1828-10-01,1828-10-31,bounded_range,True,editorially_supplied_component,dated_grounding_unless_inbound_reply_link_is_established,data/raw/epsilon/ab0d973bae05b54d68d82d068211015996cfec06/letters/DCP-LETT-48.xml,1842b334d051ec6ee5b77d01e94f04272a6d741a3f191855a293aaf02e54dece,https://raw.githubusercontent.com/cambridge-collection/epsilon-data/ab0d973bae05b54d68d82d068211015996cfec06/xml/darwin-correspondence/letters/DCP-LETT-48.xml,https://www.darwinproject.ac.uk/letter/?docId=letters/DCP-LETT-48.xml
DCP-LETT-49,Darwin,C. R.,Herbert,J. M.,1828-10-03,[3 Oct 1828],[Shrewsbury],,American Philosophical Society (Mss.B.D25.2),,,DCP-LETT-49.xml,safe_within_period,from_darwin,1828-10-03,1828-10-03,single_xml_day,False,editorially_supplied_component,dated_grounding_unless_inbound_reply_link_is_established,data/raw/epsilon/ab0d973bae05b54d68d82d068211015996cfec06/letters/DCP-LETT-49.xml,883526cd5a4e67006c5fe11138b2397f8460ce0185c58213416990aa346f10bd,https://raw.githubusercontent.com/cambridge-collection/epsilon-data/ab0d973bae05b54d68d82d068211015996cfec06/xml/darwin-correspondence/letters/DCP-LETT-49.xml,https://www.darwinproject.ac.uk/letter/?docId=letters/DCP-LETT-49.xml
DCP-LETT-50,Darwin,C. R.,Darwin family,,1828-10-03,3 Oct 1828,[Shrewsbury],,DAR 204: 34,,,DCP-LETT-50.xml,safe_within_period,from_darwin,1828-10-03,1828-10-03,single_xml_day,False,,dated_grounding_unless_inbound_reply_link_is_established,data/raw/epsilon/ab0d973bae05b54d68d82d068211015996cfec06/letters/DCP-LETT-50.xml,13f8a1e22dab30310f3c89094001ba00cb0b06a8c32ab16b3843c6d5d9ebaef6,https://raw.githubusercontent.com/cambridge-collection/epsilon-data/ab0d973bae05b54d68d82d068211015996cfec06/xml/darwin-correspondence/letters/DCP-LETT-50.xml,https://www.darwinproject.ac.uk/letter/?docId=letters/DCP-LETT-50.xml
DCP-LETT-51,Mostyn Owen,Fanny,Darwin,C. R.,1828-10-26,[26 Oct 1828],"Paradise Row, Woodhouse",,DAR 204: 46,,,DCP-LETT-51.xml,safe_within_period,to_darwin,1828-10-26,1828-10-26,single_xml_day,False,editorially_supplied_component,incoming_context_pending_receipt_and_reply_evidence,data/raw/epsilon/ab0d973bae05b54d68d82d068211015996cfec06/letters/DCP-LETT-51.xml,3b3700fa00044726ab0b7d35aa75c162c114d67d0dba1723ab404b721a26c001,https://raw.githubusercontent.com/cambridge-collection/epsilon-data/ab0d973bae05b54d68d82d068211015996cfec06/xml/darwin-correspondence/letters/DCP-LETT-51.xml,https://www.darwinproject.ac.uk/letter/?docId=letters/DCP-LETT-51.xml
DCP-LETT-52,Darwin,C. R.,Fox,W. D.,1828-10-29,[29 Oct 1828],Shrewsbury,,"Christ’s College Library, Cambridge (MS 53 Fox 6)",,,DCP-LETT-52.xml,safe_within_period,from_darwin,1828-10-29,1828-10-29,single_xml_day,False,editorially_supplied_component,dated_grounding_unless_inbound_reply_link_is_established,data/raw/epsilon/ab0d973bae05b54d68d82d068211015996cfec06/letters/DCP-LETT-52.xml,a168febc75f03212c44a48c676b8c17eaab3f6017fe836fc9016bac965c0d32a,https://raw.githubusercontent.com/cambridge-collection/epsilon-data/ab0d973bae05b54d68d82d068211015996cfec06/xml/darwin-correspondence/letters/DCP-LETT-52.xml,https://www.darwinproject.ac.uk/letter/?docId=letters/DCP-LETT-52.xml
DCP-LETT-53,Darwin,C. R.,Darwin,E. A.,1828-12-21,21 Dec 1828,Shrewsbury,,DAR 154: 66,,,DCP-LETT-53.xml,safe_within_period,from_darwin,1828-12-21,1828-12-21,single_xml_day,False,,dated_grounding_unless_inbound_reply_link_is_established,data/raw/epsilon/ab0d973bae05b54d68d82d068211015996cfec06/letters/DCP-LETT-53.xml,c6a83e3ae98c3d8b5dddbf68e0fe92a266fe35b344c9529333f330be52f8a74c,https://raw.githubusercontent.com/cambridge-collection/epsilon-data/ab0d973bae05b54d68d82d068211015996cfec06/xml/darwin-correspondence/letters/DCP-LETT-53.xml,https://www.darwinproject.ac.uk/letter/?docId=letters/DCP-LETT-53.xml
DCP-LETT-54,Darwin,C. R.,Fox,W. D.,1828-12-24,[24 Dec 1828],Shrewsbury,,"Christ’s College Library, Cambridge (MS 53 Fox 7)",,,DCP-LETT-54.xml,safe_within_period,from_darwin,1828-12-24,1828-12-24,single_xml_day,False,editorially_supplied_component,dated_grounding_unless_inbound_reply_link_is_established,data/raw/epsilon/ab0d973bae05b54d68d82d068211015996cfec06/letters/DCP-LETT-54.xml,cea18dbef053776b556408f774d91a94fdb5dcbd43d9f3bd99c3f88040a3a320,https://raw.githubusercontent.com/cambridge-collection/epsilon-data/ab0d973bae05b54d68d82d068211015996cfec06/xml/darwin-correspondence/letters/DCP-LETT-54.xml,https://www.darwinproject.ac.uk/letter/?docId=letters/DCP-LETT-54.xml
DCP-LETT-55,Darwin,C. R.,Fox,W. D.,1829-01-07,[7 Jan 1829],Shrewsbury,,"Christ’s College Library, Cambridge (MS 53 Fox 8a)",,,DCP-LETT-55.xml,safe_within_period,from_darwin,1829-01-07,1829-01-07,single_xml_day,False,editorially_supplied_component,dated_grounding_unless_inbound_reply_link_is_established,data/raw/epsilon/ab0d973bae05b54d68d82d068211015996cfec06/letters/DCP-LETT-55.xml,97769f544cf6f1dd65ec1f7f633364669514638504a955979b209d492ca082aa,https://raw.githubusercontent.com/cambridge-collection/epsilon-data/ab0d973bae05b54d68d82d068211015996cfec06/xml/darwin-correspondence/letters/DCP-LETT-55.xml,https://www.darwinproject.ac.uk/letter/?docId=letters/DCP-LETT-55.xml
DCP-LETT-56,Darwin,C. R.,Fox,W. D.,1829-01-25,[25–9 Jan 1829],Shrewsbury,,"Christ’s College Library, Cambridge (MS 53 Fox 8)",,,DCP-LETT-56.xml,safe_within_period,from_darwin,1829-01-25,1829-01-29,bounded_range,True,editorially_supplied_component,dated_grounding_unless_inbound_reply_link_is_established,data/raw/epsilon/ab0d973bae05b54d68d82d068211015996cfec06/letters/DCP-LETT-56.xml,f683c1950e2a4f93a84b2a08b7cdb89a1a9ea8755558319776db1503d73fadff,https://raw.githubusercontent.com/cambridge-collection/epsilon-data/ab0d973bae05b54d68d82d068211015996cfec06/xml/darwin-correspondence/letters/DCP-LETT-56.xml,https://www.darwinproject.ac.uk/letter/?docId=letters/DCP-LETT-56.xml
DCP-LETT-57,Darwin,C. R.,Fox,W. D.,1829-02-26,[26 Feb 1829],Cambridge,,"Christ’s College Library, Cambridge (MS 53 Fox 9)",,,DCP-LETT-57.xml,safe_within_period,from_darwin,1829-02-26,1829-02-26,single_xml_day,False,editorially_supplied_component,dated_grounding_unless_inbound_reply_link_is_established,data/raw/epsilon/ab0d973bae05b54d68d82d068211015996cfec06/letters/DCP-LETT-57.xml,da4e105752cabc4b702ec56b423f3c3b8f0b2d1e2458ec23980e98a823dc8392,https://raw.githubusercontent.com/cambridge-collection/epsilon-data/ab0d973bae05b54d68d82d068211015996cfec06/xml/darwin-correspondence/letters/DCP-LETT-57.xml,https://www.darwinproject.ac.uk/letter/?docId=letters/DCP-LETT-57.xml
DCP-LETT-58,Coldstream,John,Darwin,C. R.,1829-02-28,28 Feb 1829,Leith,,DAR 204: 33,,,DCP-LETT-58.xml,safe_within_period,to_darwin,1829-02-28,1829-02-28,single_xml_day,False,,incoming_context_pending_receipt_and_reply_evidence,data/raw/epsilon/ab0d973bae05b54d68d82d068211015996cfec06/letters/DCP-LETT-58.xml,d0738ddaa964c323fd7c5dec82664ffb3cf065958e93a94660d35589deb7a7b4,https://raw.githubusercontent.com/cambridge-collection/epsilon-data/ab0d973bae05b54d68d82d068211015996cfec06/xml/darwin-correspondence/letters/DCP-LETT-58.xml,https://www.darwinproject.ac.uk/letter/?docId=letters/DCP-LETT-58.xml
DCP-LETT-59,Darwin,C. R.,Fox,W. D.,1829-03-15,[15 Mar 1829],Cambridge,,"Christ’s College Library, Cambridge (MS 53 Fox 10)",,,DCP-LETT-59.xml,safe_within_period,from_darwin,1829-03-15,1829-03-15,single_xml_day,False,editorially_supplied_component,dated_grounding_unless_inbound_reply_link_is_established,data/raw/epsilon/ab0d973bae05b54d68d82d068211015996cfec06/letters/DCP-LETT-59.xml,0c7e352ec810fc86ed31631453eab042abaa5f3cb618150890bd1181f4d8cff9,https://raw.githubusercontent.com/cambridge-collection/epsilon-data/ab0d973bae05b54d68d82d068211015996cfec06/xml/darwin-correspondence/letters/DCP-LETT-59.xml,https://www.darwinproject.ac.uk/letter/?docId=letters/DCP-LETT-59.xml
DCP-LETT-60,Darwin,C. R.,Fox,W. D.,1829-04-01,1 Apr [1829],Cambridge,,"Christ’s College Library, Cambridge (MS 53 Fox 11)",,,DCP-LETT-60.xml,safe_within_period,from_darwin,1829-04-01,1829-04-01,single_xml_day,False,editorially_supplied_component,dated_grounding_unless_inbound_reply_link_is_established,data/raw/epsilon/ab0d973bae05b54d68d82d068211015996cfec06/letters/DCP-LETT-60.xml,26b0d389271ce856bdb7779b12d603c91364e74728452674e4c44bbc40268d67,https://raw.githubusercontent.com/cambridge-collection/epsilon-data/ab0d973bae05b54d68d82d068211015996cfec06/xml/darwin-correspondence/letters/DCP-LETT-60.xml,https://www.darwinproject.ac.uk/letter/?docId=letters/DCP-LETT-60.xml
DCP-LETT-61,Darwin,C. R.,Fox,W. D.,1829-04-10,[10 Apr 1829],Cambridge,,"Christ’s College Library, Cambridge (MS 53 Fox 12)",,,DCP-LETT-61.xml,safe_within_period,from_darwin,1829-04-10,1829-04-10,single_xml_day,False,editorially_supplied_component,dated_grounding_unless_inbound_reply_link_is_established,data/raw/epsilon/ab0d973bae05b54d68d82d068211015996cfec06/letters/DCP-LETT-61.xml,75559b940b9faee2010b828b1c04a5eaae3ddd4dd3c89d1cceea99ce86bc1887,https://raw.githubusercontent.com/cambridge-collection/epsilon-data/ab0d973bae05b54d68d82d068211015996cfec06/xml/darwin-correspondence/letters/DCP-LETT-61.xml,https://www.darwinproject.ac.uk/letter/?docId=letters/DCP-LETT-61.xml
DCP-LETT-62,Darwin,C. R.,Fox,W. D.,1829-04-12,[12 Apr 1829],Cambridge,,"Christ’s College Library, Cambridge (MS 53 Fox 13)",,,DCP-LETT-62.xml,safe_within_period,from_darwin,1829-04-12,1829-04-12,single_xml_day,False,editorially_supplied_component,dated_grounding_unless_inbound_reply_link_is_established,data/raw/epsilon/ab0d973bae05b54d68d82d068211015996cfec06/letters/DCP-LETT-62.xml,b46325a572d495592624a897990712c9302a9d9f78ffbb15ae2d3d86f2a4d9c2,https://raw.githubusercontent.com/cambridge-collection/epsilon-data/ab0d973bae05b54d68d82d068211015996cfec06/xml/darwin-correspondence/letters/DCP-LETT-62.xml,https://www.darwinproject.ac.uk/letter/?docId=letters/DCP-LETT-62.xml
DCP-LETT-63,Darwin,C. R.,Fox,W. D.,1829-04-23,[23 Apr 1829],Cambridge,,"Christ’s College Library, Cambridge (MS 53 Fox 14)",,,DCP-LETT-63.xml,safe_within_period,from_darwin,1829-04-23,1829-04-23,single_xml_day,False,editorially_supplied_component,dated_grounding_unless_inbound_reply_link_is_established,data/raw/epsilon/ab0d973bae05b54d68d82d068211015996cfec06/letters/DCP-LETT-63.xml,4cfae180dce94fbbf24881034b5b17771a910bc57404e51b30db10a353230160,https://raw.githubusercontent.com/cambridge-collection/epsilon-data/ab0d973bae05b54d68d82d068211015996cfec06/xml/darwin-correspondence/letters/DCP-LETT-63.xml,https://www.darwinproject.ac.uk/letter/?docId=letters/DCP-LETT-63.xml
DCP-LETT-64,Darwin,C. R.,Fox,W. D.,1829-05-18,[18 May 1829],Cambridge,,"Christ’s College Library, Cambridge (MS 53 Fox 15)",,,DCP-LETT-64.xml,safe_within_period,from_darwin,1829-05-18,1829-05-18,single_xml_day,False,editorially_supplied_component,dated_grounding_unless_inbound_reply_link_is_established,data/raw/epsilon/ab0d973bae05b54d68d82d068211015996cfec06/letters/DCP-LETT-64.xml,7912be22d6422da7f82d90eee227d457700641d075cb0bbe76a246e8c6e12859,https://raw.githubusercontent.com/cambridge-collection/epsilon-data/ab0d973bae05b54d68d82d068211015996cfec06/xml/darwin-correspondence/letters/DCP-LETT-64.xml,https://www.darwinproject.ac.uk/letter/?docId=letters/DCP-LETT-64.xml
DCP-LETT-65,Leighton,F. K. (b),Darwin,C. R.,1829-06-03,[3 June 1829],Magdalen College Oxford,,DAR 204: 36,,,DCP-LETT-65.xml,safe_within_period,to_darwin,1829-06-03,1829-06-03,single_xml_day,False,editorially_supplied_component,incoming_context_pending_receipt_and_reply_evidence,data/raw/epsilon/ab0d973bae05b54d68d82d068211015996cfec06/letters/DCP-LETT-65.xml,6aac458997db38fece182a260ecefbd10338d3fa7735158e087e98bbad74a3a7,https://raw.githubusercontent.com/cambridge-collection/epsilon-data/ab0d973bae05b54d68d82d068211015996cfec06/xml/darwin-correspondence/letters/DCP-LETT-65.xml,https://www.darwinproject.ac.uk/letter/?docId=letters/DCP-LETT-65.xml
DCP-LETT-66,Darwin,C. R.,Fox,W. D.,1829-06-07,7 June [1829],Cambridge,,"Christ’s College Library, Cambridge (MS 53 Fox 16)",,,DCP-LETT-66.xml,safe_within_period,from_darwin,1829-06-07,1829-06-07,single_xml_day,False,editorially_supplied_component,dated_grounding_unless_inbound_reply_link_is_established,data/raw/epsilon/ab0d973bae05b54d68d82d068211015996cfec06/letters/DCP-LETT-66.xml,0d3a5adf6a2913dd39af4e9109724c9aee2c1c7006dc3e126782f742f606d18a,https://raw.githubusercontent.com/cambridge-collection/epsilon-data/ab0d973bae05b54d68d82d068211015996cfec06/xml/darwin-correspondence/letters/DCP-LETT-66.xml,https://www.darwinproject.ac.uk/letter/?docId=letters/DCP-LETT-66.xml
DCP-LETT-67,Darwin,C. R.,Fox,W. D.,1829-07-03,[3 July 1829],Shrewsbury,,"Christ’s College Library, Cambridge (MS 53 Fox 17)",,,DCP-LETT-67.xml,safe_within_period,from_darwin,1829-07-03,1829-07-03,single_xml_day,False,editorially_supplied_component,dated_grounding_unless_inbound_reply_link_is_established,data/raw/epsilon/ab0d973bae05b54d68d82d068211015996cfec06/letters/DCP-LETT-67.xml,b0d2561d31c064e3a72e85ad01e2f6e6f1533b34e35f3c768f37c6a7048d68dc,https://raw.githubusercontent.com/cambridge-collection/epsilon-data/ab0d973bae05b54d68d82d068211015996cfec06/xml/darwin-correspondence/letters/DCP-LETT-67.xml,https://www.darwinproject.ac.uk/letter/?docId=letters/DCP-LETT-67.xml
DCP-LETT-68,Darwin,C. R.,Fox,W. D.,1829-07-15,[15 July 1829],Shrewsbury,,"Christ’s College Library, Cambridge (MS 53 Fox 18)",,,DCP-LETT-68.xml,safe_within_period,from_darwin,1829-07-15,1829-07-15,single_xml_day,False,editorially_supplied_component,dated_grounding_unless_inbound_reply_link_is_established,data/raw/epsilon/ab0d973bae05b54d68d82d068211015996cfec06/letters/DCP-LETT-68.xml,89f6eaa05fbad4a86e7bc5f277950e378353cc59f7fd92db341e54ee14d55521,https://raw.githubusercontent.com/cambridge-collection/epsilon-data/ab0d973bae05b54d68d82d068211015996cfec06/xml/darwin-correspondence/letters/DCP-LETT-68.xml,https://www.darwinproject.ac.uk/letter/?docId=letters/DCP-LETT-68.xml
DCP-LETT-69,Darwin,C. R.,Fox,W. D.,1829-07-29,29 [July 1829],Shrewsbury,,"Christ’s College Library, Cambridge (MS 53 Fox 19)",,,DCP-LETT-69.xml,safe_within_period,from_darwin,1829-07-29,1829-07-29,single_xml_day,False,editorially_supplied_component,dated_grounding_unless_inbound_reply_link_is_established,data/raw/epsilon/ab0d973bae05b54d68d82d068211015996cfec06/letters/DCP-LETT-69.xml,6652a8f8f4c6965a66d47cf2488239b26fd7523ea7d85caa0c003192fcaf45fe,https://raw.githubusercontent.com/cambridge-collection/epsilon-data/ab0d973bae05b54d68d82d068211015996cfec06/xml/darwin-correspondence/letters/DCP-LETT-69.xml,https://www.darwinproject.ac.uk/letter/?docId=letters/DCP-LETT-69.xml
DCP-LETT-70,Darwin,C. R.,Fox,W. D.,1829-08-26,26 [Aug 1829],Shrewsbury,,"Christ’s College Library, Cambridge (MS 53 Fox 20)",,,DCP-LETT-70.xml,safe_within_period,from_darwin,1829-08-26,1829-08-26,single_xml_day,False,editorially_supplied_component,dated_grounding_unless_inbound_reply_link_is_established,data/raw/epsilon/ab0d973bae05b54d68d82d068211015996cfec06/letters/DCP-LETT-70.xml,5863320a7df1c9b129d696a679221ea29a1c4ebd64da04eef0125572be646bdc,https://raw.githubusercontent.com/cambridge-collection/epsilon-data/ab0d973bae05b54d68d82d068211015996cfec06/xml/darwin-correspondence/letters/DCP-LETT-70.xml,https://www.darwinproject.ac.uk/letter/?docId=letters/DCP-LETT-70.xml
DCP-LETT-71,Darwin,C. R.,Fox,W. D.,1829-09-04,4 Sept [1829],Maer,,"Christ’s College Library, Cambridge (MS 53 Fox 21)",,,DCP-LETT-71.xml,safe_within_period,from_darwin,1829-09-04,1829-09-04,single_xml_day,False,editorially_supplied_component,dated_grounding_unless_inbound_reply_link_is_established,data/raw/epsilon/ab0d973bae05b54d68d82d068211015996cfec06/letters/DCP-LETT-71.xml,6bfafeab4ffbce34b6dc68be48834e30e5032cbd2f7757e0751df9f65ad636c0,https://raw.githubusercontent.com/cambridge-collection/epsilon-data/ab0d973bae05b54d68d82d068211015996cfec06/xml/darwin-correspondence/letters/DCP-LETT-71.xml,https://www.darwinproject.ac.uk/letter/?docId=letters/DCP-LETT-71.xml
DCP-LETT-72,Darwin,C. R.,Fox,W. D.,1829-09-22,[22 Sept 1829],Shrewsbury,,"Christ’s College Library, Cambridge (MS 53 Fox 22)",,,DCP-LETT-72.xml,safe_within_period,from_darwin,1829-09-22,1829-09-22,single_xml_day,False,editorially_supplied_component,dated_grounding_unless_inbound_reply_link_is_established,data/raw/epsilon/ab0d973bae05b54d68d82d068211015996cfec06/letters/DCP-LETT-72.xml,03051228ff786914fb4b1545998521fadbacfe3d6a48145e1a32e5cae03f49a2,https://raw.githubusercontent.com/cambridge-collection/epsilon-data/ab0d973bae05b54d68d82d068211015996cfec06/xml/darwin-correspondence/letters/DCP-LETT-72.xml,https://www.darwinproject.ac.uk/letter/?docId=letters/DCP-LETT-72.xml
DCP-LETT-73,Darwin,C. R.,Fox,W. D.,1829-10-15,[15 Oct 1829],"Christ’s College, Cambridge",,"Christ’s College Library, Cambridge (MS 53 Fox 23)",,,DCP-LETT-73.xml,safe_within_period,from_darwin,1829-10-15,1829-10-15,single_xml_day,False,editorially_supplied_component,dated_grounding_unless_inbound_reply_link_is_established,data/raw/epsilon/ab0d973bae05b54d68d82d068211015996cfec06/letters/DCP-LETT-73.xml,5496077285b6a3d7b53e8485c8270b7e5a4a47e2ae4c6adb02568adc6eb21004,https://raw.githubusercontent.com/cambridge-collection/epsilon-data/ab0d973bae05b54d68d82d068211015996cfec06/xml/darwin-correspondence/letters/DCP-LETT-73.xml,https://www.darwinproject.ac.uk/letter/?docId=letters/DCP-LETT-73.xml
DCP-LETT-74,Darwin,C. R.,Fox,W. D.,1829-11-03,[3 Nov 1829],Cambridge,,"Christ’s College Library, Cambridge (MS 53 Fox 24)",,,DCP-LETT-74.xml,safe_within_period,from_darwin,1829-11-03,1829-11-03,single_xml_day,False,editorially_supplied_component,dated_grounding_unless_inbound_reply_link_is_established,data/raw/epsilon/ab0d973bae05b54d68d82d068211015996cfec06/letters/DCP-LETT-74.xml,fa5baf94fc5f719eb0fec46a29d238d18949e64e60affcbe1c4922b6aface441,https://raw.githubusercontent.com/cambridge-collection/epsilon-data/ab0d973bae05b54d68d82d068211015996cfec06/xml/darwin-correspondence/letters/DCP-LETT-74.xml,https://www.darwinproject.ac.uk/letter/?docId=letters/DCP-LETT-74.xml
DCP-LETT-75,Darwin,C. R.,Fox,W. D.,1830-01-03,[3 Jan 1830],"Christ’s College, Cambridge",,"Christ’s College Library, Cambridge (MS 53 Fox 25)",,,DCP-LETT-75.xml,safe_within_period,from_darwin,1830-01-03,1830-01-03,single_xml_day,False,editorially_supplied_component,dated_grounding_unless_inbound_reply_link_is_established,data/raw/epsilon/ab0d973bae05b54d68d82d068211015996cfec06/letters/DCP-LETT-75.xml,87fde431a2558d5f2b0095d6f7dc81f23975a26c86993748e0e6fb17c4ba680f,https://raw.githubusercontent.com/cambridge-collection/epsilon-data/ab0d973bae05b54d68d82d068211015996cfec06/xml/darwin-correspondence/letters/DCP-LETT-75.xml,https://www.darwinproject.ac.uk/letter/?docId=letters/DCP-LETT-75.xml
DCP-LETT-76,Darwin,C. R.,Fox,W. D.,1830-01-13,[13 Jan 1830],Cambridge,,"Christ’s College Library, Cambridge (MS 53 Fox 26)",,,DCP-LETT-76.xml,safe_within_period,from_darwin,1830-01-13,1830-01-13,single_xml_day,False,editorially_supplied_component,dated_grounding_unless_inbound_reply_link_is_established,data/raw/epsilon/ab0d973bae05b54d68d82d068211015996cfec06/letters/DCP-LETT-76.xml,b39d476f42c1a7d35ca5bf1d30f12ccb5206de70cea07abb523d0ce31b16269f,https://raw.githubusercontent.com/cambridge-collection/epsilon-data/ab0d973bae05b54d68d82d068211015996cfec06/xml/darwin-correspondence/letters/DCP-LETT-76.xml,https://www.darwinproject.ac.uk/letter/?docId=letters/DCP-LETT-76.xml
DCP-LETT-77,Mostyn Owen,Fanny,Darwin,C. R.,1830-01-27,27 Jan [1830],unstated,,DAR 204: 47,,,DCP-LETT-77.xml,safe_within_period,to_darwin,1830-01-27,1830-01-27,single_xml_day,False,editorially_supplied_component,incoming_context_pending_receipt_and_reply_evidence,data/raw/epsilon/ab0d973bae05b54d68d82d068211015996cfec06/letters/DCP-LETT-77.xml,2766804008d5d38d64aa5e97fa7833ba5b76f7b15262ba23cb71dcaa0ca2f48b,https://raw.githubusercontent.com/cambridge-collection/epsilon-data/ab0d973bae05b54d68d82d068211015996cfec06/xml/darwin-correspondence/letters/DCP-LETT-77.xml,https://www.darwinproject.ac.uk/letter/?docId=letters/DCP-LETT-77.xml
DCP-LETT-78,Darwin,C. R.,Fox,W. D.,1830-03-25,[25 Mar 1830],Cambridge,,"Christ’s College Library, Cambridge (MS 53 Fox 27)",,,DCP-LETT-78.xml,safe_within_period,from_darwin,1830-03-25,1830-03-25,single_xml_day,False,editorially_supplied_component,dated_grounding_unless_inbound_reply_link_is_established,data/raw/epsilon/ab0d973bae05b54d68d82d068211015996cfec06/letters/DCP-LETT-78.xml,fd2a4edb2609171d82ccebd69da831d1c1201a1c2384ccf76e9e2c131b03c1fc,https://raw.githubusercontent.com/cambridge-collection/epsilon-data/ab0d973bae05b54d68d82d068211015996cfec06/xml/darwin-correspondence/letters/DCP-LETT-78.xml,https://www.darwinproject.ac.uk/letter/?docId=letters/DCP-LETT-78.xml
DCP-LETT-79,Darwin,C. R.,Fox,W. D.,1830-04-01,[1 Apr 1830],Cambridge,,"Christ’s College Library, Cambridge (MS 53 Fox 28)",,,DCP-LETT-79.xml,safe_within_period,from_darwin,1830-04-01,1830-04-01,single_xml_day,False,editorially_supplied_component,dated_grounding_unless_inbound_reply_link_is_established,data/raw/epsilon/ab0d973bae05b54d68d82d068211015996cfec06/letters/DCP-LETT-79.xml,1017a678fa25e0d5292d54dffa72440d4364c7c7083d7052e395c5d01227b96f,https://raw.githubusercontent.com/cambridge-collection/epsilon-data/ab0d973bae05b54d68d82d068211015996cfec06/xml/darwin-correspondence/letters/DCP-LETT-79.xml,https://www.darwinproject.ac.uk/letter/?docId=letters/DCP-LETT-79.xml
DCP-LETT-80,Darwin,C. R.,Fox,W. D.,1830-05-09,[9 May 1830],Cambridge,,"Christ’s College Library, Cambridge (MS 53 Fox 29)",,,DCP-LETT-80.xml,safe_within_period,from_darwin,1830-05-09,1830-05-09,single_xml_day,False,editorially_supplied_component,dated_grounding_unless_inbound_reply_link_is_established,data/raw/epsilon/ab0d973bae05b54d68d82d068211015996cfec06/letters/DCP-LETT-80.xml,2b28ae6e576e8769264aed57925a94ac505155fe3dd46317d28ce951c84adff1,https://raw.githubusercontent.com/cambridge-collection/epsilon-data/ab0d973bae05b54d68d82d068211015996cfec06/xml/darwin-correspondence/letters/DCP-LETT-80.xml,https://www.darwinproject.ac.uk/letter/?docId=letters/DCP-LETT-80.xml
DCP-LETT-81,Darwin,C. R.,Fox,W. D.,1830-05-31,[31 May 1830],Cambridge,,"Christ’s College Library, Cambridge (MS 53 Fox 30)",,,DCP-LETT-81.xml,safe_within_period,from_darwin,1830-05-31,1830-05-31,single_xml_day,False,editorially_supplied_component,dated_grounding_unless_inbound_reply_link_is_established,data/raw/epsilon/ab0d973bae05b54d68d82d068211015996cfec06/letters/DCP-LETT-81.xml,d2cab105b53ee274a252ef53b70eb22c3c97976b1202e779fb64272b0982addb,https://raw.githubusercontent.com/cambridge-collection/epsilon-data/ab0d973bae05b54d68d82d068211015996cfec06/xml/darwin-correspondence/letters/DCP-LETT-81.xml,https://www.darwinproject.ac.uk/letter/?docId=letters/DCP-LETT-81.xml
DCP-LETT-82,Darwin,C. R.,Fox,W. D.,1830-08-25,25 [Aug 1830],Barmouth,,"Christ’s College Library, Cambridge (MS 53 Fox 31)",,,DCP-LETT-82.xml,safe_within_period,from_darwin,1830-08-25,1830-08-25,single_xml_day,False,editorially_supplied_component,dated_grounding_unless_inbound_reply_link_is_established,data/raw/epsilon/ab0d973bae05b54d68d82d068211015996cfec06/letters/DCP-LETT-82.xml,035bee12e414a52eb8651bd83aac29745c2224e8d9b05806974190ad8b2d2c76,https://raw.githubusercontent.com/cambridge-collection/epsilon-data/ab0d973bae05b54d68d82d068211015996cfec06/xml/darwin-correspondence/letters/DCP-LETT-82.xml,https://www.darwinproject.ac.uk/letter/?docId=letters/DCP-LETT-82.xml
DCP-LETT-83,Mostyn Owen,Fanny,Darwin,C. R.,1830-09-08,[8 Sept 1830],Woodhouse,,DAR 204: 48,,,DCP-LETT-83.xml,safe_within_period,to_darwin,1830-09-08,1830-09-08,single_xml_day,False,editorially_supplied_component,incoming_context_pending_receipt_and_reply_evidence,data/raw/epsilon/ab0d973bae05b54d68d82d068211015996cfec06/letters/DCP-LETT-83.xml,a672f33e828a927da9e4e23d4345c5dce70e442d87c56d271da1802bee9f356b,https://raw.githubusercontent.com/cambridge-collection/epsilon-data/ab0d973bae05b54d68d82d068211015996cfec06/xml/darwin-correspondence/letters/DCP-LETT-83.xml,https://www.darwinproject.ac.uk/letter/?docId=letters/DCP-LETT-83.xml
DCP-LETT-84,Darwin,C. R.,Fox,W. D.,1830-09-08,[8 Sept 1830],Maer,,"Christ’s College Library, Cambridge (MS 53 Fox 32)",,,DCP-LETT-84.xml,safe_within_period,from_darwin,1830-09-08,1830-09-08,single_xml_day,False,editorially_supplied_component,dated_grounding_unless_inbound_reply_link_is_established,data/raw/epsilon/ab0d973bae05b54d68d82d068211015996cfec06/letters/DCP-LETT-84.xml,82753ff783e32d005c3b5eaa0420f33dc6996fcaceb77336b5f9725b0e4e92ee,https://raw.githubusercontent.com/cambridge-collection/epsilon-data/ab0d973bae05b54d68d82d068211015996cfec06/xml/darwin-correspondence/letters/DCP-LETT-84.xml,https://www.darwinproject.ac.uk/letter/?docId=letters/DCP-LETT-84.xml
DCP-LETT-85,Mostyn Owen,Fanny,Darwin,C. R.,1830-10-04,4 Oct [1830],Woodhouse,,DAR 204: 49,,,DCP-LETT-85.xml,safe_within_period,to_darwin,1830-10-04,1830-10-04,single_xml_day,False,editorially_supplied_component,incoming_context_pending_receipt_and_reply_evidence,data/raw/epsilon/ab0d973bae05b54d68d82d068211015996cfec06/letters/DCP-LETT-85.xml,b6a53227692c3a69e2b16bde38a65c64b299b3264b1e32d6866e64b683c1c5b3,https://raw.githubusercontent.com/cambridge-collection/epsilon-data/ab0d973bae05b54d68d82d068211015996cfec06/xml/darwin-correspondence/letters/DCP-LETT-85.xml,https://www.darwinproject.ac.uk/letter/?docId=letters/DCP-LETT-85.xml
DCP-LETT-86,Darwin,C. R.,Fox,W. D.,1830-10-08,[8 Oct 1830],"Christ’s College, Cambridge",,"Christ’s College Library, Cambridge (MS 53 Fox 33)",,,DCP-LETT-86.xml,safe_within_period,from_darwin,1830-10-08,1830-10-08,single_xml_day,False,editorially_supplied_component,dated_grounding_unless_inbound_reply_link_is_established,data/raw/epsilon/ab0d973bae05b54d68d82d068211015996cfec06/letters/DCP-LETT-86.xml,62a3b41144c9091efa9d487d480dd6b38170dc097716551e9f07be94821b9dfa,https://raw.githubusercontent.com/cambridge-collection/epsilon-data/ab0d973bae05b54d68d82d068211015996cfec06/xml/darwin-correspondence/letters/DCP-LETT-86.xml,https://www.darwinproject.ac.uk/letter/?docId=letters/DCP-LETT-86.xml
DCP-LETT-87,Darwin,C. R.,Fox,W. D.,1830-11-05,5 Nov [1830],Cambridge,,"Christ’s College Library, Cambridge (MS 53 Fox 34)",,,DCP-LETT-87.xml,safe_within_period,from_darwin,1830-11-05,1830-11-05,single_xml_day,False,editorially_supplied_component,dated_grounding_unless_inbound_reply_link_is_established,data/raw/epsilon/ab0d973bae05b54d68d82d068211015996cfec06/letters/DCP-LETT-87.xml,7eaeb89d5473b49d83ebab0eade2a40bf31623de605383ba3fcb242c1a6f38a8,https://raw.githubusercontent.com/cambridge-collection/epsilon-data/ab0d973bae05b54d68d82d068211015996cfec06/xml/darwin-correspondence/letters/DCP-LETT-87.xml,https://www.darwinproject.ac.uk/letter/?docId=letters/DCP-LETT-87.xml
DCP-LETT-88,Darwin,C. R.,Fox,W. D.,1830-11-27,[27? Nov 1830],Cambridge,,"Christ’s College Library, Cambridge (MS 53 Fox 35)",,,DCP-LETT-88.xml,safe_within_period,from_darwin,1830-11-27,1830-11-27,single_xml_day,True,editorially_supplied_component; questioned_component,dated_grounding_unless_inbound_reply_link_is_established,data/raw/epsilon/ab0d973bae05b54d68d82d068211015996cfec06/letters/DCP-LETT-88.xml,d05a66997ca126623e0c5f05379745d0d678e6ef24cdaa3651b016161288508c,https://raw.githubusercontent.com/cambridge-collection/epsilon-data/ab0d973bae05b54d68d82d068211015996cfec06/xml/darwin-correspondence/letters/DCP-LETT-88.xml,https://www.darwinproject.ac.uk/letter/?docId=letters/DCP-LETT-88.xml
DCP-LETT-89,Darwin,C. R.,Fox,W. D.,1831-01-23,[23 Jan 1831],Cambridge,,"Christ’s College Library, Cambridge (MS 53 Fox 36)",,,DCP-LETT-89.xml,safe_within_period,from_darwin,1831-01-23,1831-01-23,single_xml_day,False,editorially_supplied_component,dated_grounding_unless_inbound_reply_link_is_established,data/raw/epsilon/ab0d973bae05b54d68d82d068211015996cfec06/letters/DCP-LETT-89.xml,d55609ed6d0dfef36307c1c201cb791af68059a4c51e113fdfb25f8f6c0fc7f2,https://raw.githubusercontent.com/cambridge-collection/epsilon-data/ab0d973bae05b54d68d82d068211015996cfec06/xml/darwin-correspondence/letters/DCP-LETT-89.xml,https://www.darwinproject.ac.uk/letter/?docId=letters/DCP-LETT-89.xml
DCP-LETT-90,Simpson,George,Darwin,C. R.,1831-01-26,[26] Jan [1831],Feversham,,DAR 204: 41,,,DCP-LETT-90.xml,safe_within_period,to_darwin,1831-01-26,1831-01-26,single_xml_day,False,editorially_supplied_component,incoming_context_pending_receipt_and_reply_evidence,data/raw/epsilon/ab0d973bae05b54d68d82d068211015996cfec06/letters/DCP-LETT-90.xml,2900c2c4942ab184bbdd81a9b50b067e2c84d0b2bd1213f8dbaa0673dc82dec6,https://raw.githubusercontent.com/cambridge-collection/epsilon-data/ab0d973bae05b54d68d82d068211015996cfec06/xml/darwin-correspondence/letters/DCP-LETT-90.xml,https://www.darwinproject.ac.uk/letter/?docId=letters/DCP-LETT-90.xml
DCP-LETT-91,Matthew,Henry,Darwin,C. R.,1831-02-02,[2 Feb 1831],London,,DAR 204: 37,,,DCP-LETT-91.xml,safe_within_period,to_darwin,1831-02-02,1831-02-02,single_xml_day,False,editorially_supplied_component,incoming_context_pending_receipt_and_reply_evidence,data/raw/epsilon/ab0d973bae05b54d68d82d068211015996cfec06/letters/DCP-LETT-91.xml,88efa14bcd567ac435479fdf52226ece95bd78b73dbbd1650d969ba6921e4377,https://raw.githubusercontent.com/cambridge-collection/epsilon-data/ab0d973bae05b54d68d82d068211015996cfec06/xml/darwin-correspondence/letters/DCP-LETT-91.xml,https://www.darwinproject.ac.uk/letter/?docId=letters/DCP-LETT-91.xml
DCP-LETT-92,Darwin,C. R.,Fox,W. D.,1831-02-09,[9 Feb 1831],Cambridge,,"Christ’s College Library, Cambridge (MS 53 Fox 38)",,,DCP-LETT-92.xml,safe_within_period,from_darwin,1831-02-09,1831-02-09,single_xml_day,False,editorially_supplied_component,dated_grounding_unless_inbound_reply_link_is_established,data/raw/epsilon/ab0d973bae05b54d68d82d068211015996cfec06/letters/DCP-LETT-92.xml,fa9f39f3799bebdef15066f1904f4449f7b7340f551913a1af2af43c09159c2c,https://raw.githubusercontent.com/cambridge-collection/epsilon-data/ab0d973bae05b54d68d82d068211015996cfec06/xml/darwin-correspondence/letters/DCP-LETT-92.xml,https://www.darwinproject.ac.uk/letter/?docId=letters/DCP-LETT-92.xml
DCP-LETT-93,Matthew,Henry,Darwin,C. R.,1831-02-14,[14 Feb 1831],"London, Cecil St, 22",,DAR 204: 38,,,DCP-LETT-93.xml,safe_within_period,to_darwin,1831-02-14,1831-02-14,single_xml_day,False,editorially_supplied_component,incoming_context_pending_receipt_and_reply_evidence,data/raw/epsilon/ab0d973bae05b54d68d82d068211015996cfec06/letters/DCP-LETT-93.xml,f88145276e00530a102d7b4b89e9bcfa68f1f83f3f2514e287c67be4e8c8c0c8,https://raw.githubusercontent.com/cambridge-collection/epsilon-data/ab0d973bae05b54d68d82d068211015996cfec06/xml/darwin-correspondence/letters/DCP-LETT-93.xml,https://www.darwinproject.ac.uk/letter/?docId=letters/DCP-LETT-93.xml
DCP-LETT-94,Darwin,C. R.,Fox,W. D.,1831-02-15,[15 Feb 1831],Cambridge,,"Christ’s College Library, Cambridge (MS 53 Fox 37)",,,DCP-LETT-94.xml,safe_within_period,from_darwin,1831-02-15,1831-02-15,single_xml_day,False,editorially_supplied_component,dated_grounding_unless_inbound_reply_link_is_established,data/raw/epsilon/ab0d973bae05b54d68d82d068211015996cfec06/letters/DCP-LETT-94.xml,2907596e4bce32d405509596d6457de35586a8429d86b0ffb386b3749fa502ef,https://raw.githubusercontent.com/cambridge-collection/epsilon-data/ab0d973bae05b54d68d82d068211015996cfec06/xml/darwin-correspondence/letters/DCP-LETT-94.xml,https://www.darwinproject.ac.uk/letter/?docId=letters/DCP-LETT-94.xml
DCP-LETT-95,Matthew,Henry,Darwin,C. R.,1831-03-01,[Mar or Apr 1831],Kilve,,DAR 204: 39,,,DCP-LETT-95.xml,safe_within_period,to_darwin,1831-03-01,1831-04-30,bounded_range,True,editorially_supplied_component,incoming_context_pending_receipt_and_reply_evidence,data/raw/epsilon/ab0d973bae05b54d68d82d068211015996cfec06/letters/DCP-LETT-95.xml,99481eca0303e758ce19ef0c87130ae706f73227c5a84ea53b8294b4ccb3d234,https://raw.githubusercontent.com/cambridge-collection/epsilon-data/ab0d973bae05b54d68d82d068211015996cfec06/xml/darwin-correspondence/letters/DCP-LETT-95.xml,https://www.darwinproject.ac.uk/letter/?docId=letters/DCP-LETT-95.xml
DCP-LETT-96,Darwin,C. R.,Fox,W. D.,1831-04-07,[7 Apr 1831],Shrewsbury,,"Christ’s College Library, Cambridge (MS 53 Fox 39)",,,DCP-LETT-96.xml,safe_within_period,from_darwin,1831-04-07,1831-04-07,single_xml_day,False,editorially_supplied_component,dated_grounding_unless_inbound_reply_link_is_established,data/raw/epsilon/ab0d973bae05b54d68d82d068211015996cfec06/letters/DCP-LETT-96.xml,2237428468c3427a5baac80883aa55176203aaf763e6529dfb0ecf5fd25a3e97,https://raw.githubusercontent.com/cambridge-collection/epsilon-data/ab0d973bae05b54d68d82d068211015996cfec06/xml/darwin-correspondence/letters/DCP-LETT-96.xml,https://www.darwinproject.ac.uk/letter/?docId=letters/DCP-LETT-96.xml
DCP-LETT-97,Mostyn Owen,Fanny,Darwin,C. R.,1831-04-08,[8 Apr 1831],unstated,,DAR 204: 50,,,DCP-LETT-97.xml,safe_within_period,to_darwin,1831-04-08,1831-04-08,single_xml_day,False,editorially_supplied_component,incoming_context_pending_receipt_and_reply_evidence,data/raw/epsilon/ab0d973bae05b54d68d82d068211015996cfec06/letters/DCP-LETT-97.xml,db49b028463e006bede22fa37ef88922ca4bb0a518ec866657e7a3eaa95be36f,https://raw.githubusercontent.com/cambridge-collection/epsilon-data/ab0d973bae05b54d68d82d068211015996cfec06/xml/darwin-correspondence/letters/DCP-LETT-97.xml,https://www.darwinproject.ac.uk/letter/?docId=letters/DCP-LETT-97.xml
DCP-LETT-98,Darwin,C. R.,Darwin,Caroline,1831-04-28,[28 Apr 1831],Cambridge,,DAR 154: 30,,,DCP-LETT-98.xml,safe_within_period,from_darwin,1831-04-28,1831-04-28,single_xml_day,False,editorially_supplied_component,dated_grounding_unless_inbound_reply_link_is_established,data/raw/epsilon/ab0d973bae05b54d68d82d068211015996cfec06/letters/DCP-LETT-98.xml,57f243dfdcb3696aeae9c3ea6afe87166b5712026a04263e42ba6ac893487af9,https://raw.githubusercontent.com/cambridge-collection/epsilon-data/ab0d973bae05b54d68d82d068211015996cfec06/xml/darwin-correspondence/letters/DCP-LETT-98.xml,https://www.darwinproject.ac.uk/letter/?docId=letters/DCP-LETT-98.xml
DCP-LETT-99,Herbert,J. M.,Darwin,C. R.,1831-05-01,[early May 1831],unstated,,DAR 204: 35,,,DCP-LETT-99.xml,safe_within_period,to_darwin,1831-05-01,1831-05-31,bounded_range,True,editorially_supplied_component,incoming_context_pending_receipt_and_reply_evidence,data/raw/epsilon/ab0d973bae05b54d68d82d068211015996cfec06/letters/DCP-LETT-99.xml,60468e29a6a4b3ba6bb9c45a72837340ea9765871cae82fde787964f648f39a0,https://raw.githubusercontent.com/cambridge-collection/epsilon-data/ab0d973bae05b54d68d82d068211015996cfec06/xml/darwin-correspondence/letters/DCP-LETT-99.xml,https://www.darwinproject.ac.uk/letter/?docId=letters/DCP-LETT-99.xml
DCP-LETT-100,Darwin,C. R.,Fox,W. D.,1831-05-11,[11 May 1831],Cambridge,,"Christ’s College Library, Cambridge (MS 53 Fox 40)",,,DCP-LETT-100.xml,safe_within_period,from_darwin,1831-05-11,1831-05-11,single_xml_day,False,editorially_supplied_component,dated_grounding_unless_inbound_reply_link_is_established,data/raw/epsilon/ab0d973bae05b54d68d82d068211015996cfec06/letters/DCP-LETT-100.xml,c7c8952e78b899ee412717e91501d2a754d99b0066292b6a520b52f52d9dd7ab,https://raw.githubusercontent.com/cambridge-collection/epsilon-data/ab0d973bae05b54d68d82d068211015996cfec06/xml/darwin-correspondence/letters/DCP-LETT-100.xml,https://www.darwinproject.ac.uk/letter/?docId=letters/DCP-LETT-100.xml
DCP-LETT-101,Darwin,C. R.,Fox,W. D.,1831-07-09,[9 July 1831],Shrewsbury,,"Christ’s College Library, Cambridge (MS 53 Fox 41)",,,DCP-LETT-101.xml,safe_within_period,from_darwin,1831-07-09,1831-07-09,single_xml_day,False,editorially_supplied_component,dated_grounding_unless_inbound_reply_link_is_established,data/raw/epsilon/ab0d973bae05b54d68d82d068211015996cfec06/letters/DCP-LETT-101.xml,07971af3df370201259d4f875958ff71a861e62bab4678fa95cde2d32ea77832,https://raw.githubusercontent.com/cambridge-collection/epsilon-data/ab0d973bae05b54d68d82d068211015996cfec06/xml/darwin-correspondence/letters/DCP-LETT-101.xml,https://www.darwinproject.ac.uk/letter/?docId=letters/DCP-LETT-101.xml
DCP-LETT-102,Darwin,C. R.,Henslow,J. S.,1831-07-11,[11 July 1831],Shrewsbury,,"Royal Botanic Gardens, Kew (Henslow letters: 1 DAR/1/1/1)",,,DCP-LETT-102.xml,safe_within_period,from_darwin,1831-07-11,1831-07-11,single_xml_day,False,editorially_supplied_component,dated_grounding_unless_inbound_reply_link_is_established,data/raw/epsilon/ab0d973bae05b54d68d82d068211015996cfec06/letters/DCP-LETT-102.xml,d000868191b41cfe1d356ef7cd01b1fab6cadf71401e72b049990bffd845d8f7,https://raw.githubusercontent.com/cambridge-collection/epsilon-data/ab0d973bae05b54d68d82d068211015996cfec06/xml/darwin-correspondence/letters/DCP-LETT-102.xml,https://www.darwinproject.ac.uk/letter/?docId=letters/DCP-LETT-102.xml
DCP-LETT-102A,Darwin,C. R.,Whitley,C. T.,1831-07-19,[19 July 1831],Shrewsbury,,"Shrewsbury School, Taylor Library",,,DCP-LETT-102A.xml,safe_within_period,from_darwin,1831-07-19,1831-07-19,single_xml_day,False,editorially_supplied_component,dated_grounding_unless_inbound_reply_link_is_established,data/raw/epsilon/ab0d973bae05b54d68d82d068211015996cfec06/letters/DCP-LETT-102A.xml,5b37be5d46e69811afefcfce0a0ed8350ba096f3d3a9d44283f0a96e9a57a95b,https://raw.githubusercontent.com/cambridge-collection/epsilon-data/ab0d973bae05b54d68d82d068211015996cfec06/xml/darwin-correspondence/letters/DCP-LETT-102A.xml,https://www.darwinproject.ac.uk/letter/?docId=letters/DCP-LETT-102A.xml
DCP-LETT-103,Darwin,C. R.,Fox,W. D.,1831-08-01,1 Aug [1831],Shrewsbury,,"Christ’s College Library, Cambridge (MS 53 Fox 42)",,,DCP-LETT-103.xml,safe_within_period,from_darwin,1831-08-01,1831-08-01,single_xml_day,False,editorially_supplied_component,dated_grounding_unless_inbound_reply_link_is_established,data/raw/epsilon/ab0d973bae05b54d68d82d068211015996cfec06/letters/DCP-LETT-103.xml,f40dfaccd564c24f55cd33ffd0e18026ce0913d4e019aa2d92e04027f56e20c1,https://raw.githubusercontent.com/cambridge-collection/epsilon-data/ab0d973bae05b54d68d82d068211015996cfec06/xml/darwin-correspondence/letters/DCP-LETT-103.xml,https://www.darwinproject.ac.uk/letter/?docId=letters/DCP-LETT-103.xml
DCP-LETT-105,Henslow,J. S.,Darwin,C. R.,1831-08-24,24 Aug 1831,Cambridge,,DAR 97(ser.2):4–5,,,DCP-LETT-105.xml,safe_within_period,to_darwin,1831-08-24,1831-08-24,single_xml_day,False,,incoming_context_pending_receipt_and_reply_evidence,data/raw/epsilon/ab0d973bae05b54d68d82d068211015996cfec06/letters/DCP-LETT-105.xml,1a0714fb61ab646c4a9d295a8a8e87324aabe9881316d5134e65e004d9808452,https://raw.githubusercontent.com/cambridge-collection/epsilon-data/ab0d973bae05b54d68d82d068211015996cfec06/xml/darwin-correspondence/letters/DCP-LETT-105.xml,https://www.darwinproject.ac.uk/letter/?docId=letters/DCP-LETT-105.xml
DCP-LETT-106,Peacock,George,Darwin,C. R.,1831-08-26,[c. 26 Aug 1831],unstated,,DAR 97 (ser.2): 11–13,,,DCP-LETT-106.xml,safe_within_period,to_darwin,1831-08-26,1831-08-26,single_xml_day,True,editorially_supplied_component; circa,incoming_context_pending_receipt_and_reply_evidence,data/raw/epsilon/ab0d973bae05b54d68d82d068211015996cfec06/letters/DCP-LETT-106.xml,073555751464638b1d1d6466da349d9fd71a4c85d352e7e371287dabd57258c9,https://raw.githubusercontent.com/cambridge-collection/epsilon-data/ab0d973bae05b54d68d82d068211015996cfec06/xml/darwin-correspondence/letters/DCP-LETT-106.xml,https://www.darwinproject.ac.uk/letter/?docId=letters/DCP-LETT-106.xml
DCP-LETT-107,Darwin,C. R.,Henslow,J. S.,1831-08-30,30 [Aug 1831],Shrewsbury,,"Royal Botanic Gardens, Kew (Henslow letters: 2 DAR/1/1/2)",,,DCP-LETT-107.xml,safe_within_period,from_darwin,1831-08-30,1831-08-30,single_xml_day,False,editorially_supplied_component,dated_grounding_unless_inbound_reply_link_is_established,data/raw/epsilon/ab0d973bae05b54d68d82d068211015996cfec06/letters/DCP-LETT-107.xml,a1a56cfa62f7bc8d20774f9a001c861c058bba08fde971791544bf4ccc838a9a,https://raw.githubusercontent.com/cambridge-collection/epsilon-data/ab0d973bae05b54d68d82d068211015996cfec06/xml/darwin-correspondence/letters/DCP-LETT-107.xml,https://www.darwinproject.ac.uk/letter/?docId=letters/DCP-LETT-107.xml
DCP-LETT-110,Darwin,C. R.,Darwin,R. W.,1831-08-31,31 Aug [1831],Maer,,DAR 223: 1; DAR 97: B10,,,DCP-LETT-110.xml,safe_within_period,from_darwin,1831-08-31,1831-08-31,single_xml_day,False,editorially_supplied_component,dated_grounding_unless_inbound_reply_link_is_established,data/raw/epsilon/ab0d973bae05b54d68d82d068211015996cfec06/letters/DCP-LETT-110.xml,b7131d2f9e726996d95b7b3d4796385a1ecd544fa6900f039fbc0a5bcf520e0a,https://raw.githubusercontent.com/cambridge-collection/epsilon-data/ab0d973bae05b54d68d82d068211015996cfec06/xml/darwin-correspondence/letters/DCP-LETT-110.xml,https://www.darwinproject.ac.uk/letter/?docId=letters/DCP-LETT-110.xml
DCP-LETT-112,Darwin,C. R.,Beaufort,Francis,1831-09-01,1 Sept [1831],Shrewsbury,,The National Archives (TNA) (ADM 1/4541 PRO D 262),,,DCP-LETT-112.xml,safe_within_period,from_darwin,1831-09-01,1831-09-01,single_xml_day,False,editorially_supplied_component,dated_grounding_unless_inbound_reply_link_is_established,data/raw/epsilon/ab0d973bae05b54d68d82d068211015996cfec06/letters/DCP-LETT-112.xml,a95be0a0dbba98150da5169991a26b7d89f59f6c94615fc931b00b143e42e778,https://raw.githubusercontent.com/cambridge-collection/epsilon-data/ab0d973bae05b54d68d82d068211015996cfec06/xml/darwin-correspondence/letters/DCP-LETT-112.xml,https://www.darwinproject.ac.uk/letter/?docId=letters/DCP-LETT-112.xml
DCP-LETT-3150F,Darwin,C. R.,Henslow,J. S.,1831-09-01,[Sept 1831 – May 1861],,,"North East Wales Archives, Ruthin (DD/PH/115)",,,DCP-LETT-3150F.xml,ambiguous_period,from_darwin,1831-09-01,1861-05-31,bounded_range,True,editorially_supplied_component,hold_for_date_review,data/raw/epsilon/ab0d973bae05b54d68d82d068211015996cfec06/letters/DCP-LETT-3150F.xml,ce524429d5f8e044e16537250553fde6a39ad9a90df6dae5c2225106c1bf93f2,https://raw.githubusercontent.com/cambridge-collection/epsilon-data/ab0d973bae05b54d68d82d068211015996cfec06/xml/darwin-correspondence/letters/DCP-LETT-3150F.xml,https://www.darwinproject.ac.uk/letter/?docId=letters/DCP-LETT-3150F.xml
DCP-LETT-114,Darwin,C. R.,Henslow,J. S.,1831-09-02,[2 Sept 1831],Red Lion Cambridge,,"Royal Botanic Gardens, Kew (Henslow letters: 3 DAR/1/1/3)",,,DCP-LETT-114.xml,safe_within_period,from_darwin,1831-09-02,1831-09-02,single_xml_day,False,editorially_supplied_component,dated_grounding_unless_inbound_reply_link_is_established,data/raw/epsilon/ab0d973bae05b54d68d82d068211015996cfec06/letters/DCP-LETT-114.xml,39039d239c6b3c2536186085b464d60836e45052fbfb58787ff1573d29182daf,https://raw.githubusercontent.com/cambridge-collection/epsilon-data/ab0d973bae05b54d68d82d068211015996cfec06/xml/darwin-correspondence/letters/DCP-LETT-114.xml,https://www.darwinproject.ac.uk/letter/?docId=letters/DCP-LETT-114.xml
DCP-LETT-115,Darwin,C. R.,Darwin,S. E.,1831-09-04,[4 Sept 1831],Cambridge,,DAR 223,,,DCP-LETT-115.xml,safe_within_period,from_darwin,1831-09-04,1831-09-04,single_xml_day,False,editorially_supplied_component,dated_grounding_unless_inbound_reply_link_is_established,data/raw/epsilon/ab0d973bae05b54d68d82d068211015996cfec06/letters/DCP-LETT-115.xml,d7898cf7e1d8bc9db6cfe8bace445fd959ffb3a25b1c906cf06348c7600d94b7,https://raw.githubusercontent.com/cambridge-collection/epsilon-data/ab0d973bae05b54d68d82d068211015996cfec06/xml/darwin-correspondence/letters/DCP-LETT-115.xml,https://www.darwinproject.ac.uk/letter/?docId=letters/DCP-LETT-115.xml
DCP-LETT-116,Sedgwick,Adam,Darwin,C. R.,1831-09-04,4 Sept 1831,Tremadoc,,DAR 204: 65,,,DCP-LETT-116.xml,safe_within_period,to_darwin,1831-09-04,1831-09-04,single_xml_day,False,,incoming_context_pending_receipt_and_reply_evidence,data/raw/epsilon/ab0d973bae05b54d68d82d068211015996cfec06/letters/DCP-LETT-116.xml,0493722065914c5b89ed1d7bae859b6c53c54d2604c517d25dc960d0522b954e,https://raw.githubusercontent.com/cambridge-collection/epsilon-data/ab0d973bae05b54d68d82d068211015996cfec06/xml/darwin-correspondence/letters/DCP-LETT-116.xml,https://www.darwinproject.ac.uk/letter/?docId=letters/DCP-LETT-116.xml
DCP-LETT-117,Darwin,C. R.,Darwin,S. E.,1831-09-05,[5 Sept 1831],"London, Spring Gardens, 17",,DAR 223,,,DCP-LETT-117.xml,safe_within_period,from_darwin,1831-09-05,1831-09-05,single_xml_day,False,editorially_supplied_component,dated_grounding_unless_inbound_reply_link_is_established,data/raw/epsilon/ab0d973bae05b54d68d82d068211015996cfec06/letters/DCP-LETT-117.xml,9c2be109b59f291c8acc182c67efe7af6e1ed23bcfbe2c2b7fe36430ffc382c6,https://raw.githubusercontent.com/cambridge-collection/epsilon-data/ab0d973bae05b54d68d82d068211015996cfec06/xml/darwin-correspondence/letters/DCP-LETT-117.xml,https://www.darwinproject.ac.uk/letter/?docId=letters/DCP-LETT-117.xml
DCP-LETT-118,Darwin,C. R.,Henslow,J. S.,1831-09-05,[5 Sept 1831],"London, Spring Gardens, 17",,"Royal Botanic Gardens, Kew (Henslow letters: 4 DAR/1/1/4)",,,DCP-LETT-118.xml,safe_within_period,from_darwin,1831-09-05,1831-09-05,single_xml_day,False,editorially_supplied_component,dated_grounding_unless_inbound_reply_link_is_established,data/raw/epsilon/ab0d973bae05b54d68d82d068211015996cfec06/letters/DCP-LETT-118.xml,20f7a223d8905aabfa56d7621d12be88d225aa8a587415e73b4098f9657e664e,https://raw.githubusercontent.com/cambridge-collection/epsilon-data/ab0d973bae05b54d68d82d068211015996cfec06/xml/darwin-correspondence/letters/DCP-LETT-118.xml,https://www.darwinproject.ac.uk/letter/?docId=letters/DCP-LETT-118.xml
DCP-LETT-119,Darwin,C. R.,Darwin,S. E.,1831-09-06,[6 Sept 1831],"London, Spring Gardens, 17",,DAR 223,,,DCP-LETT-119.xml,safe_within_period,from_darwin,1831-09-06,1831-09-06,single_xml_day,False,editorially_supplied_component,dated_grounding_unless_inbound_reply_link_is_established,data/raw/epsilon/ab0d973bae05b54d68d82d068211015996cfec06/letters/DCP-LETT-119.xml,58bf8909bb3662b7fd822896cd134659ae06e8278108ce067f098ad3482156f9,https://raw.githubusercontent.com/cambridge-collection/epsilon-data/ab0d973bae05b54d68d82d068211015996cfec06/xml/darwin-correspondence/letters/DCP-LETT-119.xml,https://www.darwinproject.ac.uk/letter/?docId=letters/DCP-LETT-119.xml
DCP-LETT-120,Darwin,C. R.,Fox,W. D.,1831-09-06,6 [Sept 1831],"London, Spring Gardens, 17",,"Christ’s College Library, Cambridge (MS 53 Fox 43)",,,DCP-LETT-120.xml,safe_within_period,from_darwin,1831-09-06,1831-09-06,single_xml_day,False,editorially_supplied_component,dated_grounding_unless_inbound_reply_link_is_established,data/raw/epsilon/ab0d973bae05b54d68d82d068211015996cfec06/letters/DCP-LETT-120.xml,aa3b9b6e8809aacedcfed01a7f1a3783b610120d6476e82e0d78010ff3461a77,https://raw.githubusercontent.com/cambridge-collection/epsilon-data/ab0d973bae05b54d68d82d068211015996cfec06/xml/darwin-correspondence/letters/DCP-LETT-120.xml,https://www.darwinproject.ac.uk/letter/?docId=letters/DCP-LETT-120.xml
DCP-LETT-121,Darwin,C. R.,Whitley,C. T.,1831-09-09,[9 Sept 1831],"London, Spring Gardens, 17",,American Philosophical Society (Mss.B.D25.3),,,DCP-LETT-121.xml,safe_within_period,from_darwin,1831-09-09,1831-09-09,single_xml_day,False,editorially_supplied_component,dated_grounding_unless_inbound_reply_link_is_established,data/raw/epsilon/ab0d973bae05b54d68d82d068211015996cfec06/letters/DCP-LETT-121.xml,5e994760d04b313ae9f22f18439bb7e2de08842720190b478fa0eb7e7881162b,https://raw.githubusercontent.com/cambridge-collection/epsilon-data/ab0d973bae05b54d68d82d068211015996cfec06/xml/darwin-correspondence/letters/DCP-LETT-121.xml,https://www.darwinproject.ac.uk/letter/?docId=letters/DCP-LETT-121.xml
DCP-LETT-122,Darwin,C. R.,Darwin,S. E.,1831-09-09,[9 Sept 1831],"London, Spring Gardens, 17",,DAR 223,,,DCP-LETT-122.xml,safe_within_period,from_darwin,1831-09-09,1831-09-09,single_xml_day,False,editorially_supplied_component,dated_grounding_unless_inbound_reply_link_is_established,data/raw/epsilon/ab0d973bae05b54d68d82d068211015996cfec06/letters/DCP-LETT-122.xml,975f4e3e7984f2fc6560518efdb0599280052644532191fa14063373a2964f24,https://raw.githubusercontent.com/cambridge-collection/epsilon-data/ab0d973bae05b54d68d82d068211015996cfec06/xml/darwin-correspondence/letters/DCP-LETT-122.xml,https://www.darwinproject.ac.uk/letter/?docId=letters/DCP-LETT-122.xml
DCP-LETT-123,Darwin,C. R.,Henslow,J. S.,1831-09-09,9 [Sept 1831],"London, Spring Gardens, 17",,"Royal Botanic Gardens, Kew (Henslow letters: 5 DAR/1/1/5)",,,DCP-LETT-123.xml,safe_within_period,from_darwin,1831-09-09,1831-09-09,single_xml_day,False,editorially_supplied_component,dated_grounding_unless_inbound_reply_link_is_established,data/raw/epsilon/ab0d973bae05b54d68d82d068211015996cfec06/letters/DCP-LETT-123.xml,38e552289d565ea682202576c5ff2d492b2dc63d370514c0dfb764cf34f48aaf,https://raw.githubusercontent.com/cambridge-collection/epsilon-data/ab0d973bae05b54d68d82d068211015996cfec06/xml/darwin-correspondence/letters/DCP-LETT-123.xml,https://www.darwinproject.ac.uk/letter/?docId=letters/DCP-LETT-123.xml
DCP-LETT-124,Coldstream,John,Darwin,C. R.,1831-09-13,13 Sept 1831,Leith,,DAR 204: 64,,,DCP-LETT-124.xml,safe_within_period,to_darwin,1831-09-13,1831-09-13,single_xml_day,False,,incoming_context_pending_receipt_and_reply_evidence,data/raw/epsilon/ab0d973bae05b54d68d82d068211015996cfec06/letters/DCP-LETT-124.xml,b2f2420150308a9cba4fa02dedb19fbaa717ad75e1d6f7414433230455fafc05,https://raw.githubusercontent.com/cambridge-collection/epsilon-data/ab0d973bae05b54d68d82d068211015996cfec06/xml/darwin-correspondence/letters/DCP-LETT-124.xml,https://www.darwinproject.ac.uk/letter/?docId=letters/DCP-LETT-124.xml
DCP-LETT-125,Whitley,C. T.,Darwin,C. R.,1831-09-13,13 Sept 1831,Barmouth,,DAR 204: 69,,,DCP-LETT-125.xml,safe_within_period,to_darwin,1831-09-13,1831-09-13,single_xml_day,False,,incoming_context_pending_receipt_and_reply_evidence,data/raw/epsilon/ab0d973bae05b54d68d82d068211015996cfec06/letters/DCP-LETT-125.xml,c8d5afc0ee9bab908299cdde8186c7e3692ea7eb4f33fffb1d0031f4a88e439a,https://raw.githubusercontent.com/cambridge-collection/epsilon-data/ab0d973bae05b54d68d82d068211015996cfec06/xml/darwin-correspondence/letters/DCP-LETT-125.xml,https://www.darwinproject.ac.uk/letter/?docId=letters/DCP-LETT-125.xml
DCP-LETT-126,Darwin,C. R.,Darwin,S. E.,1831-09-14,[14 Sept 1831],Devonport,,DAR 223,,,DCP-LETT-126.xml,safe_within_period,from_darwin,1831-09-14,1831-09-14,single_xml_day,False,editorially_supplied_component,dated_grounding_unless_inbound_reply_link_is_established,data/raw/epsilon/ab0d973bae05b54d68d82d068211015996cfec06/letters/DCP-LETT-126.xml,115c4b1187324116c8bcae5f2f12d2cf7c5fd82bf30c41b9b7f91be8587a4a17,https://raw.githubusercontent.com/cambridge-collection/epsilon-data/ab0d973bae05b54d68d82d068211015996cfec06/xml/darwin-correspondence/letters/DCP-LETT-126.xml,https://www.darwinproject.ac.uk/letter/?docId=letters/DCP-LETT-126.xml
DCP-LETT-127,Darwin,C. R.,Darwin,S. E.,1831-09-17,17 [Sept 1831],"London, Spring Gardens, 17",,DAR 223,,,DCP-LETT-127.xml,safe_within_period,from_darwin,1831-09-17,1831-09-17,single_xml_day,False,editorially_supplied_component,dated_grounding_unless_inbound_reply_link_is_established,data/raw/epsilon/ab0d973bae05b54d68d82d068211015996cfec06/letters/DCP-LETT-127.xml,9727ef331537a7185c3ae6b2dd8e35984a509866a5ed372d727601e4e0985782,https://raw.githubusercontent.com/cambridge-collection/epsilon-data/ab0d973bae05b54d68d82d068211015996cfec06/xml/darwin-correspondence/letters/DCP-LETT-127.xml,https://www.darwinproject.ac.uk/letter/?docId=letters/DCP-LETT-127.xml
DCP-LETT-128,Darwin,C. R.,Henslow,J. S.,1831-09-17,17 [Sept 1831],"London, Spring Gardens, 17",,"Royal Botanic Gardens, Kew (Henslow letters: 6 DAR/1/1/6)",,,DCP-LETT-128.xml,safe_within_period,from_darwin,1831-09-17,1831-09-17,single_xml_day,False,editorially_supplied_component,dated_grounding_unless_inbound_reply_link_is_established,data/raw/epsilon/ab0d973bae05b54d68d82d068211015996cfec06/letters/DCP-LETT-128.xml,4e114e9f992f450f2ddb6b4f75ae5d9da3e3679fff0ef2e33a578b69cf083b40,https://raw.githubusercontent.com/cambridge-collection/epsilon-data/ab0d973bae05b54d68d82d068211015996cfec06/xml/darwin-correspondence/letters/DCP-LETT-128.xml,https://www.darwinproject.ac.uk/letter/?docId=letters/DCP-LETT-128.xml
DCP-LETT-129,Sedgwick,Adam,Darwin,C. R.,1831-09-18,18 Sept 1831,Caernarvon,,DAR 204: 66,,,DCP-LETT-129.xml,safe_within_period,to_darwin,1831-09-18,1831-09-18,single_xml_day,False,,incoming_context_pending_receipt_and_reply_evidence,data/raw/epsilon/ab0d973bae05b54d68d82d068211015996cfec06/letters/DCP-LETT-129.xml,ff3e01c80a2c3b49f65ccc726dc5e2874a086db524867208ef1ed04c9ca67d48,https://raw.githubusercontent.com/cambridge-collection/epsilon-data/ab0d973bae05b54d68d82d068211015996cfec06/xml/darwin-correspondence/letters/DCP-LETT-129.xml,https://www.darwinproject.ac.uk/letter/?docId=letters/DCP-LETT-129.xml
DCP-LETT-130,Watkins,Frederick,Darwin,C. R.,1831-09-18,[18 Sept 1831],Barnborough Rectory,,DAR 204: 67,,,DCP-LETT-130.xml,safe_within_period,to_darwin,1831-09-18,1831-09-18,single_xml_day,False,editorially_supplied_component,incoming_context_pending_receipt_and_reply_evidence,data/raw/epsilon/ab0d973bae05b54d68d82d068211015996cfec06/letters/DCP-LETT-130.xml,a3dfacf3dc9ce4b04b073a5ca097edb240d1ebb7ed16d3929f2fda027d95bf0f,https://raw.githubusercontent.com/cambridge-collection/epsilon-data/ab0d973bae05b54d68d82d068211015996cfec06/xml/darwin-correspondence/letters/DCP-LETT-130.xml,https://www.darwinproject.ac.uk/letter/?docId=letters/DCP-LETT-130.xml
DCP-LETT-131,Darwin,C. R.,FitzRoy,Robert,1831-09-19,[19 Sept 1831],"London, Spring Gardens, 17",,DAR 144: 112,,,DCP-LETT-131.xml,safe_within_period,from_darwin,1831-09-19,1831-09-19,single_xml_day,False,editorially_supplied_component,dated_grounding_unless_inbound_reply_link_is_established,data/raw/epsilon/ab0d973bae05b54d68d82d068211015996cfec06/letters/DCP-LETT-131.xml,02381838f0d9d3f94ac10e270673ae9d2a907225bc97729a391aef1ad2a755ed,https://raw.githubusercontent.com/cambridge-collection/epsilon-data/ab0d973bae05b54d68d82d068211015996cfec06/xml/darwin-correspondence/letters/DCP-LETT-131.xml,https://www.darwinproject.ac.uk/letter/?docId=letters/DCP-LETT-131.xml
DCP-LETT-132,Darwin,C. R.,Fox,W. D.,1831-09-19,19 [Sept 1831],"London, Spring Gardens, 17",,"Christ’s College Library, Cambridge (MS 53 Fox 44)",,,DCP-LETT-132.xml,safe_within_period,from_darwin,1831-09-19,1831-09-19,single_xml_day,False,editorially_supplied_component,dated_grounding_unless_inbound_reply_link_is_established,data/raw/epsilon/ab0d973bae05b54d68d82d068211015996cfec06/letters/DCP-LETT-132.xml,12cbb4169cc49be6c493488303fb84feec8a738c8990a94e810e1f85c562df1b,https://raw.githubusercontent.com/cambridge-collection/epsilon-data/ab0d973bae05b54d68d82d068211015996cfec06/xml/darwin-correspondence/letters/DCP-LETT-132.xml,https://www.darwinproject.ac.uk/letter/?docId=letters/DCP-LETT-132.xml
DCP-LETT-133,Wedgwood,Charlotte,Darwin,C. R.,1831-09-22,22 Sept [1831],Maer,,DAR 204: 68,,,DCP-LETT-133.xml,safe_within_period,to_darwin,1831-09-22,1831-09-22,single_xml_day,False,editorially_supplied_component,incoming_context_pending_receipt_and_reply_evidence,data/raw/epsilon/ab0d973bae05b54d68d82d068211015996cfec06/letters/DCP-LETT-133.xml,1daa7f3f3e19448a8f3fa505c2b83eeeb503ba02c6d7701caa0ed0fe38c774d9,https://raw.githubusercontent.com/cambridge-collection/epsilon-data/ab0d973bae05b54d68d82d068211015996cfec06/xml/darwin-correspondence/letters/DCP-LETT-133.xml,https://www.darwinproject.ac.uk/letter/?docId=letters/DCP-LETT-133.xml
DCP-LETT-134,Mostyn Owen,Fanny,Darwin,C. R.,1831-09-22,[22 Sept – 2 Oct 1831],Woodhouse,,DAR 204: 51,,,DCP-LETT-134.xml,safe_within_period,to_darwin,1831-09-22,1831-10-02,bounded_range,True,editorially_supplied_component,incoming_context_pending_receipt_and_reply_evidence,data/raw/epsilon/ab0d973bae05b54d68d82d068211015996cfec06/letters/DCP-LETT-134.xml,44649151507998e63a9f1bcc8cdb712f837d63f2b232e34ca69555c014d40949,https://raw.githubusercontent.com/cambridge-collection/epsilon-data/ab0d973bae05b54d68d82d068211015996cfec06/xml/darwin-correspondence/letters/DCP-LETT-134.xml,https://www.darwinproject.ac.uk/letter/?docId=letters/DCP-LETT-134.xml
DCP-LETT-135,FitzRoy,Robert,Darwin,C. R.,1831-09-23,23 Sept 1831,Devonport,,DAR 204: 105,,,DCP-LETT-135.xml,safe_within_period,to_darwin,1831-09-23,1831-09-23,single_xml_day,False,,incoming_context_pending_receipt_and_reply_evidence,data/raw/epsilon/ab0d973bae05b54d68d82d068211015996cfec06/letters/DCP-LETT-135.xml,1dfc73ee4d86b0e4addef8317a5536170ee49c5734c199a49722c3c26478c219,https://raw.githubusercontent.com/cambridge-collection/epsilon-data/ab0d973bae05b54d68d82d068211015996cfec06/xml/darwin-correspondence/letters/DCP-LETT-135.xml,https://www.darwinproject.ac.uk/letter/?docId=letters/DCP-LETT-135.xml
DCP-LETT-135A,Darwin,C. R.,Whitley,C. T.,1831-09-23,23 [Sept 1831],Shrewsbury,,Linnean Society of London (Quentin Keynes collection),,,DCP-LETT-135A.xml,safe_within_period,from_darwin,1831-09-23,1831-09-23,single_xml_day,False,editorially_supplied_component,dated_grounding_unless_inbound_reply_link_is_established,data/raw/epsilon/ab0d973bae05b54d68d82d068211015996cfec06/letters/DCP-LETT-135A.xml,23fdb3e03795ad51e3e4bba4eae674b4976d8e49e25d19cfc2f88bc93ae79cca,https://raw.githubusercontent.com/cambridge-collection/epsilon-data/ab0d973bae05b54d68d82d068211015996cfec06/xml/darwin-correspondence/letters/DCP-LETT-135A.xml,https://www.darwinproject.ac.uk/letter/?docId=letters/DCP-LETT-135A.xml
DCP-LETT-136,Mostyn Owen,Fanny,Darwin,C. R.,1831-09-26,[26 Sept 1831],Exeter,,DAR 204: 52,,,DCP-LETT-136.xml,safe_within_period,to_darwin,1831-09-26,1831-09-26,single_xml_day,False,editorially_supplied_component,incoming_context_pending_receipt_and_reply_evidence,data/raw/epsilon/ab0d973bae05b54d68d82d068211015996cfec06/letters/DCP-LETT-136.xml,a5192218f66cd265aca127fd7590474860d697291ea94c1197d08c6ace8c2355,https://raw.githubusercontent.com/cambridge-collection/epsilon-data/ab0d973bae05b54d68d82d068211015996cfec06/xml/darwin-correspondence/letters/DCP-LETT-136.xml,https://www.darwinproject.ac.uk/letter/?docId=letters/DCP-LETT-136.xml
DCP-LETT-137,Mostyn Owen,S. H.,Darwin,C. R.,1831-09-27,[27–30 Sept 1831],Woodhouse,,DAR 204: 61,,,DCP-LETT-137.xml,safe_within_period,to_darwin,1831-09-27,1831-09-30,bounded_range,True,editorially_supplied_component,incoming_context_pending_receipt_and_reply_evidence,data/raw/epsilon/ab0d973bae05b54d68d82d068211015996cfec06/letters/DCP-LETT-137.xml,2395b0abe084dae00ffd0460a80597d0113e3a5a25ae2f036e000949da451b80,https://raw.githubusercontent.com/cambridge-collection/epsilon-data/ab0d973bae05b54d68d82d068211015996cfec06/xml/darwin-correspondence/letters/DCP-LETT-137.xml,https://www.darwinproject.ac.uk/letter/?docId=letters/DCP-LETT-137.xml
DCP-LETT-138,Darwin,C. R.,Henslow,J. S.,1831-09-28,28 [Sept 1831],Shrewsbury,,"Royal Botanic Gardens, Kew (Henslow letters: 7 DAR/1/1/7)",,,DCP-LETT-138.xml,safe_within_period,from_darwin,1831-09-28,1831-09-28,single_xml_day,False,editorially_supplied_component,dated_grounding_unless_inbound_reply_link_is_established,data/raw/epsilon/ab0d973bae05b54d68d82d068211015996cfec06/letters/DCP-LETT-138.xml,8098a3c1290e63e543ef048d5686d76622e1d9b6bb842daeba01a5118f53a815,https://raw.githubusercontent.com/cambridge-collection/epsilon-data/ab0d973bae05b54d68d82d068211015996cfec06/xml/darwin-correspondence/letters/DCP-LETT-138.xml,https://www.darwinproject.ac.uk/letter/?docId=letters/DCP-LETT-138.xml
DCP-LETT-139,Darwin,C. R.,FitzRoy,Robert,1831-10-04,[4 or 11] Oct 1831,"London, Spring Gardens, 17",,DAR 144: 113,,,DCP-LETT-139.xml,safe_within_period,from_darwin,1831-10-04,1831-10-11,alternative_dates,True,editorially_supplied_component,dated_grounding_unless_inbound_reply_link_is_established,data/raw/epsilon/ab0d973bae05b54d68d82d068211015996cfec06/letters/DCP-LETT-139.xml,040af2efcb4dd71468ffbe3a16b8e154bf743e450940468f777c32368fd64f98,https://raw.githubusercontent.com/cambridge-collection/epsilon-data/ab0d973bae05b54d68d82d068211015996cfec06/xml/darwin-correspondence/letters/DCP-LETT-139.xml,https://www.darwinproject.ac.uk/letter/?docId=letters/DCP-LETT-139.xml
DCP-LETT-140,Darwin,C. R.,Henslow,J. S.,1831-10-04,[4 or 11] Oct 1831,"London, Spring Gardens, 17",,"Royal Botanic Gardens, Kew (Henslow letters: 8 DAR/1/1/8)",,,DCP-LETT-140.xml,safe_within_period,from_darwin,1831-10-04,1831-10-11,alternative_dates,True,editorially_supplied_component,dated_grounding_unless_inbound_reply_link_is_established,data/raw/epsilon/ab0d973bae05b54d68d82d068211015996cfec06/letters/DCP-LETT-140.xml,dc082e56a3780b575f3aefed0012bc081774a273bae11a97ec730db16f3af802,https://raw.githubusercontent.com/cambridge-collection/epsilon-data/ab0d973bae05b54d68d82d068211015996cfec06/xml/darwin-correspondence/letters/DCP-LETT-140.xml,https://www.darwinproject.ac.uk/letter/?docId=letters/DCP-LETT-140.xml
DCP-LETT-141,Mostyn Owen,Fanny,Darwin,C. R.,1831-10-06,[6 Oct 1831],Exeter,,DAR 204: 53,,,DCP-LETT-141.xml,safe_within_period,to_darwin,1831-10-06,1831-10-06,single_xml_day,False,editorially_supplied_component,incoming_context_pending_receipt_and_reply_evidence,data/raw/epsilon/ab0d973bae05b54d68d82d068211015996cfec06/letters/DCP-LETT-141.xml,b8098674e1407e7e2b7a3776ff46f56a6f052809496cb41fe2174edb17e0b570,https://raw.githubusercontent.com/cambridge-collection/epsilon-data/ab0d973bae05b54d68d82d068211015996cfec06/xml/darwin-correspondence/letters/DCP-LETT-141.xml,https://www.darwinproject.ac.uk/letter/?docId=letters/DCP-LETT-141.xml
DCP-LETT-142,Darwin,C. R.,FitzRoy,Robert,1831-10-10,[10 Oct 1831],"London, Spring Gardens, 17",,DAR 144: 114,,,DCP-LETT-142.xml,safe_within_period,from_darwin,1831-10-10,1831-10-10,single_xml_day,False,editorially_supplied_component,dated_grounding_unless_inbound_reply_link_is_established,data/raw/epsilon/ab0d973bae05b54d68d82d068211015996cfec06/letters/DCP-LETT-142.xml,8db48b87fee178751fc02e590c966a470fa6ad90f30dd7da0ed2128b2ab51b6f,https://raw.githubusercontent.com/cambridge-collection/epsilon-data/ab0d973bae05b54d68d82d068211015996cfec06/xml/darwin-correspondence/letters/DCP-LETT-142.xml,https://www.darwinproject.ac.uk/letter/?docId=letters/DCP-LETT-142.xml
DCP-LETT-143,Henslow,J. S.,Darwin,C. R.,1831-10-25,25 Oct 1831,Cambridge,,DAR 204: 108,,,DCP-LETT-143.xml,safe_within_period,to_darwin,1831-10-25,1831-10-25,single_xml_day,False,,incoming_context_pending_receipt_and_reply_evidence,data/raw/epsilon/ab0d973bae05b54d68d82d068211015996cfec06/letters/DCP-LETT-143.xml,fa1bdb5f4b937f348b103859440f2ef45d8b72c6397b04df35ecc574e2a41749,https://raw.githubusercontent.com/cambridge-collection/epsilon-data/ab0d973bae05b54d68d82d068211015996cfec06/xml/darwin-correspondence/letters/DCP-LETT-143.xml,https://www.darwinproject.ac.uk/letter/?docId=letters/DCP-LETT-143.xml
DCP-LETT-144,Darwin,C. R.,Henslow,J. S.,1831-10-30,30 [Oct 1831],Devonport,,"Royal Botanic Gardens, Kew (Henslow letters: 9 DAR/1/1/9)",,,DCP-LETT-144.xml,safe_within_period,from_darwin,1831-10-30,1831-10-30,single_xml_day,False,editorially_supplied_component,dated_grounding_unless_inbound_reply_link_is_established,data/raw/epsilon/ab0d973bae05b54d68d82d068211015996cfec06/letters/DCP-LETT-144.xml,01eba2fcc116d968b65fdd56a0d63691c16146b71fc2e8f86f735cc89ffa0f22,https://raw.githubusercontent.com/cambridge-collection/epsilon-data/ab0d973bae05b54d68d82d068211015996cfec06/xml/darwin-correspondence/letters/DCP-LETT-144.xml,https://www.darwinproject.ac.uk/letter/?docId=letters/DCP-LETT-144.xml
DCP-LETT-145,Darwin,C. R.,Darwin,Caroline,1831-10-31,[31?] Oct [1831],Devonport,,DAR 154: 31,,,DCP-LETT-145.xml,safe_within_period,from_darwin,1831-10-31,1831-10-31,single_xml_day,True,editorially_supplied_component; questioned_component,dated_grounding_unless_inbound_reply_link_is_established,data/raw/epsilon/ab0d973bae05b54d68d82d068211015996cfec06/letters/DCP-LETT-145.xml,9be4e885ff707dcdefddab0724f00ed813cc27725b91c1da0d32034fa169f5c1,https://raw.githubusercontent.com/cambridge-collection/epsilon-data/ab0d973bae05b54d68d82d068211015996cfec06/xml/darwin-correspondence/letters/DCP-LETT-145.xml,https://www.darwinproject.ac.uk/letter/?docId=letters/DCP-LETT-145.xml
DCP-LETT-146,Darwin,C. R.,Darwin,Caroline,1831-11-12,12 Nov [1831],Devonport,,DAR 154: 32,,,DCP-LETT-146.xml,safe_within_period,from_darwin,1831-11-12,1831-11-12,single_xml_day,False,editorially_supplied_component,dated_grounding_unless_inbound_reply_link_is_established,data/raw/epsilon/ab0d973bae05b54d68d82d068211015996cfec06/letters/DCP-LETT-146.xml,431bd98600142d6d91e027b1c0036c0ab1518d906302cfb46288bd96fd3e77ff,https://raw.githubusercontent.com/cambridge-collection/epsilon-data/ab0d973bae05b54d68d82d068211015996cfec06/xml/darwin-correspondence/letters/DCP-LETT-146.xml,https://www.darwinproject.ac.uk/letter/?docId=letters/DCP-LETT-146.xml
DCP-LETT-147,Darwin,C. R.,Henslow,J. S.,1831-11-15,15 [Nov 1831],Devonport,,"Royal Botanic Gardens, Kew (Henslow letters: 10 DAR/1/1/10)",,,DCP-LETT-147.xml,safe_within_period,from_darwin,1831-11-15,1831-11-15,single_xml_day,False,editorially_supplied_component,dated_grounding_unless_inbound_reply_link_is_established,data/raw/epsilon/ab0d973bae05b54d68d82d068211015996cfec06/letters/DCP-LETT-147.xml,39de0d20969e3332bf74752efa14d73afc7a032a922865799d35034a9a1fa6dd,https://raw.githubusercontent.com/cambridge-collection/epsilon-data/ab0d973bae05b54d68d82d068211015996cfec06/xml/darwin-correspondence/letters/DCP-LETT-147.xml,https://www.darwinproject.ac.uk/letter/?docId=letters/DCP-LETT-147.xml
DCP-LETT-148,Darwin,C. R.,Whitley,C. T.,1831-11-15,15 Nov [1831],Devonport,,T. H. W. Bower (private collection),,,DCP-LETT-148.xml,safe_within_period,from_darwin,1831-11-15,1831-11-15,single_xml_day,False,editorially_supplied_component,dated_grounding_unless_inbound_reply_link_is_established,data/raw/epsilon/ab0d973bae05b54d68d82d068211015996cfec06/letters/DCP-LETT-148.xml,7644edcbc41b4325b061d110ad47dc9b81fed54f72cf199c8ed2d353d88e1319,https://raw.githubusercontent.com/cambridge-collection/epsilon-data/ab0d973bae05b54d68d82d068211015996cfec06/xml/darwin-correspondence/letters/DCP-LETT-148.xml,https://www.darwinproject.ac.uk/letter/?docId=letters/DCP-LETT-148.xml
DCP-LETT-149,Darwin,C. R.,Fox,W. D.,1831-11-17,17 [Nov 1831],Devonport,,"Christ’s College Library, Cambridge (MS 53 Fox 45)",,,DCP-LETT-149.xml,safe_within_period,from_darwin,1831-11-17,1831-11-17,single_xml_day,False,editorially_supplied_component,dated_grounding_unless_inbound_reply_link_is_established,data/raw/epsilon/ab0d973bae05b54d68d82d068211015996cfec06/letters/DCP-LETT-149.xml,ba2f985b8bb12aa4108020640bc08332548d729a9b6c3788849d2c5ac70e31ee,https://raw.githubusercontent.com/cambridge-collection/epsilon-data/ab0d973bae05b54d68d82d068211015996cfec06/xml/darwin-correspondence/letters/DCP-LETT-149.xml,https://www.darwinproject.ac.uk/letter/?docId=letters/DCP-LETT-149.xml
DCP-LETT-150,Henslow,J. S.,Darwin,C. R.,1831-11-20,20 Nov 1831,Cambridge,,DAR 204: 109,,,DCP-LETT-150.xml,safe_within_period,to_darwin,1831-11-20,1831-11-20,single_xml_day,False,,incoming_context_pending_receipt_and_reply_evidence,data/raw/epsilon/ab0d973bae05b54d68d82d068211015996cfec06/letters/DCP-LETT-150.xml,e0d5d9833f70dc6a82d7a65d3d2327ef1b05d9e64d1f17acb10772abcd7d92b5,https://raw.githubusercontent.com/cambridge-collection/epsilon-data/ab0d973bae05b54d68d82d068211015996cfec06/xml/darwin-correspondence/letters/DCP-LETT-150.xml,https://www.darwinproject.ac.uk/letter/?docId=letters/DCP-LETT-150.xml
DCP-LETT-151,Mostyn Owen,Fanny,Darwin,C. R.,1831-12-02,2 [Dec 1831],Woodhouse,,DAR 204: 54,,,DCP-LETT-151.xml,safe_within_period,to_darwin,1831-12-02,1831-12-02,single_xml_day,False,editorially_supplied_component,incoming_context_pending_receipt_and_reply_evidence,data/raw/epsilon/ab0d973bae05b54d68d82d068211015996cfec06/letters/DCP-LETT-151.xml,6813db5250c556d8c3185aa32d7523fc054c9a26195f9b20b885415312178338,https://raw.githubusercontent.com/cambridge-collection/epsilon-data/ab0d973bae05b54d68d82d068211015996cfec06/xml/darwin-correspondence/letters/DCP-LETT-151.xml,https://www.darwinproject.ac.uk/letter/?docId=letters/DCP-LETT-151.xml
DCP-LETT-152,Darwin,C. R.,Henslow,J. S.,1831-12-03,3 Dec [1831],Devonport,,"Royal Botanic Gardens, Kew (Henslow letters: 11 DAR/1/1/11)",,,DCP-LETT-152.xml,safe_within_period,from_darwin,1831-12-03,1831-12-03,single_xml_day,False,editorially_supplied_component,dated_grounding_unless_inbound_reply_link_is_established,data/raw/epsilon/ab0d973bae05b54d68d82d068211015996cfec06/letters/DCP-LETT-152.xml,b961e878ed2a0e883748b550f3a8edd4ceab7b12723985c95a21637d8e8828b0,https://raw.githubusercontent.com/cambridge-collection/epsilon-data/ab0d973bae05b54d68d82d068211015996cfec06/xml/darwin-correspondence/letters/DCP-LETT-152.xml,https://www.darwinproject.ac.uk/letter/?docId=letters/DCP-LETT-152.xml
DCP-LETT-153,Darwin,Caroline,Darwin,C. R.,1831-12-20,20–31 Dec [1831],unstated,,DAR 204: 70,,,DCP-LETT-153.xml,safe_within_period,to_darwin,1831-12-20,1831-12-31,bounded_range,True,editorially_supplied_component,incoming_context_pending_receipt_and_reply_evidence,data/raw/epsilon/ab0d973bae05b54d68d82d068211015996cfec06/letters/DCP-LETT-153.xml,3bd2f846582696dbe75b6ef1857dc403ef9a2f9e5a4df4d5ae24fdc5b84a47de,https://raw.githubusercontent.com/cambridge-collection/epsilon-data/ab0d973bae05b54d68d82d068211015996cfec06/xml/darwin-correspondence/letters/DCP-LETT-153.xml,https://www.darwinproject.ac.uk/letter/?docId=letters/DCP-LETT-153.xml
DCP-LETT-154,Darwin,Catherine,Darwin,C. R.,1832-01-08,8 Jan – 4 Feb 1832,Shrewsbury,,DAR 204: 83,,,DCP-LETT-154.xml,safe_within_period,to_darwin,1832-01-08,1832-02-04,bounded_range,True,,incoming_context_pending_receipt_and_reply_evidence,data/raw/epsilon/ab0d973bae05b54d68d82d068211015996cfec06/letters/DCP-LETT-154.xml,cd481ff546019634aaa8344c8067bc95b58e76c4ff946e9222d58ca64a040f54,https://raw.githubusercontent.com/cambridge-collection/epsilon-data/ab0d973bae05b54d68d82d068211015996cfec06/xml/darwin-correspondence/letters/DCP-LETT-154.xml,https://www.darwinproject.ac.uk/letter/?docId=letters/DCP-LETT-154.xml
DCP-LETT-155,Wedgwood,Charlotte,Darwin,C. R.,1832-01-12,12 and 29 Jan 1832 and 1 Feb 1832,Dulwich,,DAR 204: 116,,,DCP-LETT-155.xml,safe_within_period,to_darwin,1832-01-12,1832-02-01,multiple_recorded_dates,True,,incoming_context_pending_receipt_and_reply_evidence,data/raw/epsilon/ab0d973bae05b54d68d82d068211015996cfec06/letters/DCP-LETT-155.xml,e9682701115c5588a2f45c85bb3b78c86f168af9f216d6f3f201937a9f4f1256,https://raw.githubusercontent.com/cambridge-collection/epsilon-data/ab0d973bae05b54d68d82d068211015996cfec06/xml/darwin-correspondence/letters/DCP-LETT-155.xml,https://www.darwinproject.ac.uk/letter/?docId=letters/DCP-LETT-155.xml
DCP-LETT-157,Henslow,J. S.,Darwin,C. R.,1832-02-06,6 Feb 1832,Cambridge,,DAR 204: 110,,,DCP-LETT-157.xml,safe_within_period,to_darwin,1832-02-06,1832-02-06,single_xml_day,False,,incoming_context_pending_receipt_and_reply_evidence,data/raw/epsilon/ab0d973bae05b54d68d82d068211015996cfec06/letters/DCP-LETT-157.xml,94621aba072a439d618b14d75913f4e3ae4a70394a714c20a2567b580e3f1e37,https://raw.githubusercontent.com/cambridge-collection/epsilon-data/ab0d973bae05b54d68d82d068211015996cfec06/xml/darwin-correspondence/letters/DCP-LETT-157.xml,https://www.darwinproject.ac.uk/letter/?docId=letters/DCP-LETT-157.xml
DCP-LETT-159,Darwin,C. R.,Darwin,R. W.,1832-02-10,10 Feb 1832,2 days’ sail SW of St Jago Lat: 11N,,DAR 223,,,DCP-LETT-159.xml,safe_within_period,from_darwin,1832-02-10,1832-02-10,single_xml_day,False,,dated_grounding_unless_inbound_reply_link_is_established,data/raw/epsilon/ab0d973bae05b54d68d82d068211015996cfec06/letters/DCP-LETT-159.xml,e3aa969ab7728be7afacf181466b290fb6d03fbf287ad194b44c6ef1597a3495,https://raw.githubusercontent.com/cambridge-collection/epsilon-data/ab0d973bae05b54d68d82d068211015996cfec06/xml/darwin-correspondence/letters/DCP-LETT-159.xml,https://www.darwinproject.ac.uk/letter/?docId=letters/DCP-LETT-159.xml
DCP-LETT-160,Darwin,S. E.,Darwin,C. R.,1832-02-12,12 Feb [– 3 Mar] 1832,Shrewsbury,,DAR 204: 95,,,DCP-LETT-160.xml,safe_within_period,to_darwin,1832-02-12,1832-03-03,bounded_range,True,editorially_supplied_component,incoming_context_pending_receipt_and_reply_evidence,data/raw/epsilon/ab0d973bae05b54d68d82d068211015996cfec06/letters/DCP-LETT-160.xml,5211acb3e9368336edc29900a803e7eac4896372aa882ac5c960434d8e69332a,https://raw.githubusercontent.com/cambridge-collection/epsilon-data/ab0d973bae05b54d68d82d068211015996cfec06/xml/darwin-correspondence/letters/DCP-LETT-160.xml,https://www.darwinproject.ac.uk/letter/?docId=letters/DCP-LETT-160.xml
DCP-LETT-158,Darwin,C. R.,Darwin,R. W.,1832-03-01,8 & 26 Feb & 1 Mar [1832],(Brazils) Bahia or St Salvador,,DAR 223: 8,,,DCP-LETT-158.xml,safe_within_period,from_darwin,1832-03-01,1832-03-01,single_xml_day,False,editorially_supplied_component,dated_grounding_unless_inbound_reply_link_is_established,data/raw/epsilon/ab0d973bae05b54d68d82d068211015996cfec06/letters/DCP-LETT-158.xml,3d4ed8b4feec32dbd5162094f6db4217a8814a841654f33e337fc5be122c5b42,https://raw.githubusercontent.com/cambridge-collection/epsilon-data/ab0d973bae05b54d68d82d068211015996cfec06/xml/darwin-correspondence/letters/DCP-LETT-158.xml,https://www.darwinproject.ac.uk/letter/?docId=letters/DCP-LETT-158.xml
DCP-LETT-161,Mostyn Owen,William,Darwin,C. R.,1832-03-01,1 Mar 1832,Woodhouse,,DAR 204: 115,,,DCP-LETT-161.xml,safe_within_period,to_darwin,1832-03-01,1832-03-01,single_xml_day,False,,incoming_context_pending_receipt_and_reply_evidence,data/raw/epsilon/ab0d973bae05b54d68d82d068211015996cfec06/letters/DCP-LETT-161.xml,0b17cc26df48d81d99a661d22529fedb4449dbeebcd96e71331d5b04e5d3921d,https://raw.githubusercontent.com/cambridge-collection/epsilon-data/ab0d973bae05b54d68d82d068211015996cfec06/xml/darwin-correspondence/letters/DCP-LETT-161.xml,https://www.darwinproject.ac.uk/letter/?docId=letters/DCP-LETT-161.xml
DCP-LETT-162,Mostyn Owen,Fanny,Darwin,C. R.,1832-03-01,1 Mar 1832,Woodhouse,,DAR 204: 55,,,DCP-LETT-162.xml,safe_within_period,to_darwin,1832-03-01,1832-03-01,single_xml_day,False,,incoming_context_pending_receipt_and_reply_evidence,data/raw/epsilon/ab0d973bae05b54d68d82d068211015996cfec06/letters/DCP-LETT-162.xml,7364e6967abe81d10bf94b16c81f7851fffab81193f31581edb86e88963ca513,https://raw.githubusercontent.com/cambridge-collection/epsilon-data/ab0d973bae05b54d68d82d068211015996cfec06/xml/darwin-correspondence/letters/DCP-LETT-162.xml,https://www.darwinproject.ac.uk/letter/?docId=letters/DCP-LETT-162.xml
DCP-LETT-163,Darwin,Caroline,Darwin,C. R.,1832-03-12,12–[31] Mar [1832],Maer and Shrewsbury,,DAR 204: 71,,,DCP-LETT-163.xml,safe_within_period,to_darwin,1832-03-12,1832-03-12,single_xml_day,False,editorially_supplied_component,incoming_context_pending_receipt_and_reply_evidence,data/raw/epsilon/ab0d973bae05b54d68d82d068211015996cfec06/letters/DCP-LETT-163.xml,c0050d1a1fbbebb5535b2be68aec23a91bc6de7ac087017791d2d1a22d359679,https://raw.githubusercontent.com/cambridge-collection/epsilon-data/ab0d973bae05b54d68d82d068211015996cfec06/xml/darwin-correspondence/letters/DCP-LETT-163.xml,https://www.darwinproject.ac.uk/letter/?docId=letters/DCP-LETT-163.xml
DCP-LETT-164,Darwin,C. R.,Darwin,Caroline,1832-04-02,2–6 Apr 1832,100 miles east of Rio,,DAR 223,,,DCP-LETT-164.xml,safe_within_period,from_darwin,1832-04-02,1832-04-02,single_xml_day,False,,dated_grounding_unless_inbound_reply_link_is_established,data/raw/epsilon/ab0d973bae05b54d68d82d068211015996cfec06/letters/DCP-LETT-164.xml,2b96c8a99c453e6167a3832d0b4ea481d90c5f059aef4fc3ace02c451302be0d,https://raw.githubusercontent.com/cambridge-collection/epsilon-data/ab0d973bae05b54d68d82d068211015996cfec06/xml/darwin-correspondence/letters/DCP-LETT-164.xml,https://www.darwinproject.ac.uk/letter/?docId=letters/DCP-LETT-164.xml
DCP-LETT-165,Herbert,J. M.,Darwin,C. R.,1832-04-15,15–17 Apr 1832,"St John’s College, Cambridge",,DAR 204: 113,,,DCP-LETT-165.xml,safe_within_period,to_darwin,1832-04-15,1832-04-17,bounded_range,True,,incoming_context_pending_receipt_and_reply_evidence,data/raw/epsilon/ab0d973bae05b54d68d82d068211015996cfec06/letters/DCP-LETT-165.xml,dbe7fedf541341585a505138067264a3d85a4ad7d80ad03adf37a748e5991c56,https://raw.githubusercontent.com/cambridge-collection/epsilon-data/ab0d973bae05b54d68d82d068211015996cfec06/xml/darwin-correspondence/letters/DCP-LETT-165.xml,https://www.darwinproject.ac.uk/letter/?docId=letters/DCP-LETT-165.xml
DCP-LETT-166,Darwin,C. R.,Darwin,Caroline,1832-04-25,25–6 Apr [1832],Botofogo Bay,,DAR 223: 11,,,DCP-LETT-166.xml,safe_within_period,from_darwin,1832-04-25,1832-04-26,bounded_range,True,editorially_supplied_component,dated_grounding_unless_inbound_reply_link_is_established,data/raw/epsilon/ab0d973bae05b54d68d82d068211015996cfec06/letters/DCP-LETT-166.xml,d8377fa03851a6459d5c8d18ab9e5098948b202098e0e15354a473544e96df69,https://raw.githubusercontent.com/cambridge-collection/epsilon-data/ab0d973bae05b54d68d82d068211015996cfec06/xml/darwin-correspondence/letters/DCP-LETT-166.xml,https://www.darwinproject.ac.uk/letter/?docId=letters/DCP-LETT-166.xml
DCP-LETT-167,Darwin,Catherine,Darwin,C. R.,1832-04-26,26[–7] Apr [1832],Shrewsbury,,DAR 204: 84,,,DCP-LETT-167.xml,safe_within_period,to_darwin,1832-04-26,1832-04-27,bounded_range,True,editorially_supplied_component,incoming_context_pending_receipt_and_reply_evidence,data/raw/epsilon/ab0d973bae05b54d68d82d068211015996cfec06/letters/DCP-LETT-167.xml,11bc7adfd14ec368ea5a63eb828ce9959bf490161305294b1549155a5762eced,https://raw.githubusercontent.com/cambridge-collection/epsilon-data/ab0d973bae05b54d68d82d068211015996cfec06/xml/darwin-correspondence/letters/DCP-LETT-167.xml,https://www.darwinproject.ac.uk/letter/?docId=letters/DCP-LETT-167.xml
DCP-LETT-168,Darwin,C. R.,Fox,W. D.,1832-05-01,May 1832,Botofogo Bay near Rio de Janeiro,,"Christ’s College Library, Cambridge (MS 53 Fox 46)",,,DCP-LETT-168.xml,safe_within_period,from_darwin,1832-05-01,1832-05-31,bounded_range,True,,dated_grounding_unless_inbound_reply_link_is_established,data/raw/epsilon/ab0d973bae05b54d68d82d068211015996cfec06/letters/DCP-LETT-168.xml,d3a8b32c92dab48950878d3708b62b846e53fec3f10dfd901751661a7551d7e2,https://raw.githubusercontent.com/cambridge-collection/epsilon-data/ab0d973bae05b54d68d82d068211015996cfec06/xml/darwin-correspondence/letters/DCP-LETT-168.xml,https://www.darwinproject.ac.uk/letter/?docId=letters/DCP-LETT-168.xml
DCP-LETT-169,Darwin,C. R.,Darwin,Catherine,1832-05-01,May–June [1832],Botofogo Bay,,DAR 223,,,DCP-LETT-169.xml,safe_within_period,from_darwin,1832-05-01,1832-06-30,bounded_range,True,editorially_supplied_component,dated_grounding_unless_inbound_reply_link_is_established,data/raw/epsilon/ab0d973bae05b54d68d82d068211015996cfec06/letters/DCP-LETT-169.xml,24d4d2d74ffbbdb81ab7e026bef05a0ca29cd5b730b140015b965cca1758caf7,https://raw.githubusercontent.com/cambridge-collection/epsilon-data/ab0d973bae05b54d68d82d068211015996cfec06/xml/darwin-correspondence/letters/DCP-LETT-169.xml,https://www.darwinproject.ac.uk/letter/?docId=letters/DCP-LETT-169.xml
DCP-LETT-170,Darwin,S. E.,Darwin,C. R.,1832-05-12,12 May [– 2 June] 1832,Maer and Shrewsbury,,DAR 204: 96,,,DCP-LETT-170.xml,safe_within_period,to_darwin,1832-05-12,1832-06-02,bounded_range,True,editorially_supplied_component,incoming_context_pending_receipt_and_reply_evidence,data/raw/epsilon/ab0d973bae05b54d68d82d068211015996cfec06/letters/DCP-LETT-170.xml,a2d320655800ad764dcdf2c92549fd2d2853d3a5a7fafc862e4e20d2f14d3947,https://raw.githubusercontent.com/cambridge-collection/epsilon-data/ab0d973bae05b54d68d82d068211015996cfec06/xml/darwin-correspondence/letters/DCP-LETT-170.xml,https://www.darwinproject.ac.uk/letter/?docId=letters/DCP-LETT-170.xml
DCP-LETT-171,Darwin,C. R.,Henslow,J. S.,1832-05-18,18 May & 16 June 1832,Rio de Janeiro,,"Royal Botanic Gardens, Kew (Henslow letters: 12 DAR/1/1/12)",,,DCP-LETT-171.xml,safe_within_period,from_darwin,1832-05-18,1832-05-18,single_xml_day,False,,dated_grounding_unless_inbound_reply_link_is_established,data/raw/epsilon/ab0d973bae05b54d68d82d068211015996cfec06/letters/DCP-LETT-171.xml,6b85a02090afe3b256faa1614231e5f9261cf3a12e14f862c3ff31127ed64880,https://raw.githubusercontent.com/cambridge-collection/epsilon-data/ab0d973bae05b54d68d82d068211015996cfec06/xml/darwin-correspondence/letters/DCP-LETT-171.xml,https://www.darwinproject.ac.uk/letter/?docId=letters/DCP-LETT-171.xml
DCP-LETT-172,Darwin,C. R.,Herbert,J. M.,1832-06-01,[1–6] June 1832,"Botofogo Bay, Rio de Janeiro",,American Philosophical Society (Mss.B.D25.4),,,DCP-LETT-172.xml,safe_within_period,from_darwin,1832-06-01,1832-06-06,bounded_range,True,editorially_supplied_component,dated_grounding_unless_inbound_reply_link_is_established,data/raw/epsilon/ab0d973bae05b54d68d82d068211015996cfec06/letters/DCP-LETT-172.xml,15e9d984cdf4a91de1eb1590ac72cbe1f8f7810d4f8ec5e37bcc44b1663a9550,https://raw.githubusercontent.com/cambridge-collection/epsilon-data/ab0d973bae05b54d68d82d068211015996cfec06/xml/darwin-correspondence/letters/DCP-LETT-172.xml,https://www.darwinproject.ac.uk/letter/?docId=letters/DCP-LETT-172.xml
DCP-LETT-173,Darwin,Caroline,Darwin,C. R.,1832-06-12,12–28 June [1832],Shrewsbury,,DAR 204: 72,,,DCP-LETT-173.xml,safe_within_period,to_darwin,1832-06-12,1832-06-28,bounded_range,True,editorially_supplied_component,incoming_context_pending_receipt_and_reply_evidence,data/raw/epsilon/ab0d973bae05b54d68d82d068211015996cfec06/letters/DCP-LETT-173.xml,366e938944aa865dd1425ad4f628f539813b2ca00a230d0417f7d51f8d128b49,https://raw.githubusercontent.com/cambridge-collection/epsilon-data/ab0d973bae05b54d68d82d068211015996cfec06/xml/darwin-correspondence/letters/DCP-LETT-173.xml,https://www.darwinproject.ac.uk/letter/?docId=letters/DCP-LETT-173.xml
DCP-LETT-175,Fox,W. D.,Darwin,C. R.,1832-06-30,30 June 1832,Epperstone,,DAR 204: 106,,,DCP-LETT-175.xml,safe_within_period,to_darwin,1832-06-30,1832-06-30,single_xml_day,False,,incoming_context_pending_receipt_and_reply_evidence,data/raw/epsilon/ab0d973bae05b54d68d82d068211015996cfec06/letters/DCP-LETT-175.xml,8c5f78c965452b1c777770312425835f57a1e50e9f08b8fc20531d9a0bf4556b,https://raw.githubusercontent.com/cambridge-collection/epsilon-data/ab0d973bae05b54d68d82d068211015996cfec06/xml/darwin-correspondence/letters/DCP-LETT-175.xml,https://www.darwinproject.ac.uk/letter/?docId=letters/DCP-LETT-175.xml
DCP-LETT-176,Darwin,C. R.,Darwin,Catherine,1832-07-05,5 July [1832],"Rio de Janeiro, HMS Beagle",,DAR 223,,,DCP-LETT-176.xml,safe_within_period,from_darwin,1832-07-05,1832-07-05,single_xml_day,False,editorially_supplied_component,dated_grounding_unless_inbound_reply_link_is_established,data/raw/epsilon/ab0d973bae05b54d68d82d068211015996cfec06/letters/DCP-LETT-176.xml,5dc7da7e6ca6f9f858512d2c6d56d7920fdbab1ed9226a322dc15399e87470db,https://raw.githubusercontent.com/cambridge-collection/epsilon-data/ab0d973bae05b54d68d82d068211015996cfec06/xml/darwin-correspondence/letters/DCP-LETT-176.xml,https://www.darwinproject.ac.uk/letter/?docId=letters/DCP-LETT-176.xml
DCP-LETT-177,Darwin,C. R.,Darwin,S. E.,1832-07-14,14 July – 7 Aug [1832],At sea and Montevideo,,DAR 223,,,DCP-LETT-177.xml,safe_within_period,from_darwin,1832-07-14,1832-08-07,bounded_range,True,editorially_supplied_component,dated_grounding_unless_inbound_reply_link_is_established,data/raw/epsilon/ab0d973bae05b54d68d82d068211015996cfec06/letters/DCP-LETT-177.xml,f86a4d8e3c463eac7131dfc2c1f0b39cf9eaffa4735a9c50fa9b88a78d097d62,https://raw.githubusercontent.com/cambridge-collection/epsilon-data/ab0d973bae05b54d68d82d068211015996cfec06/xml/darwin-correspondence/letters/DCP-LETT-177.xml,https://www.darwinproject.ac.uk/letter/?docId=letters/DCP-LETT-177.xml
DCP-LETT-178,Darwin,C. R.,Henslow,J. S.,1832-07-23,[23 July –] 15 Aug [1832],Montevideo,,"Royal Botanic Gardens, Kew (Henslow letters: 13 DAR/1/1/13)",,,DCP-LETT-178.xml,safe_within_period,from_darwin,1832-07-23,1832-08-15,bounded_range,True,editorially_supplied_component,dated_grounding_unless_inbound_reply_link_is_established,data/raw/epsilon/ab0d973bae05b54d68d82d068211015996cfec06/letters/DCP-LETT-178.xml,0d219f39b5d6cdd685ebeaa84857dff22007a31ffb60bb217d7a44a9abc3530f,https://raw.githubusercontent.com/cambridge-collection/epsilon-data/ab0d973bae05b54d68d82d068211015996cfec06/xml/darwin-correspondence/letters/DCP-LETT-178.xml,https://www.darwinproject.ac.uk/letter/?docId=letters/DCP-LETT-178.xml
DCP-LETT-179,Darwin,Catherine,Darwin,C. R.,1832-07-25,25 July [– 3 Aug] 1832,Shrewsbury,,DAR 204: 85,,,DCP-LETT-179.xml,safe_within_period,to_darwin,1832-07-25,1832-08-03,bounded_range,True,editorially_supplied_component,incoming_context_pending_receipt_and_reply_evidence,data/raw/epsilon/ab0d973bae05b54d68d82d068211015996cfec06/letters/DCP-LETT-179.xml,d55226cc59414963a0a1f0cc9fd46583c87e39718a345db7201f3096f6af94b7,https://raw.githubusercontent.com/cambridge-collection/epsilon-data/ab0d973bae05b54d68d82d068211015996cfec06/xml/darwin-correspondence/letters/DCP-LETT-179.xml,https://www.darwinproject.ac.uk/letter/?docId=letters/DCP-LETT-179.xml
DCP-LETT-180,Darwin,S. E.,Darwin,C. R.,1832-08-15,15[–18] Aug 1832,Shrewsbury,,DAR 204: 97,,,DCP-LETT-180.xml,safe_within_period,to_darwin,1832-08-15,1832-08-18,bounded_range,True,editorially_supplied_component,incoming_context_pending_receipt_and_reply_evidence,data/raw/epsilon/ab0d973bae05b54d68d82d068211015996cfec06/letters/DCP-LETT-180.xml,f2c15dc1794532b942636c7149f29c0565cb944e8a933fb3668dc5a3c5692fb3,https://raw.githubusercontent.com/cambridge-collection/epsilon-data/ab0d973bae05b54d68d82d068211015996cfec06/xml/darwin-correspondence/letters/DCP-LETT-180.xml,https://www.darwinproject.ac.uk/letter/?docId=letters/DCP-LETT-180.xml
DCP-LETT-181,Darwin,C. R.,Watkins,Frederick,1832-08-18,18 Aug 1832,"Monte Video, Rio Plata",,DAR 148: 292,,,DCP-LETT-181.xml,safe_within_period,from_darwin,1832-08-18,1832-08-18,single_xml_day,False,,dated_grounding_unless_inbound_reply_link_is_established,data/raw/epsilon/ab0d973bae05b54d68d82d068211015996cfec06/letters/DCP-LETT-181.xml,5871769c32096d5af358ea1c1a0df1b04525103d17f0b4b89876e26994287fce,https://raw.githubusercontent.com/cambridge-collection/epsilon-data/ab0d973bae05b54d68d82d068211015996cfec06/xml/darwin-correspondence/letters/DCP-LETT-181.xml,https://www.darwinproject.ac.uk/letter/?docId=letters/DCP-LETT-181.xml
DCP-LETT-182,Darwin,E. A.,Darwin,C. R.,1832-08-18,18 Aug [1832],London,,DAR 204: 93,,,DCP-LETT-182.xml,safe_within_period,to_darwin,1832-08-18,1832-08-18,single_xml_day,False,editorially_supplied_component,incoming_context_pending_receipt_and_reply_evidence,data/raw/epsilon/ab0d973bae05b54d68d82d068211015996cfec06/letters/DCP-LETT-182.xml,56448dec3299f51685f0e5cea8ac30eba1b13aa8901dd29114c2512b6469694c,https://raw.githubusercontent.com/cambridge-collection/epsilon-data/ab0d973bae05b54d68d82d068211015996cfec06/xml/darwin-correspondence/letters/DCP-LETT-182.xml,https://www.darwinproject.ac.uk/letter/?docId=letters/DCP-LETT-182.xml
DCP-LETT-183,Mostyn Owen,S. H.,Darwin,C. R.,1832-08-26,26[–31] Aug 1832,"London, Belgrave St, 1",,DAR 204: 117,,,DCP-LETT-183.xml,safe_within_period,to_darwin,1832-08-26,1832-08-31,bounded_range,True,editorially_supplied_component,incoming_context_pending_receipt_and_reply_evidence,data/raw/epsilon/ab0d973bae05b54d68d82d068211015996cfec06/letters/DCP-LETT-183.xml,d8e15a57ab1261f97a9b742d1e967044e7002de642163c85487c2b480c2680c5,https://raw.githubusercontent.com/cambridge-collection/epsilon-data/ab0d973bae05b54d68d82d068211015996cfec06/xml/darwin-correspondence/letters/DCP-LETT-183.xml,https://www.darwinproject.ac.uk/letter/?docId=letters/DCP-LETT-183.xml
DCP-LETT-184,Fox,W. D.,Darwin,C. R.,1832-08-29,29 Aug & 28 Sept 1832,Ryde,,DAR 204: 107,,,DCP-LETT-184.xml,safe_within_period,to_darwin,1832-08-29,1832-08-29,single_xml_day,False,,incoming_context_pending_receipt_and_reply_evidence,data/raw/epsilon/ab0d973bae05b54d68d82d068211015996cfec06/letters/DCP-LETT-184.xml,1d355c033ba5638d0630e85d2022f3268c51c7dd85273fef67c2277fc844d09b,https://raw.githubusercontent.com/cambridge-collection/epsilon-data/ab0d973bae05b54d68d82d068211015996cfec06/xml/darwin-correspondence/letters/DCP-LETT-184.xml,https://www.darwinproject.ac.uk/letter/?docId=letters/DCP-LETT-184.xml
DCP-LETT-185,Darwin,Caroline,Darwin,C. R.,1832-09-12,12[–18] Sept 1832,Shrewsbury,,DAR 204: 73,,,DCP-LETT-185.xml,safe_within_period,to_darwin,1832-09-12,1832-09-18,bounded_range,True,editorially_supplied_component,incoming_context_pending_receipt_and_reply_evidence,data/raw/epsilon/ab0d973bae05b54d68d82d068211015996cfec06/letters/DCP-LETT-185.xml,d1540282d668b8180f570e6372105e8f0268bac29323ad40451d8b41d753c939,https://raw.githubusercontent.com/cambridge-collection/epsilon-data/ab0d973bae05b54d68d82d068211015996cfec06/xml/darwin-correspondence/letters/DCP-LETT-185.xml,https://www.darwinproject.ac.uk/letter/?docId=letters/DCP-LETT-185.xml
DCP-LETT-186,Wedgwood,Charlotte,Darwin,C. R.,1832-09-27,27 [Sept] 1832,Maer,,DAR 204: 114,,,DCP-LETT-186.xml,safe_within_period,to_darwin,1832-09-27,1832-09-27,single_xml_day,False,editorially_supplied_component,incoming_context_pending_receipt_and_reply_evidence,data/raw/epsilon/ab0d973bae05b54d68d82d068211015996cfec06/letters/DCP-LETT-186.xml,fdd277856999023f6c36be3ca911f26bfea1f0fe37722caaaec9f6f18474f2c8,https://raw.githubusercontent.com/cambridge-collection/epsilon-data/ab0d973bae05b54d68d82d068211015996cfec06/xml/darwin-correspondence/letters/DCP-LETT-186.xml,https://www.darwinproject.ac.uk/letter/?docId=letters/DCP-LETT-186.xml
DCP-LETT-187,Darwin,Catherine,Darwin,C. R.,1832-10-14,14 Oct [1832],Shrewsbury,,DAR 204: 86,,,DCP-LETT-187.xml,safe_within_period,to_darwin,1832-10-14,1832-10-14,single_xml_day,False,editorially_supplied_component,incoming_context_pending_receipt_and_reply_evidence,data/raw/epsilon/ab0d973bae05b54d68d82d068211015996cfec06/letters/DCP-LETT-187.xml,043179d05f03690db696ac5bd1917956695a9ef548c55f3404a85aab16c4c3fc,https://raw.githubusercontent.com/cambridge-collection/epsilon-data/ab0d973bae05b54d68d82d068211015996cfec06/xml/darwin-correspondence/letters/DCP-LETT-187.xml,https://www.darwinproject.ac.uk/letter/?docId=letters/DCP-LETT-187.xml
DCP-LETT-188,Darwin,C. R.,Darwin,Caroline,1832-10-24,24 Oct & 24 Nov [1832],Montevideo,,DAR 223: 15,,,DCP-LETT-188.xml,safe_within_period,from_darwin,1832-10-24,1832-10-24,single_xml_day,False,editorially_supplied_component,dated_grounding_unless_inbound_reply_link_is_established,data/raw/epsilon/ab0d973bae05b54d68d82d068211015996cfec06/letters/DCP-LETT-188.xml,478434a0c0d03b4773dbcc896ab002d1135ba3cab5c79381960cedc0485f3693,https://raw.githubusercontent.com/cambridge-collection/epsilon-data/ab0d973bae05b54d68d82d068211015996cfec06/xml/darwin-correspondence/letters/DCP-LETT-188.xml,https://www.darwinproject.ac.uk/letter/?docId=letters/DCP-LETT-188.xml
DCP-LETT-192,Darwin,C. R.,Henslow,J. S.,1832-10-26,[c. 26 Oct –] 24 Nov [1832],Montevideo,,"Royal Botanic Gardens, Kew (Henslow letters: 14 DAR/1/1/14)",,,DCP-LETT-192.xml,safe_within_period,from_darwin,1832-10-26,1832-11-24,bounded_range,True,editorially_supplied_component; circa,dated_grounding_unless_inbound_reply_link_is_established,data/raw/epsilon/ab0d973bae05b54d68d82d068211015996cfec06/letters/DCP-LETT-192.xml,c205d520533535633b750d38b07df0771a3b85f7b510c7e92454c94526439163,https://raw.githubusercontent.com/cambridge-collection/epsilon-data/ab0d973bae05b54d68d82d068211015996cfec06/xml/darwin-correspondence/letters/DCP-LETT-192.xml,https://www.darwinproject.ac.uk/letter/?docId=letters/DCP-LETT-192.xml
DCP-LETT-190,Hughes,C. L.,Darwin,C. R.,1832-11-02,2 Nov 1832,Buenos Aires,,DAR 34.1: 14–15,,,DCP-LETT-190.xml,safe_within_period,to_darwin,1832-11-02,1832-11-02,single_xml_day,False,,incoming_context_pending_receipt_and_reply_evidence,data/raw/epsilon/ab0d973bae05b54d68d82d068211015996cfec06/letters/DCP-LETT-190.xml,192228405ca77dd50d1c5dd5aaa113765410490171e261558b325f3355406f2b,https://raw.githubusercontent.com/cambridge-collection/epsilon-data/ab0d973bae05b54d68d82d068211015996cfec06/xml/darwin-correspondence/letters/DCP-LETT-190.xml,https://www.darwinproject.ac.uk/letter/?docId=letters/DCP-LETT-190.xml
DCP-LETT-189,Darwin,C. R.,Fox,W. D.,1832-11-12,[12–13] Nov 1832,Rio Plata,,"Christ’s College Library, Cambridge (MS 53 Fox 46a)",,,DCP-LETT-189.xml,safe_within_period,from_darwin,1832-11-12,1832-11-13,bounded_range,True,editorially_supplied_component,dated_grounding_unless_inbound_reply_link_is_established,data/raw/epsilon/ab0d973bae05b54d68d82d068211015996cfec06/letters/DCP-LETT-189.xml,45750c3f064bedf405ed846c1a170cefdf63614bc6c735c34a48c0b4b2386c4e,https://raw.githubusercontent.com/cambridge-collection/epsilon-data/ab0d973bae05b54d68d82d068211015996cfec06/xml/darwin-correspondence/letters/DCP-LETT-189.xml,https://www.darwinproject.ac.uk/letter/?docId=letters/DCP-LETT-189.xml
DCP-LETT-191,Darwin,S. E.,Darwin,C. R.,1832-11-12,12 & 18 Nov 1832,Shrewsbury,,DAR 204: 98,,,DCP-LETT-191.xml,safe_within_period,to_darwin,1832-11-12,1832-11-12,single_xml_day,False,,incoming_context_pending_receipt_and_reply_evidence,data/raw/epsilon/ab0d973bae05b54d68d82d068211015996cfec06/letters/DCP-LETT-191.xml,57dd7750c009023a10c4567a6aa5807456b2eaf5748e8b91fd01031e42281549,https://raw.githubusercontent.com/cambridge-collection/epsilon-data/ab0d973bae05b54d68d82d068211015996cfec06/xml/darwin-correspondence/letters/DCP-LETT-191.xml,https://www.darwinproject.ac.uk/letter/?docId=letters/DCP-LETT-191.xml
DCP-LETT-193,Herbert,J. M.,Darwin,C. R.,1832-12-01,1[–4] Dec 1832,Manchester,,DAR 204: 112,,,DCP-LETT-193.xml,safe_within_period,to_darwin,1832-12-01,1832-12-01,single_xml_day,False,editorially_supplied_component,incoming_context_pending_receipt_and_reply_evidence,data/raw/epsilon/ab0d973bae05b54d68d82d068211015996cfec06/letters/DCP-LETT-193.xml,b8663f13719c8d99987dfa47f9c44500b7dcea3eaad742f51b2f2490237e91ca,https://raw.githubusercontent.com/cambridge-collection/epsilon-data/ab0d973bae05b54d68d82d068211015996cfec06/xml/darwin-correspondence/letters/DCP-LETT-193.xml,https://www.darwinproject.ac.uk/letter/?docId=letters/DCP-LETT-193.xml
DCP-LETT-195,Darwin,Caroline,Darwin,C. R.,1833-01-13,13 Jan 1833,Shrewsbury,,DAR 204: 74,,,DCP-LETT-195.xml,safe_within_period,to_darwin,1833-01-13,1833-01-13,single_xml_day,False,,incoming_context_pending_receipt_and_reply_evidence,data/raw/epsilon/ab0d973bae05b54d68d82d068211015996cfec06/letters/DCP-LETT-195.xml,275b04b548b0f6c428b48e5423b17caaddbad51dd504d56d8aa13324e5c701dc,https://raw.githubusercontent.com/cambridge-collection/epsilon-data/ab0d973bae05b54d68d82d068211015996cfec06/xml/darwin-correspondence/letters/DCP-LETT-195.xml,https://www.darwinproject.ac.uk/letter/?docId=letters/DCP-LETT-195.xml
DCP-LETT-196,Henslow,J. S.,Darwin,C. R.,1833-01-15,15 and 21 Jan 1833,Cambridge,,DAR 204: 111,,,DCP-LETT-196.xml,safe_within_period,to_darwin,1833-01-15,1833-01-21,multiple_recorded_dates,True,,incoming_context_pending_receipt_and_reply_evidence,data/raw/epsilon/ab0d973bae05b54d68d82d068211015996cfec06/letters/DCP-LETT-196.xml,c48a9c6bb66640f823286949140c10364c0dad5a7dbefc6949bc4357ff40e927,https://raw.githubusercontent.com/cambridge-collection/epsilon-data/ab0d973bae05b54d68d82d068211015996cfec06/xml/darwin-correspondence/letters/DCP-LETT-196.xml,https://www.darwinproject.ac.uk/letter/?docId=letters/DCP-LETT-196.xml
DCP-LETT-197,Fox,W. D.,Darwin,C. R.,1833-01-23,23 Jan 1833,Ryde,,DAR 204: 121,,,DCP-LETT-197.xml,safe_within_period,to_darwin,1833-01-23,1833-01-23,single_xml_day,False,,incoming_context_pending_receipt_and_reply_evidence,data/raw/epsilon/ab0d973bae05b54d68d82d068211015996cfec06/letters/DCP-LETT-197.xml,d16b3a4ba689d0573dc8c1ec6c41ce6ed6a339bb2f3028109d9978d4ef8db36e,https://raw.githubusercontent.com/cambridge-collection/epsilon-data/ab0d973bae05b54d68d82d068211015996cfec06/xml/darwin-correspondence/letters/DCP-LETT-197.xml,https://www.darwinproject.ac.uk/letter/?docId=letters/DCP-LETT-197.xml
DCP-LETT-200,Darwin,S. E.,Darwin,C. R.,1833-03-03,3 & 6 Mar 1833,Shrewsbury,,DAR 204: 99,,,DCP-LETT-200.xml,safe_within_period,to_darwin,1833-03-03,1833-03-03,single_xml_day,False,,incoming_context_pending_receipt_and_reply_evidence,data/raw/epsilon/ab0d973bae05b54d68d82d068211015996cfec06/letters/DCP-LETT-200.xml,7125992b4397aa2bbf110c2f83e297de30dad71f6393aab93cc7b07c21fdc279,https://raw.githubusercontent.com/cambridge-collection/epsilon-data/ab0d973bae05b54d68d82d068211015996cfec06/xml/darwin-correspondence/letters/DCP-LETT-200.xml,https://www.darwinproject.ac.uk/letter/?docId=letters/DCP-LETT-200.xml
DCP-LETT-201,Darwin,R. W.,Darwin,C. R.,1833-03-07,7 Mar 1833,Salop,,DAR 204: 94,,,DCP-LETT-201.xml,safe_within_period,to_darwin,1833-03-07,1833-03-07,single_xml_day,False,,incoming_context_pending_receipt_and_reply_evidence,data/raw/epsilon/ab0d973bae05b54d68d82d068211015996cfec06/letters/DCP-LETT-201.xml,800fd46e02a11e0c03ee261b7b628297f314c0f55aabbe8deedff4b0dc11e20a,https://raw.githubusercontent.com/cambridge-collection/epsilon-data/ab0d973bae05b54d68d82d068211015996cfec06/xml/darwin-correspondence/letters/DCP-LETT-201.xml,https://www.darwinproject.ac.uk/letter/?docId=letters/DCP-LETT-201.xml
DCP-LETT-202,Darwin,Caroline,Darwin,C. R.,1833-03-07,7 Mar [1833],Shrewsbury,,DAR 204: 75,,,DCP-LETT-202.xml,safe_within_period,to_darwin,1833-03-07,1833-03-07,single_xml_day,False,editorially_supplied_component,incoming_context_pending_receipt_and_reply_evidence,data/raw/epsilon/ab0d973bae05b54d68d82d068211015996cfec06/letters/DCP-LETT-202.xml,9cea2dc450caea5f9155842d311bf5f165f68544f2b90cee7d392ddb4cac41db,https://raw.githubusercontent.com/cambridge-collection/epsilon-data/ab0d973bae05b54d68d82d068211015996cfec06/xml/darwin-correspondence/letters/DCP-LETT-202.xml,https://www.darwinproject.ac.uk/letter/?docId=letters/DCP-LETT-202.xml
DCP-LETT-203,Darwin,C. R.,Darwin,Caroline,1833-03-30,30 Mar – 12 Apr 1833,"Falkland Islands, Berkeley Sound",,DAR 223,,,DCP-LETT-203.xml,safe_within_period,from_darwin,1833-03-30,1833-04-12,bounded_range,True,,dated_grounding_unless_inbound_reply_link_is_established,data/raw/epsilon/ab0d973bae05b54d68d82d068211015996cfec06/letters/DCP-LETT-203.xml,675387147da907ec0f47dc390785be5e5e27d1e9c932d320c5c80419056773d9,https://raw.githubusercontent.com/cambridge-collection/epsilon-data/ab0d973bae05b54d68d82d068211015996cfec06/xml/darwin-correspondence/letters/DCP-LETT-203.xml,https://www.darwinproject.ac.uk/letter/?docId=letters/DCP-LETT-203.xml
DCP-LETT-204,Darwin,C. R.,Henslow,J. S.,1833-04-11,11 Apr 1833,HMS Beagle,,"Royal Botanic Gardens, Kew (Henslow letters: 17 DAR/1/1/17)",,,DCP-LETT-204.xml,safe_within_period,from_darwin,1833-04-11,1833-04-11,single_xml_day,False,,dated_grounding_unless_inbound_reply_link_is_established,data/raw/epsilon/ab0d973bae05b54d68d82d068211015996cfec06/letters/DCP-LETT-204.xml,0b78e4754cb3271ebee9bb2a4caf15755a9ecc29867ae848cecc1f9fdf0c67a1,https://raw.githubusercontent.com/cambridge-collection/epsilon-data/ab0d973bae05b54d68d82d068211015996cfec06/xml/darwin-correspondence/letters/DCP-LETT-204.xml,https://www.darwinproject.ac.uk/letter/?docId=letters/DCP-LETT-204.xml
DCP-LETT-205,Darwin,Caroline,Darwin,C. R.,1833-05-01,1–4 May 1833,Shrewsbury,,DAR 204: 76,,,DCP-LETT-205.xml,safe_within_period,to_darwin,1833-05-01,1833-05-04,bounded_range,True,,incoming_context_pending_receipt_and_reply_evidence,data/raw/epsilon/ab0d973bae05b54d68d82d068211015996cfec06/letters/DCP-LETT-205.xml,7bcd3978d13fbe365c566f1eba12e649ca62f1764182bdb77dce77f9dde150b1,https://raw.githubusercontent.com/cambridge-collection/epsilon-data/ab0d973bae05b54d68d82d068211015996cfec06/xml/darwin-correspondence/letters/DCP-LETT-205.xml,https://www.darwinproject.ac.uk/letter/?docId=letters/DCP-LETT-205.xml
DCP-LETT-206,Darwin,C. R.,Darwin,Catherine,1833-05-22,22 May – 14 July 1833,"Maldonado, Rio Plata",,DAR 223,,,DCP-LETT-206.xml,safe_within_period,from_darwin,1833-05-22,1833-07-14,bounded_range,True,,dated_grounding_unless_inbound_reply_link_is_established,data/raw/epsilon/ab0d973bae05b54d68d82d068211015996cfec06/letters/DCP-LETT-206.xml,86b9820cce4f3addfb846dd031df3e6a56058f49c90ab9cc95dce5e191bcd448,https://raw.githubusercontent.com/cambridge-collection/epsilon-data/ab0d973bae05b54d68d82d068211015996cfec06/xml/darwin-correspondence/letters/DCP-LETT-206.xml,https://www.darwinproject.ac.uk/letter/?docId=letters/DCP-LETT-206.xml
DCP-LETT-207,Darwin,C. R.,Fox,W. D.,1833-05-23,23 May 1833,"Maldonado, Rio Plata",,"Christ’s College Library, Cambridge (MS 53 Fox 46b)",,,DCP-LETT-207.xml,safe_within_period,from_darwin,1833-05-23,1833-05-23,single_xml_day,False,,dated_grounding_unless_inbound_reply_link_is_established,data/raw/epsilon/ab0d973bae05b54d68d82d068211015996cfec06/letters/DCP-LETT-207.xml,5f868ff23ef1faf1d4e4cb54fb6592fa1227c4c07568e9725bd8ba5c4a75b0ff,https://raw.githubusercontent.com/cambridge-collection/epsilon-data/ab0d973bae05b54d68d82d068211015996cfec06/xml/darwin-correspondence/letters/DCP-LETT-207.xml,https://www.darwinproject.ac.uk/letter/?docId=letters/DCP-LETT-207.xml
DCP-LETT-208,Darwin,Catherine,Darwin,C. R.,1833-05-29,29 May 1833,"London, Regent St",,DAR 204: 87,,,DCP-LETT-208.xml,safe_within_period,to_darwin,1833-05-29,1833-05-29,single_xml_day,False,,incoming_context_pending_receipt_and_reply_evidence,data/raw/epsilon/ab0d973bae05b54d68d82d068211015996cfec06/letters/DCP-LETT-208.xml,e4e6a93b99af3839617b0c5023dfa3f6484e1d72049a1fd769419cc41be55a15,https://raw.githubusercontent.com/cambridge-collection/epsilon-data/ab0d973bae05b54d68d82d068211015996cfec06/xml/darwin-correspondence/letters/DCP-LETT-208.xml,https://www.darwinproject.ac.uk/letter/?docId=letters/DCP-LETT-208.xml
DCP-LETT-209,Darwin,C. R.,Herbert,J. M.,1833-06-02,2 June 1833,"Maldonado, Rio Plata",,American Philosophical Society (Mss.B.D25.5),,,DCP-LETT-209.xml,safe_within_period,from_darwin,1833-06-02,1833-06-02,single_xml_day,False,,dated_grounding_unless_inbound_reply_link_is_established,data/raw/epsilon/ab0d973bae05b54d68d82d068211015996cfec06/letters/DCP-LETT-209.xml,b71eaede946df70a319258b029a02e8b878dd3063528aba7e80e8abac641607f,https://raw.githubusercontent.com/cambridge-collection/epsilon-data/ab0d973bae05b54d68d82d068211015996cfec06/xml/darwin-correspondence/letters/DCP-LETT-209.xml,https://www.darwinproject.ac.uk/letter/?docId=letters/DCP-LETT-209.xml
DCP-LETT-210,Darwin,C. R.,Henslow,J. S.,1833-07-18,18 July 1833,"Rio de la Plata, HMS Beagle",,"Royal Botanic Gardens, Kew (Henslow letters: 18 DAR/1/1/18)",,,DCP-LETT-210.xml,safe_within_period,from_darwin,1833-07-18,1833-07-18,single_xml_day,False,,dated_grounding_unless_inbound_reply_link_is_established,data/raw/epsilon/ab0d973bae05b54d68d82d068211015996cfec06/letters/DCP-LETT-210.xml,6e24a44844185151df4daf00e24bc75fa5e94048306b84f732ab3cca3ec5e450,https://raw.githubusercontent.com/cambridge-collection/epsilon-data/ab0d973bae05b54d68d82d068211015996cfec06/xml/darwin-correspondence/letters/DCP-LETT-210.xml,https://www.darwinproject.ac.uk/letter/?docId=letters/DCP-LETT-210.xml
DCP-LETT-211,Darwin,S. E.,Darwin,C. R.,1833-07-22,22 & 31 July 1833,Osmaston and Shrewsbury,,DAR 204: 100,,,DCP-LETT-211.xml,safe_within_period,to_darwin,1833-07-22,1833-07-22,single_xml_day,False,,incoming_context_pending_receipt_and_reply_evidence,data/raw/epsilon/ab0d973bae05b54d68d82d068211015996cfec06/letters/DCP-LETT-211.xml,1216282f1cb1ec965fc55da91de8d701432078b62a025cfda559b3808e3e8452,https://raw.githubusercontent.com/cambridge-collection/epsilon-data/ab0d973bae05b54d68d82d068211015996cfec06/xml/darwin-correspondence/letters/DCP-LETT-211.xml,https://www.darwinproject.ac.uk/letter/?docId=letters/DCP-LETT-211.xml
DCP-LETT-212,FitzRoy,Robert,Darwin,C. R.,1833-08-24,24 [Aug 1833],"HMS Beagle, off M. Megatherii (Punta Alta)",,DAR 204: 117,,,DCP-LETT-212.xml,safe_within_period,to_darwin,1833-08-24,1833-08-24,single_xml_day,False,editorially_supplied_component,incoming_context_pending_receipt_and_reply_evidence,data/raw/epsilon/ab0d973bae05b54d68d82d068211015996cfec06/letters/DCP-LETT-212.xml,524f738ffa8930b76cf77110d3680fbd1e49773aee614ebe1c66bcf12fdf21ce,https://raw.githubusercontent.com/cambridge-collection/epsilon-data/ab0d973bae05b54d68d82d068211015996cfec06/xml/darwin-correspondence/letters/DCP-LETT-212.xml,https://www.darwinproject.ac.uk/letter/?docId=letters/DCP-LETT-212.xml
DCP-LETT-213,Henslow,J. S.,Darwin,C. R.,1833-08-31,31 Aug 1833,Cambridge,,DAR 97(ser. 2): 14–15,,,DCP-LETT-213.xml,safe_within_period,to_darwin,1833-08-31,1833-08-31,single_xml_day,False,,incoming_context_pending_receipt_and_reply_evidence,data/raw/epsilon/ab0d973bae05b54d68d82d068211015996cfec06/letters/DCP-LETT-213.xml,d540bf649787fe7295d1d927ee2f0d39a8cd97c092055ea4b056a5d8ac7564ab,https://raw.githubusercontent.com/cambridge-collection/epsilon-data/ab0d973bae05b54d68d82d068211015996cfec06/xml/darwin-correspondence/letters/DCP-LETT-213.xml,https://www.darwinproject.ac.uk/letter/?docId=letters/DCP-LETT-213.xml
DCP-LETT-214,Darwin,Caroline,Darwin,C. R.,1833-09-01,1 Sept 1833,Shrewsbury,,DAR 204: 77,,,DCP-LETT-214.xml,safe_within_period,to_darwin,1833-09-01,1833-09-01,single_xml_day,False,,incoming_context_pending_receipt_and_reply_evidence,data/raw/epsilon/ab0d973bae05b54d68d82d068211015996cfec06/letters/DCP-LETT-214.xml,75ff9269f5f6419bf39b4fcf09f03b64355e95fe6e997b405ef781660ab7f243,https://raw.githubusercontent.com/cambridge-collection/epsilon-data/ab0d973bae05b54d68d82d068211015996cfec06/xml/darwin-correspondence/letters/DCP-LETT-214.xml,https://www.darwinproject.ac.uk/letter/?docId=letters/DCP-LETT-214.xml
DCP-LETT-215,Darwin,C. R.,Darwin,Caroline,1833-09-20,20 Sept [1833],Buenos Ayres,,DAR 223,,,DCP-LETT-215.xml,safe_within_period,from_darwin,1833-09-20,1833-09-20,single_xml_day,False,editorially_supplied_component,dated_grounding_unless_inbound_reply_link_is_established,data/raw/epsilon/ab0d973bae05b54d68d82d068211015996cfec06/letters/DCP-LETT-215.xml,2164b889dddc25875509518cb936f424c8cbe35e988ef37eed0fa4e1d6c8a770,https://raw.githubusercontent.com/cambridge-collection/epsilon-data/ab0d973bae05b54d68d82d068211015996cfec06/xml/darwin-correspondence/letters/DCP-LETT-215.xml,https://www.darwinproject.ac.uk/letter/?docId=letters/DCP-LETT-215.xml
DCP-LETT-216,Darwin,C. R.,Henslow,J. S.,1833-09-20,[20–7] Sept 1833,Buenos Ayres,,"Royal Botanic Gardens, Kew (Henslow letters: 19 DAR/1/1/19)",,,DCP-LETT-216.xml,safe_within_period,from_darwin,1833-09-20,1833-09-27,bounded_range,True,editorially_supplied_component,dated_grounding_unless_inbound_reply_link_is_established,data/raw/epsilon/ab0d973bae05b54d68d82d068211015996cfec06/letters/DCP-LETT-216.xml,826da9cf0d603bf75596eb1bff65caef015f923b258ca90d7f234bfb966458b9,https://raw.githubusercontent.com/cambridge-collection/epsilon-data/ab0d973bae05b54d68d82d068211015996cfec06/xml/darwin-correspondence/letters/DCP-LETT-216.xml,https://www.darwinproject.ac.uk/letter/?docId=letters/DCP-LETT-216.xml
DCP-LETT-217,Darwin,Catherine,Darwin,C. R.,1833-09-27,27 Sept 1833,Shrewsbury,,DAR 204: 88,,,DCP-LETT-217.xml,safe_within_period,to_darwin,1833-09-27,1833-09-27,single_xml_day,False,,incoming_context_pending_receipt_and_reply_evidence,data/raw/epsilon/ab0d973bae05b54d68d82d068211015996cfec06/letters/DCP-LETT-217.xml,72637924af455f91b8a0ff428a0d187a4e97f2ecb3a0efb85f7b775934844a00,https://raw.githubusercontent.com/cambridge-collection/epsilon-data/ab0d973bae05b54d68d82d068211015996cfec06/xml/darwin-correspondence/letters/DCP-LETT-217.xml,https://www.darwinproject.ac.uk/letter/?docId=letters/DCP-LETT-217.xml
DCP-LETT-218,FitzRoy,Robert,Darwin,C. R.,1833-10-04,4 Oct 1833,"HMS Beagle, Montevideo",,DAR 204: 120,,,DCP-LETT-218.xml,safe_within_period,to_darwin,1833-10-04,1833-10-04,single_xml_day,False,,incoming_context_pending_receipt_and_reply_evidence,data/raw/epsilon/ab0d973bae05b54d68d82d068211015996cfec06/letters/DCP-LETT-218.xml,c8ef3af2756505ae057122cfba5aa8580af196fd501997d2cd57bf2acb9743b4,https://raw.githubusercontent.com/cambridge-collection/epsilon-data/ab0d973bae05b54d68d82d068211015996cfec06/xml/darwin-correspondence/letters/DCP-LETT-218.xml,https://www.darwinproject.ac.uk/letter/?docId=letters/DCP-LETT-218.xml
DCP-LETT-219,Darwin,S. E.,Darwin,C. R.,1833-10-15,15 Oct 1833,Shrewsbury,,DAR 204: 101,,,DCP-LETT-219.xml,safe_within_period,to_darwin,1833-10-15,1833-10-15,single_xml_day,False,,incoming_context_pending_receipt_and_reply_evidence,data/raw/epsilon/ab0d973bae05b54d68d82d068211015996cfec06/letters/DCP-LETT-219.xml,22747557eb9af553569a4bc33c10f8d59ddc0a054a84634d0da1d31edb33043a,https://raw.githubusercontent.com/cambridge-collection/epsilon-data/ab0d973bae05b54d68d82d068211015996cfec06/xml/darwin-correspondence/letters/DCP-LETT-219.xml,https://www.darwinproject.ac.uk/letter/?docId=letters/DCP-LETT-219.xml
DCP-LETT-220,Williams,S. H. M.,Darwin,C. R.,1833-10-21,21 Oct 1833,Eaton,,DAR 204: 62,,,DCP-LETT-220.xml,safe_within_period,to_darwin,1833-10-21,1833-10-21,single_xml_day,False,,incoming_context_pending_receipt_and_reply_evidence,data/raw/epsilon/ab0d973bae05b54d68d82d068211015996cfec06/letters/DCP-LETT-220.xml,9e16740df97f0b4b800083587a2869ef3540dea89af3207dae9c74d78c2e393d,https://raw.githubusercontent.com/cambridge-collection/epsilon-data/ab0d973bae05b54d68d82d068211015996cfec06/xml/darwin-correspondence/letters/DCP-LETT-220.xml,https://www.darwinproject.ac.uk/letter/?docId=letters/DCP-LETT-220.xml
DCP-LETT-221,Mostyn Owen,Fanny,Darwin,C. R.,1833-10-21,[c. 21 Oct 1833],Chirk Castle,,DAR 204: 56,,,DCP-LETT-221.xml,safe_within_period,to_darwin,1833-10-21,1833-10-21,single_xml_day,True,editorially_supplied_component; circa,incoming_context_pending_receipt_and_reply_evidence,data/raw/epsilon/ab0d973bae05b54d68d82d068211015996cfec06/letters/DCP-LETT-221.xml,c5376a5186f30822c019e18165e79bfeece49c31e455350b558b7037c0aeb1ac,https://raw.githubusercontent.com/cambridge-collection/epsilon-data/ab0d973bae05b54d68d82d068211015996cfec06/xml/darwin-correspondence/letters/DCP-LETT-221.xml,https://www.darwinproject.ac.uk/letter/?docId=letters/DCP-LETT-221.xml
DCP-LETT-222,Darwin,C. R.,Darwin,Caroline,1833-10-23,23 [Oct 1833],Buenos Ayres,,DAR 223,,,DCP-LETT-222.xml,safe_within_period,from_darwin,1833-10-23,1833-10-23,single_xml_day,False,editorially_supplied_component,dated_grounding_unless_inbound_reply_link_is_established,data/raw/epsilon/ab0d973bae05b54d68d82d068211015996cfec06/letters/DCP-LETT-222.xml,f34a8879e69c199712f1a661fbd243bc3156c666dca5a75973a88a1a225707cc,https://raw.githubusercontent.com/cambridge-collection/epsilon-data/ab0d973bae05b54d68d82d068211015996cfec06/xml/darwin-correspondence/letters/DCP-LETT-222.xml,https://www.darwinproject.ac.uk/letter/?docId=letters/DCP-LETT-222.xml
DCP-LETT-223,Darwin,C. R.,Fox,W. D.,1833-10-25,25 Oct 1833,Buenos Aires,,"Christ’s College Library, Cambridge (MS 53 Fox 46c)",,,DCP-LETT-223.xml,safe_within_period,from_darwin,1833-10-25,1833-10-25,single_xml_day,False,,dated_grounding_unless_inbound_reply_link_is_established,data/raw/epsilon/ab0d973bae05b54d68d82d068211015996cfec06/letters/DCP-LETT-223.xml,dd10364f956facb3ae703c76b6d25c960c393be1f5ce608220d8e0f8ebd918a3,https://raw.githubusercontent.com/cambridge-collection/epsilon-data/ab0d973bae05b54d68d82d068211015996cfec06/xml/darwin-correspondence/letters/DCP-LETT-223.xml,https://www.darwinproject.ac.uk/letter/?docId=letters/DCP-LETT-223.xml
DCP-LETT-224,Darwin,Caroline,Darwin,C. R.,1833-10-28,28 Oct [1833],Shrewsbury,,DAR 204: 78,,,DCP-LETT-224.xml,safe_within_period,to_darwin,1833-10-28,1833-10-28,single_xml_day,False,editorially_supplied_component,incoming_context_pending_receipt_and_reply_evidence,data/raw/epsilon/ab0d973bae05b54d68d82d068211015996cfec06/letters/DCP-LETT-224.xml,78065a5da31b61f0d4d20f1d0f3eb2d47ae93e0a1e5a1473fa34cdfb0776789d,https://raw.githubusercontent.com/cambridge-collection/epsilon-data/ab0d973bae05b54d68d82d068211015996cfec06/xml/darwin-correspondence/letters/DCP-LETT-224.xml,https://www.darwinproject.ac.uk/letter/?docId=letters/DCP-LETT-224.xml
DCP-LETT-225,Darwin,Catherine,Darwin,C. R.,1833-10-29,29 Oct 1833,Shrewsbury,,DAR 204: 89,,,DCP-LETT-225.xml,safe_within_period,to_darwin,1833-10-29,1833-10-29,single_xml_day,False,,incoming_context_pending_receipt_and_reply_evidence,data/raw/epsilon/ab0d973bae05b54d68d82d068211015996cfec06/letters/DCP-LETT-225.xml,aab7b08b6b3ebbd8181cadcf3da2585e9e93fbc6222e2f4fd65f4efa56f31b88,https://raw.githubusercontent.com/cambridge-collection/epsilon-data/ab0d973bae05b54d68d82d068211015996cfec06/xml/darwin-correspondence/letters/DCP-LETT-225.xml,https://www.darwinproject.ac.uk/letter/?docId=letters/DCP-LETT-225.xml
DCP-LETT-226,Fox,H. S.,Darwin,C. R.,1833-10-31,31 Oct 1833,Rio de Janeiro,,DAR 39.1: 1–4,,,DCP-LETT-226.xml,safe_within_period,to_darwin,1833-10-31,1833-10-31,single_xml_day,False,,incoming_context_pending_receipt_and_reply_evidence,data/raw/epsilon/ab0d973bae05b54d68d82d068211015996cfec06/letters/DCP-LETT-226.xml,0265e8a47a160e756b99824dc9cae1f99a983081c4adcac5daf6682211d309f8,https://raw.githubusercontent.com/cambridge-collection/epsilon-data/ab0d973bae05b54d68d82d068211015996cfec06/xml/darwin-correspondence/letters/DCP-LETT-226.xml,https://www.darwinproject.ac.uk/letter/?docId=letters/DCP-LETT-226.xml
DCP-LETT-227,Darwin,C. R.,Hope,F. W.,1833-11-01,1 Nov 1833,Buenos Aires,,Oxford University Museum (Hope Entomological collections),,,DCP-LETT-227.xml,safe_within_period,from_darwin,1833-11-01,1833-11-01,single_xml_day,False,,dated_grounding_unless_inbound_reply_link_is_established,data/raw/epsilon/ab0d973bae05b54d68d82d068211015996cfec06/letters/DCP-LETT-227.xml,61244afaef0a08bf91023483905476cc41a86c78794bdcc0c810cf9cb057dd59,https://raw.githubusercontent.com/cambridge-collection/epsilon-data/ab0d973bae05b54d68d82d068211015996cfec06/xml/darwin-correspondence/letters/DCP-LETT-227.xml,https://www.darwinproject.ac.uk/letter/?docId=letters/DCP-LETT-227.xml
DCP-LETT-228,Eyton,T. C.,Darwin,C. R.,1833-11-12,12 Nov 1833,Shrewsbury,,DAR 204: 118,,,DCP-LETT-228.xml,safe_within_period,to_darwin,1833-11-12,1833-11-12,single_xml_day,False,,incoming_context_pending_receipt_and_reply_evidence,data/raw/epsilon/ab0d973bae05b54d68d82d068211015996cfec06/letters/DCP-LETT-228.xml,c22b91d47d6176b2a3f2edee35acebc0aac18542d05d9dad952f8ff821c99720,https://raw.githubusercontent.com/cambridge-collection/epsilon-data/ab0d973bae05b54d68d82d068211015996cfec06/xml/darwin-correspondence/letters/DCP-LETT-228.xml,https://www.darwinproject.ac.uk/letter/?docId=letters/DCP-LETT-228.xml
DCP-LETT-229,Darwin,C. R.,Henslow,J. S.,1833-11-12,12 Nov 1833,Montevideo,,"Royal Botanic Gardens, Kew (Henslow letters: 20 DAR/1/1/20)",,,DCP-LETT-229.xml,safe_within_period,from_darwin,1833-11-12,1833-11-12,single_xml_day,False,,dated_grounding_unless_inbound_reply_link_is_established,data/raw/epsilon/ab0d973bae05b54d68d82d068211015996cfec06/letters/DCP-LETT-229.xml,fa66681ccfe7eb115ab8eabc9a89e06214183f2a8f3bf500fdaad86ded1f0fba,https://raw.githubusercontent.com/cambridge-collection/epsilon-data/ab0d973bae05b54d68d82d068211015996cfec06/xml/darwin-correspondence/letters/DCP-LETT-229.xml,https://www.darwinproject.ac.uk/letter/?docId=letters/DCP-LETT-229.xml
DCP-LETT-230,Darwin,C. R.,Darwin,Caroline,1833-11-13,13 Nov 1833,Montevideo,,DAR 223,,,DCP-LETT-230.xml,safe_within_period,from_darwin,1833-11-13,1833-11-13,single_xml_day,False,,dated_grounding_unless_inbound_reply_link_is_established,data/raw/epsilon/ab0d973bae05b54d68d82d068211015996cfec06/letters/DCP-LETT-230.xml,9a21ed0a0b1c848801ba58131906f50f581723e65a1c9fc8e47ed3c1e52c2383,https://raw.githubusercontent.com/cambridge-collection/epsilon-data/ab0d973bae05b54d68d82d068211015996cfec06/xml/darwin-correspondence/letters/DCP-LETT-230.xml,https://www.darwinproject.ac.uk/letter/?docId=letters/DCP-LETT-230.xml
DCP-LETT-231,Lumb,Edward,Darwin,C. R.,1833-11-13,13 Nov 1833,Buenos Aires,,DAR 204: 122,,,DCP-LETT-231.xml,safe_within_period,to_darwin,1833-11-13,1833-11-13,single_xml_day,False,,incoming_context_pending_receipt_and_reply_evidence,data/raw/epsilon/ab0d973bae05b54d68d82d068211015996cfec06/letters/DCP-LETT-231.xml,eca690afa5f549f0f0d553aad137bbe26ca723e25e3f2ae21e95fb806cf6abd0,https://raw.githubusercontent.com/cambridge-collection/epsilon-data/ab0d973bae05b54d68d82d068211015996cfec06/xml/darwin-correspondence/letters/DCP-LETT-231.xml,https://www.darwinproject.ac.uk/letter/?docId=letters/DCP-LETT-231.xml
DCP-LETT-232,Darwin,Catherine,Darwin,C. R.,1833-11-27,27 Nov 1833,Shrewsbury,,DAR 204: 90,,,DCP-LETT-232.xml,safe_within_period,to_darwin,1833-11-27,1833-11-27,single_xml_day,False,,incoming_context_pending_receipt_and_reply_evidence,data/raw/epsilon/ab0d973bae05b54d68d82d068211015996cfec06/letters/DCP-LETT-232.xml,60abc6842f7d21567f08164377c053c10c36f9643006bc38e72d13dc794102fe,https://raw.githubusercontent.com/cambridge-collection/epsilon-data/ab0d973bae05b54d68d82d068211015996cfec06/xml/darwin-correspondence/letters/DCP-LETT-232.xml,https://www.darwinproject.ac.uk/letter/?docId=letters/DCP-LETT-232.xml
DCP-LETT-233,Darwin,C. R.,Darwin,S. E.,1833-12-03,3 Dec [1833],Monte Video,,DAR 154: 80,,,DCP-LETT-233.xml,safe_within_period,from_darwin,1833-12-03,1833-12-03,single_xml_day,False,editorially_supplied_component,dated_grounding_unless_inbound_reply_link_is_established,data/raw/epsilon/ab0d973bae05b54d68d82d068211015996cfec06/letters/DCP-LETT-233.xml,7a42d64df0469865c8af4732b3cd506d61c9b36d8ccea7d82719da9ef2a2355d,https://raw.githubusercontent.com/cambridge-collection/epsilon-data/ab0d973bae05b54d68d82d068211015996cfec06/xml/darwin-correspondence/letters/DCP-LETT-233.xml,https://www.darwinproject.ac.uk/letter/?docId=letters/DCP-LETT-233.xml
DCP-LETT-234,Darwin,Caroline,Darwin,C. R.,1833-12-30,30 Dec [1833] & 3 Jan 1834,Shrewsbury,,DAR 204: 79,,,DCP-LETT-234.xml,safe_within_period,to_darwin,1833-12-30,1833-12-30,single_xml_day,False,editorially_supplied_component,incoming_context_pending_receipt_and_reply_evidence,data/raw/epsilon/ab0d973bae05b54d68d82d068211015996cfec06/letters/DCP-LETT-234.xml,ec1819c53a4c47ebcee6dfe6ffebafdcef942b361e0681a126fc0b8e441cd1b0,https://raw.githubusercontent.com/cambridge-collection/epsilon-data/ab0d973bae05b54d68d82d068211015996cfec06/xml/darwin-correspondence/letters/DCP-LETT-234.xml,https://www.darwinproject.ac.uk/letter/?docId=letters/DCP-LETT-234.xml
DCP-LETT-235,Hope,F. W.,Darwin,C. R.,1834-01-15,15 Jan 1834,"London, Upper Seymour St, 37",,DAR 204: 127,,,DCP-LETT-235.xml,safe_within_period,to_darwin,1834-01-15,1834-01-15,single_xml_day,False,,incoming_context_pending_receipt_and_reply_evidence,data/raw/epsilon/ab0d973bae05b54d68d82d068211015996cfec06/letters/DCP-LETT-235.xml,c8c0e986abf418f96ea3f46db36793369bfecb4217645c63019cbdb1ccf9301a,https://raw.githubusercontent.com/cambridge-collection/epsilon-data/ab0d973bae05b54d68d82d068211015996cfec06/xml/darwin-correspondence/letters/DCP-LETT-235.xml,https://www.darwinproject.ac.uk/letter/?docId=letters/DCP-LETT-235.xml
DCP-LETT-236,Darwin,Catherine,Darwin,C. R.,1834-01-27,27–30 Jan 1834,Shrewsbury,,DAR 204: 91,,,DCP-LETT-236.xml,safe_within_period,to_darwin,1834-01-27,1834-01-30,bounded_range,True,,incoming_context_pending_receipt_and_reply_evidence,data/raw/epsilon/ab0d973bae05b54d68d82d068211015996cfec06/letters/DCP-LETT-236.xml,71f54ec3e0ed3d41cfad96296960ed4ea10d57dcee554c345126bd88e00078da,https://raw.githubusercontent.com/cambridge-collection/epsilon-data/ab0d973bae05b54d68d82d068211015996cfec06/xml/darwin-correspondence/letters/DCP-LETT-236.xml,https://www.darwinproject.ac.uk/letter/?docId=letters/DCP-LETT-236.xml
DCP-LETT-237,Darwin,S. E.,Darwin,C. R.,1834-02-12,12[–28] Feb 1834,Shrewsbury,,DAR 204: 102,,,DCP-LETT-237.xml,safe_within_period,to_darwin,1834-02-12,1834-02-28,bounded_range,True,editorially_supplied_component,incoming_context_pending_receipt_and_reply_evidence,data/raw/epsilon/ab0d973bae05b54d68d82d068211015996cfec06/letters/DCP-LETT-237.xml,134a7a45ea7e3d3ba15b457ae6be6b15423d9cc49d18de1b9fec5a4707fd4097,https://raw.githubusercontent.com/cambridge-collection/epsilon-data/ab0d973bae05b54d68d82d068211015996cfec06/xml/darwin-correspondence/letters/DCP-LETT-237.xml,https://www.darwinproject.ac.uk/letter/?docId=letters/DCP-LETT-237.xml
DCP-LETT-238,Darwin,C. R.,Henslow,J. S.,1834-03-01,Mar 1834,E ast Falkland Islands,,"Royal Botanic Gardens, Kew (Henslow letters: 21 DAR/1/1/21)",,,DCP-LETT-238.xml,safe_within_period,from_darwin,1834-03-01,1834-03-31,bounded_range,True,,dated_grounding_unless_inbound_reply_link_is_established,data/raw/epsilon/ab0d973bae05b54d68d82d068211015996cfec06/letters/DCP-LETT-238.xml,cc0fa7cfbd3130b6d013d85574a1d9efce81c6588fe97549016d63cc0f24edba,https://raw.githubusercontent.com/cambridge-collection/epsilon-data/ab0d973bae05b54d68d82d068211015996cfec06/xml/darwin-correspondence/letters/DCP-LETT-238.xml,https://www.darwinproject.ac.uk/letter/?docId=letters/DCP-LETT-238.xml
DCP-LETT-239,Darwin,Caroline,Darwin,C. R.,1834-03-09,9 & 28 Mar [1834],Shrewsbury,,DAR 204: 80,,,DCP-LETT-239.xml,safe_within_period,to_darwin,1834-03-09,1834-03-09,single_xml_day,False,editorially_supplied_component,incoming_context_pending_receipt_and_reply_evidence,data/raw/epsilon/ab0d973bae05b54d68d82d068211015996cfec06/letters/DCP-LETT-239.xml,4c92eb34e240538a17bb019382b97cded2b77ed23396b8006b5ca81fac021036,https://raw.githubusercontent.com/cambridge-collection/epsilon-data/ab0d973bae05b54d68d82d068211015996cfec06/xml/darwin-correspondence/letters/DCP-LETT-239.xml,https://www.darwinproject.ac.uk/letter/?docId=letters/DCP-LETT-239.xml
DCP-LETT-240,Herbert,J. M.,Darwin,C. R.,1834-03-28,[28 Mar] 1834,Oxford and Cambridge University Club,,DAR 204: 126,,,DCP-LETT-240.xml,safe_within_period,to_darwin,1834-03-28,1834-03-28,single_xml_day,False,editorially_supplied_component,incoming_context_pending_receipt_and_reply_evidence,data/raw/epsilon/ab0d973bae05b54d68d82d068211015996cfec06/letters/DCP-LETT-240.xml,69588fa7dad0693b3c9af166fc883e250e133c7e701afc2d07f0108924745cf2,https://raw.githubusercontent.com/cambridge-collection/epsilon-data/ab0d973bae05b54d68d82d068211015996cfec06/xml/darwin-correspondence/letters/DCP-LETT-240.xml,https://www.darwinproject.ac.uk/letter/?docId=letters/DCP-LETT-240.xml
DCP-LETT-241,Darwin,C. R.,Lumb,Edward,1834-03-30,30 Mar 1834,"HMS Beagle, E ast Falkland Island",,Profiles in History (dealers) (2006),,,DCP-LETT-241.xml,safe_within_period,from_darwin,1834-03-30,1834-03-30,single_xml_day,False,,dated_grounding_unless_inbound_reply_link_is_established,data/raw/epsilon/ab0d973bae05b54d68d82d068211015996cfec06/letters/DCP-LETT-241.xml,3e2b646254e88df596bddccc995862f97ae1ed3ddf22a17eabffef880f1855b5,https://raw.githubusercontent.com/cambridge-collection/epsilon-data/ab0d973bae05b54d68d82d068211015996cfec06/xml/darwin-correspondence/letters/DCP-LETT-241.xml,https://www.darwinproject.ac.uk/letter/?docId=letters/DCP-LETT-241.xml
DCP-LETT-242,Darwin,C. R.,Darwin,Catherine,1834-04-06,6 Apr 1834,East Falkland Islands,,DAR 223,,,DCP-LETT-242.xml,safe_within_period,from_darwin,1834-04-06,1834-04-06,single_xml_day,False,,dated_grounding_unless_inbound_reply_link_is_established,data/raw/epsilon/ab0d973bae05b54d68d82d068211015996cfec06/letters/DCP-LETT-242.xml,916542e24d8081a0913ffb7745fee943704d07fa080e6274f82e11bd3ff70317,https://raw.githubusercontent.com/cambridge-collection/epsilon-data/ab0d973bae05b54d68d82d068211015996cfec06/xml/darwin-correspondence/letters/DCP-LETT-242.xml,https://www.darwinproject.ac.uk/letter/?docId=letters/DCP-LETT-242.xml
DCP-LETT-243,Mostyn Owen,William,Darwin,C. R.,1834-04-10,10 Apr – 1 May 1834,Woodhouse,,DAR 204: 129,,,DCP-LETT-243.xml,safe_within_period,to_darwin,1834-04-10,1834-05-01,bounded_range,True,,incoming_context_pending_receipt_and_reply_evidence,data/raw/epsilon/ab0d973bae05b54d68d82d068211015996cfec06/letters/DCP-LETT-243.xml,d0b34a56508987fb899d1ae94a285375cdf8f6ac82826773b84eeb7f0c6e7740,https://raw.githubusercontent.com/cambridge-collection/epsilon-data/ab0d973bae05b54d68d82d068211015996cfec06/xml/darwin-correspondence/letters/DCP-LETT-243.xml,https://www.darwinproject.ac.uk/letter/?docId=letters/DCP-LETT-243.xml
DCP-LETT-245,Lumb,Edward,Darwin,C. R.,1834-05-08,8 May 1834,Buenos Aires,,DAR 204: 128,,,DCP-LETT-245.xml,safe_within_period,to_darwin,1834-05-08,1834-05-08,single_xml_day,False,,incoming_context_pending_receipt_and_reply_evidence,data/raw/epsilon/ab0d973bae05b54d68d82d068211015996cfec06/letters/DCP-LETT-245.xml,af1e50416db08ed33e7aabba5525b063364e0b8817b2f709a48b9cf0cbdb6dda,https://raw.githubusercontent.com/cambridge-collection/epsilon-data/ab0d973bae05b54d68d82d068211015996cfec06/xml/darwin-correspondence/letters/DCP-LETT-245.xml,https://www.darwinproject.ac.uk/letter/?docId=letters/DCP-LETT-245.xml
DCP-LETT-246,Darwin,S. E.,Darwin,C. R.,1834-05-23,[23] May 1834,Shrewsbury,,DAR 204: 103,,,DCP-LETT-246.xml,safe_within_period,to_darwin,1834-05-23,1834-05-23,single_xml_day,False,editorially_supplied_component,incoming_context_pending_receipt_and_reply_evidence,data/raw/epsilon/ab0d973bae05b54d68d82d068211015996cfec06/letters/DCP-LETT-246.xml,e48a52619d8512e945d734a495eb1cb25ab89aec981cfd50a60a812009d430c3,https://raw.githubusercontent.com/cambridge-collection/epsilon-data/ab0d973bae05b54d68d82d068211015996cfec06/xml/darwin-correspondence/letters/DCP-LETT-246.xml,https://www.darwinproject.ac.uk/letter/?docId=letters/DCP-LETT-246.xml
DCP-LETT-248,Darwin,C. R.,Darwin,Catherine,1834-07-20,20–9 July 1834,A hundred miles south of Valparaiso,,DAR 223,,,DCP-LETT-248.xml,safe_within_period,from_darwin,1834-07-20,1834-07-29,bounded_range,True,,dated_grounding_unless_inbound_reply_link_is_established,data/raw/epsilon/ab0d973bae05b54d68d82d068211015996cfec06/letters/DCP-LETT-248.xml,4ed34311d5c7b809a46a800b9090ce78d68f9ba1c4eefd31685cf381884b6103,https://raw.githubusercontent.com/cambridge-collection/epsilon-data/ab0d973bae05b54d68d82d068211015996cfec06/xml/darwin-correspondence/letters/DCP-LETT-248.xml,https://www.darwinproject.ac.uk/letter/?docId=letters/DCP-LETT-248.xml
DCP-LETT-249,Henslow,J. S.,Darwin,C. R.,1834-07-22,22 July 1834,Cholsey,,DAR 204: 125,,,DCP-LETT-249.xml,safe_within_period,to_darwin,1834-07-22,1834-07-22,single_xml_day,False,,incoming_context_pending_receipt_and_reply_evidence,data/raw/epsilon/ab0d973bae05b54d68d82d068211015996cfec06/letters/DCP-LETT-249.xml,f19ff864263e65c7794689807ff11acebc1089fefe2def4c288581f0e1417b72,https://raw.githubusercontent.com/cambridge-collection/epsilon-data/ab0d973bae05b54d68d82d068211015996cfec06/xml/darwin-correspondence/letters/DCP-LETT-249.xml,https://www.darwinproject.ac.uk/letter/?docId=letters/DCP-LETT-249.xml
DCP-LETT-250,Darwin,C. R.,Whitley,C. T.,1834-07-23,23 July 1834,Valparaiso,,National Library of Australia (MS 4260),,,DCP-LETT-250.xml,safe_within_period,from_darwin,1834-07-23,1834-07-23,single_xml_day,False,,dated_grounding_unless_inbound_reply_link_is_established,data/raw/epsilon/ab0d973bae05b54d68d82d068211015996cfec06/letters/DCP-LETT-250.xml,f71020e4c7b383ecd63681d343c0676a905c0b6c1edfe6d2189071e658080173,https://raw.githubusercontent.com/cambridge-collection/epsilon-data/ab0d973bae05b54d68d82d068211015996cfec06/xml/darwin-correspondence/letters/DCP-LETT-250.xml,https://www.darwinproject.ac.uk/letter/?docId=letters/DCP-LETT-250.xml
DCP-LETT-251,Darwin,C. R.,Henslow,J. S.,1834-07-24,24 July & 28 Oct & 7 Nov 1834,Valparaiso,,"Royal Botanic Gardens, Kew (Henslow letters: 22 DAR/1/1/22)",,,DCP-LETT-251.xml,safe_within_period,from_darwin,1834-07-24,1834-07-24,single_xml_day,False,,dated_grounding_unless_inbound_reply_link_is_established,data/raw/epsilon/ab0d973bae05b54d68d82d068211015996cfec06/letters/DCP-LETT-251.xml,235b5722c1592dad3ee4c18625801c0f1323d0910a6f453c84024dc3dead0270,https://raw.githubusercontent.com/cambridge-collection/epsilon-data/ab0d973bae05b54d68d82d068211015996cfec06/xml/darwin-correspondence/letters/DCP-LETT-251.xml,https://www.darwinproject.ac.uk/letter/?docId=letters/DCP-LETT-251.xml
DCP-LETT-252,Fox,H. S.,Darwin,C. R.,1834-07-25,25 July 1834,Rio de Janeiro,,DAR 204: 123,,,DCP-LETT-252.xml,safe_within_period,to_darwin,1834-07-25,1834-07-25,single_xml_day,False,,incoming_context_pending_receipt_and_reply_evidence,data/raw/epsilon/ab0d973bae05b54d68d82d068211015996cfec06/letters/DCP-LETT-252.xml,4f36a320dfa64d71009335678c3a86c7710596b0bb2078bee1b1128ed467cb2a,https://raw.githubusercontent.com/cambridge-collection/epsilon-data/ab0d973bae05b54d68d82d068211015996cfec06/xml/darwin-correspondence/letters/DCP-LETT-252.xml,https://www.darwinproject.ac.uk/letter/?docId=letters/DCP-LETT-252.xml
DCP-LETT-253,Darwin,C. R.,Darwin,Caroline,1834-08-09,9–12 Aug 1834,Valparaiso,,DAR 223,,,DCP-LETT-253.xml,safe_within_period,from_darwin,1834-08-09,1834-08-12,bounded_range,True,,dated_grounding_unless_inbound_reply_link_is_established,data/raw/epsilon/ab0d973bae05b54d68d82d068211015996cfec06/letters/DCP-LETT-253.xml,75936c6f74aff65f8fce41a8e2250b92a9eaf9b68bb164dc9e6e63b85bfe1681,https://raw.githubusercontent.com/cambridge-collection/epsilon-data/ab0d973bae05b54d68d82d068211015996cfec06/xml/darwin-correspondence/letters/DCP-LETT-253.xml,https://www.darwinproject.ac.uk/letter/?docId=letters/DCP-LETT-253.xml
DCP-LETT-254,Darwin,C. R.,FitzRoy,Robert,1834-08-28,[28 Aug 1834],St Jago,,DAR 144: 115,,,DCP-LETT-254.xml,safe_within_period,from_darwin,1834-08-28,1834-08-28,single_xml_day,False,editorially_supplied_component,dated_grounding_unless_inbound_reply_link_is_established,data/raw/epsilon/ab0d973bae05b54d68d82d068211015996cfec06/letters/DCP-LETT-254.xml,12fb9f8414c663dc62bd37ca08eb2fddf7903c0676599e934a78a56a03893414,https://raw.githubusercontent.com/cambridge-collection/epsilon-data/ab0d973bae05b54d68d82d068211015996cfec06/xml/darwin-correspondence/letters/DCP-LETT-254.xml,https://www.darwinproject.ac.uk/letter/?docId=letters/DCP-LETT-254.xml
DCP-LETT-255,Sutcliffe,Thomas,Darwin,C. R.,1834-08-28,[28 Aug – 5 Sept 1834],unstated,,DAR 35: 405,,,DCP-LETT-255.xml,safe_within_period,to_darwin,1834-08-28,1834-09-05,bounded_range,True,editorially_supplied_component,incoming_context_pending_receipt_and_reply_evidence,data/raw/epsilon/ab0d973bae05b54d68d82d068211015996cfec06/letters/DCP-LETT-255.xml,067f1ec118ef133d2a2b219ac09a1cddf198c91c0923c78d5312bdf27a5e95df,https://raw.githubusercontent.com/cambridge-collection/epsilon-data/ab0d973bae05b54d68d82d068211015996cfec06/xml/darwin-correspondence/letters/DCP-LETT-255.xml,https://www.darwinproject.ac.uk/letter/?docId=letters/DCP-LETT-255.xml
DCP-LETT-257,Darwin,Caroline,Darwin,C. R.,1834-09-30,30 Sept 1834,Shrewsbury,,DAR 204: 81,,,DCP-LETT-257.xml,safe_within_period,to_darwin,1834-09-30,1834-09-30,single_xml_day,False,,incoming_context_pending_receipt_and_reply_evidence,data/raw/epsilon/ab0d973bae05b54d68d82d068211015996cfec06/letters/DCP-LETT-257.xml,2ddfb3580b899fdcb0ce10c63b0585264f3cdbcbd976310ae416438d8318070e,https://raw.githubusercontent.com/cambridge-collection/epsilon-data/ab0d973bae05b54d68d82d068211015996cfec06/xml/darwin-correspondence/letters/DCP-LETT-257.xml,https://www.darwinproject.ac.uk/letter/?docId=letters/DCP-LETT-257.xml
DCP-LETT-258,Darwin,C. R.,Henslow,J. S.,1834-10-04,4 Oct 1834,Valparaiso,,"Royal Botanic Gardens, Kew (Henslow letters: 23 DAR/1/1/23)",,,DCP-LETT-258.xml,safe_within_period,from_darwin,1834-10-04,1834-10-04,single_xml_day,False,,dated_grounding_unless_inbound_reply_link_is_established,data/raw/epsilon/ab0d973bae05b54d68d82d068211015996cfec06/letters/DCP-LETT-258.xml,c436415ab3b18e3fbd98b740c734d8d89f5d8114fa1e648eda8d469f079eedf9,https://raw.githubusercontent.com/cambridge-collection/epsilon-data/ab0d973bae05b54d68d82d068211015996cfec06/xml/darwin-correspondence/letters/DCP-LETT-258.xml,https://www.darwinproject.ac.uk/letter/?docId=letters/DCP-LETT-258.xml
DCP-LETT-256,Eck,F. A.,Darwin,C. R.,1834-10-12,[before 13 Oct 1834],Valparaiso,,DAR 35: 232,,,DCP-LETT-256.xml,safe_within_period,to_darwin,1834-10-12,1834-10-12,single_xml_day,True,editorially_supplied_component; before,incoming_context_pending_receipt_and_reply_evidence,data/raw/epsilon/ab0d973bae05b54d68d82d068211015996cfec06/letters/DCP-LETT-256.xml,88fb18c834d74403d3b4444f4dfdf9ce2d4011d4db892260c9c48ce5f7bfb7f6,https://raw.githubusercontent.com/cambridge-collection/epsilon-data/ab0d973bae05b54d68d82d068211015996cfec06/xml/darwin-correspondence/letters/DCP-LETT-256.xml,https://www.darwinproject.ac.uk/letter/?docId=letters/DCP-LETT-256.xml
DCP-LETT-259,Darwin,C. R.,Darwin,Caroline,1834-10-13,13 Oct 1834,Valparaiso,,DAR 223,,,DCP-LETT-259.xml,safe_within_period,from_darwin,1834-10-13,1834-10-13,single_xml_day,False,,dated_grounding_unless_inbound_reply_link_is_established,data/raw/epsilon/ab0d973bae05b54d68d82d068211015996cfec06/letters/DCP-LETT-259.xml,19664a8718df11f66b7434dec15d7a0b093e766519c6d688427945c01452d591,https://raw.githubusercontent.com/cambridge-collection/epsilon-data/ab0d973bae05b54d68d82d068211015996cfec06/xml/darwin-correspondence/letters/DCP-LETT-259.xml,https://www.darwinproject.ac.uk/letter/?docId=letters/DCP-LETT-259.xml
DCP-LETT-260,Darwin,Catherine,Darwin,C. R.,1834-10-29,29 Oct 1834,Shrewsbury,,DAR 204: 92,,,DCP-LETT-260.xml,safe_within_period,to_darwin,1834-10-29,1834-10-29,single_xml_day,False,,incoming_context_pending_receipt_and_reply_evidence,data/raw/epsilon/ab0d973bae05b54d68d82d068211015996cfec06/letters/DCP-LETT-260.xml,d18e498e830b4fd52530854283f5564f01575a6e9611221656b4863711dddfa1,https://raw.githubusercontent.com/cambridge-collection/epsilon-data/ab0d973bae05b54d68d82d068211015996cfec06/xml/darwin-correspondence/letters/DCP-LETT-260.xml,https://www.darwinproject.ac.uk/letter/?docId=letters/DCP-LETT-260.xml
DCP-LETT-261,Fox,W. D.,Darwin,C. R.,1834-11-01,1 Nov 1834,Osmaston,,DAR 204: 124,,,DCP-LETT-261.xml,safe_within_period,to_darwin,1834-11-01,1834-11-01,single_xml_day,False,,incoming_context_pending_receipt_and_reply_evidence,data/raw/epsilon/ab0d973bae05b54d68d82d068211015996cfec06/letters/DCP-LETT-261.xml,bb1ccd9ab0597d0347a3bb276a9b0d73d56bb34c185fd5c0fcab37d9f774b2c4,https://raw.githubusercontent.com/cambridge-collection/epsilon-data/ab0d973bae05b54d68d82d068211015996cfec06/xml/darwin-correspondence/letters/DCP-LETT-261.xml,https://www.darwinproject.ac.uk/letter/?docId=letters/DCP-LETT-261.xml
DCP-LETT-262,Darwin,C. R.,Darwin,Catherine,1834-11-08,8 Nov 1834,Valparaiso,,DAR 223,,,DCP-LETT-262.xml,safe_within_period,from_darwin,1834-11-08,1834-11-08,single_xml_day,False,,dated_grounding_unless_inbound_reply_link_is_established,data/raw/epsilon/ab0d973bae05b54d68d82d068211015996cfec06/letters/DCP-LETT-262.xml,5ff4ead25765b7b9c3ccfd9ddc304957fcbcdfd2eb98432313412159d3837a48,https://raw.githubusercontent.com/cambridge-collection/epsilon-data/ab0d973bae05b54d68d82d068211015996cfec06/xml/darwin-correspondence/letters/DCP-LETT-262.xml,https://www.darwinproject.ac.uk/letter/?docId=letters/DCP-LETT-262.xml
DCP-LETT-263,Darwin,C. R.,Henslow,J. S.,1834-11-08,8 Nov 1834,"HMS Beagle, Valparaiso",,"Royal Botanic Gardens, Kew (Henslow letters: 24 DAR/1/1/24)",,,DCP-LETT-263.xml,safe_within_period,from_darwin,1834-11-08,1834-11-08,single_xml_day,False,,dated_grounding_unless_inbound_reply_link_is_established,data/raw/epsilon/ab0d973bae05b54d68d82d068211015996cfec06/letters/DCP-LETT-263.xml,9145fd146f989be59fc0f0ef0af1347d0b181f1d5b2647dbacfd89d79f6d9eaa,https://raw.githubusercontent.com/cambridge-collection/epsilon-data/ab0d973bae05b54d68d82d068211015996cfec06/xml/darwin-correspondence/letters/DCP-LETT-263.xml,https://www.darwinproject.ac.uk/letter/?docId=letters/DCP-LETT-263.xml
DCP-LETT-264,Darwin,S. E.,Darwin,C. R.,1834-11-24,[24] Nov 1834,Shrewsbury,,DAR 204: 104,,,DCP-LETT-264.xml,safe_within_period,to_darwin,1834-11-24,1834-11-24,single_xml_day,False,editorially_supplied_component,incoming_context_pending_receipt_and_reply_evidence,data/raw/epsilon/ab0d973bae05b54d68d82d068211015996cfec06/letters/DCP-LETT-264.xml,a1ac4f536fbe040289995ef81a3e024512a29c55e5d879e34c28f0eda89cb703,https://raw.githubusercontent.com/cambridge-collection/epsilon-data/ab0d973bae05b54d68d82d068211015996cfec06/xml/darwin-correspondence/letters/DCP-LETT-264.xml,https://www.darwinproject.ac.uk/letter/?docId=letters/DCP-LETT-264.xml
DCP-LETT-265,Darwin,Caroline,Darwin,C. R.,1834-12-29,29 Dec [1834],"London, Regent St, 24",,DAR 204: 82,,,DCP-LETT-265.xml,safe_within_period,to_darwin,1834-12-29,1834-12-29,single_xml_day,False,editorially_supplied_component,incoming_context_pending_receipt_and_reply_evidence,data/raw/epsilon/ab0d973bae05b54d68d82d068211015996cfec06/letters/DCP-LETT-265.xml,718afe99fed093e5723d073192310a314433942483f28e41d7dc1867ca3ce7dc,https://raw.githubusercontent.com/cambridge-collection/epsilon-data/ab0d973bae05b54d68d82d068211015996cfec06/xml/darwin-correspondence/letters/DCP-LETT-265.xml,https://www.darwinproject.ac.uk/letter/?docId=letters/DCP-LETT-265.xml
DCP-LETT-266,Darwin,Catherine,Darwin,C. R.,1835-01-28,28 Jan [1835],Shrewsbury,,DAR 97 (ser. 2): 16–18,,,DCP-LETT-266.xml,safe_within_period,to_darwin,1835-01-28,1835-01-28,single_xml_day,False,editorially_supplied_component,incoming_context_pending_receipt_and_reply_evidence,data/raw/epsilon/ab0d973bae05b54d68d82d068211015996cfec06/letters/DCP-LETT-266.xml,7d1da56b7a832d4a59696e1a1e96c62477d597abb41b2172b4d27371f75c2a90,https://raw.githubusercontent.com/cambridge-collection/epsilon-data/ab0d973bae05b54d68d82d068211015996cfec06/xml/darwin-correspondence/letters/DCP-LETT-266.xml,https://www.darwinproject.ac.uk/letter/?docId=letters/DCP-LETT-266.xml
DCP-LETT-267,Whitley,C. T.,Darwin,C. R.,1835-02-05,5 Feb 1835,Durham College,,DAR 204: 132,,,DCP-LETT-267.xml,safe_within_period,to_darwin,1835-02-05,1835-02-05,single_xml_day,False,,incoming_context_pending_receipt_and_reply_evidence,data/raw/epsilon/ab0d973bae05b54d68d82d068211015996cfec06/letters/DCP-LETT-267.xml,d7277eb2425b6b1b73182de3ab64a0f89b2f4f4d7bf3892b2cfd00ce4d6d37d2,https://raw.githubusercontent.com/cambridge-collection/epsilon-data/ab0d973bae05b54d68d82d068211015996cfec06/xml/darwin-correspondence/letters/DCP-LETT-267.xml,https://www.darwinproject.ac.uk/letter/?docId=letters/DCP-LETT-267.xml
DCP-LETT-268,Darwin,S. E.,Darwin,C. R.,1835-02-16,16 Feb 1835,Shrewsbury,,DAR 97 (ser. 2): 18–20,,,DCP-LETT-268.xml,safe_within_period,to_darwin,1835-02-16,1835-02-16,single_xml_day,False,,incoming_context_pending_receipt_and_reply_evidence,data/raw/epsilon/ab0d973bae05b54d68d82d068211015996cfec06/letters/DCP-LETT-268.xml,d9603172db4547f985364f35c3df456afdfe24e26460c6b5d6d7c6c243ea9a43,https://raw.githubusercontent.com/cambridge-collection/epsilon-data/ab0d973bae05b54d68d82d068211015996cfec06/xml/darwin-correspondence/letters/DCP-LETT-268.xml,https://www.darwinproject.ac.uk/letter/?docId=letters/DCP-LETT-268.xml
DCP-LETT-269,Douglas,C. D.,Darwin,C. R.,1835-02-24,24 Feb 1835,Dalcague Chiloé,,DAR 35.1: 329–30,,,DCP-LETT-269.xml,safe_within_period,to_darwin,1835-02-24,1835-02-24,single_xml_day,False,,incoming_context_pending_receipt_and_reply_evidence,data/raw/epsilon/ab0d973bae05b54d68d82d068211015996cfec06/letters/DCP-LETT-269.xml,7ab6776e418be76f24e9ded66ce90ce7c44acc629af36eac168830f74a2c3014,https://raw.githubusercontent.com/cambridge-collection/epsilon-data/ab0d973bae05b54d68d82d068211015996cfec06/xml/darwin-correspondence/letters/DCP-LETT-269.xml,https://www.darwinproject.ac.uk/letter/?docId=letters/DCP-LETT-269.xml
DCP-LETT-247,Alison,R. E.,Darwin,C. R.,1835-03-01,[Mar – July 1835],unstated,,DAR 36: 425–6,,,DCP-LETT-247.xml,safe_within_period,to_darwin,1835-03-01,1835-07-31,bounded_range,True,editorially_supplied_component,incoming_context_pending_receipt_and_reply_evidence,data/raw/epsilon/ab0d973bae05b54d68d82d068211015996cfec06/letters/DCP-LETT-247.xml,53452d5da95c6b8aea7b800354f158acc03690e5f334f84721c39e7b79b34c82,https://raw.githubusercontent.com/cambridge-collection/epsilon-data/ab0d973bae05b54d68d82d068211015996cfec06/xml/darwin-correspondence/letters/DCP-LETT-247.xml,https://www.darwinproject.ac.uk/letter/?docId=letters/DCP-LETT-247.xml
DCP-LETT-270,Darwin,C. R.,Fox,W. D.,1835-03-07,[7–11] Mar 1835,Valparaiso,,"Christ’s College Library, Cambridge (MS 53 Fox 47)",,,DCP-LETT-270.xml,safe_within_period,from_darwin,1835-03-07,1835-03-11,bounded_range,True,editorially_supplied_component,dated_grounding_unless_inbound_reply_link_is_established,data/raw/epsilon/ab0d973bae05b54d68d82d068211015996cfec06/letters/DCP-LETT-270.xml,48cee792e87d75f38eda40c0fa377bc6a5f1e229c8e7ef1f830cb3420e74e454,https://raw.githubusercontent.com/cambridge-collection/epsilon-data/ab0d973bae05b54d68d82d068211015996cfec06/xml/darwin-correspondence/letters/DCP-LETT-270.xml,https://www.darwinproject.ac.uk/letter/?docId=letters/DCP-LETT-270.xml
DCP-LETT-271,Darwin,C. R.,Darwin,Caroline,1835-03-10,10–13 Mar 1835,Off Valparaiso,,DAR 223: 26,,,DCP-LETT-271.xml,safe_within_period,from_darwin,1835-03-10,1835-03-13,bounded_range,True,,dated_grounding_unless_inbound_reply_link_is_established,data/raw/epsilon/ab0d973bae05b54d68d82d068211015996cfec06/letters/DCP-LETT-271.xml,ffa0c41bfe8d40354ddde3718481d60f2ff628a8965a287be7be3e5abd74d9d1,https://raw.githubusercontent.com/cambridge-collection/epsilon-data/ab0d973bae05b54d68d82d068211015996cfec06/xml/darwin-correspondence/letters/DCP-LETT-271.xml,https://www.darwinproject.ac.uk/letter/?docId=letters/DCP-LETT-271.xml
DCP-LETT-272,Darwin,C. R.,Henslow,J. S.,1835-03-10,[10]–13 Mar 1835,Valparaiso,,"Royal Botanic Gardens, Kew (Henslow letters: 25 DAR/1/1/25)",,,DCP-LETT-272.xml,safe_within_period,from_darwin,1835-03-10,1835-03-13,bounded_range,True,editorially_supplied_component,dated_grounding_unless_inbound_reply_link_is_established,data/raw/epsilon/ab0d973bae05b54d68d82d068211015996cfec06/letters/DCP-LETT-272.xml,980b9f633cee79184b92867882267ff2364846c838458a8f10a11033a43343a0,https://raw.githubusercontent.com/cambridge-collection/epsilon-data/ab0d973bae05b54d68d82d068211015996cfec06/xml/darwin-correspondence/letters/DCP-LETT-272.xml,https://www.darwinproject.ac.uk/letter/?docId=letters/DCP-LETT-272.xml
DCP-LETT-273,Darwin,Caroline,Darwin,C. R.,1835-03-30,30 Mar 1835,Shrewsbury,,DAR 97 (ser. 2): 20–1,,,DCP-LETT-273.xml,safe_within_period,to_darwin,1835-03-30,1835-03-30,single_xml_day,False,,incoming_context_pending_receipt_and_reply_evidence,data/raw/epsilon/ab0d973bae05b54d68d82d068211015996cfec06/letters/DCP-LETT-273.xml,02a085ad93a32b0ad36ed5c3756139dae0e5e1c690fcb15a0c29c97131204f57,https://raw.githubusercontent.com/cambridge-collection/epsilon-data/ab0d973bae05b54d68d82d068211015996cfec06/xml/darwin-correspondence/letters/DCP-LETT-273.xml,https://www.darwinproject.ac.uk/letter/?docId=letters/DCP-LETT-273.xml
DCP-LETT-274,Darwin,C. R.,Henslow,J. S.,1835-04-18,18 Apr 1835,Valparaiso,,"Royal Botanic Gardens, Kew (Henslow letters: 26 DAR/1/1/26)",,,DCP-LETT-274.xml,safe_within_period,from_darwin,1835-04-18,1835-04-18,single_xml_day,False,,dated_grounding_unless_inbound_reply_link_is_established,data/raw/epsilon/ab0d973bae05b54d68d82d068211015996cfec06/letters/DCP-LETT-274.xml,e9834403f029e3b4aa825f63225eee1d228a5567ba5153559f75fc175818a166,https://raw.githubusercontent.com/cambridge-collection/epsilon-data/ab0d973bae05b54d68d82d068211015996cfec06/xml/darwin-correspondence/letters/DCP-LETT-274.xml,https://www.darwinproject.ac.uk/letter/?docId=letters/DCP-LETT-274.xml
DCP-LETT-275,Darwin,C. R.,Darwin,S. E.,1835-04-23,23 Apr 1835,Valparaiso,,DAR 223,,,DCP-LETT-275.xml,safe_within_period,from_darwin,1835-04-23,1835-04-23,single_xml_day,False,,dated_grounding_unless_inbound_reply_link_is_established,data/raw/epsilon/ab0d973bae05b54d68d82d068211015996cfec06/letters/DCP-LETT-275.xml,e38ebe1754aea207756958d966876c4173de87da35f69c3d3bcd5d9ed6b3d4b2,https://raw.githubusercontent.com/cambridge-collection/epsilon-data/ab0d973bae05b54d68d82d068211015996cfec06/xml/darwin-correspondence/letters/DCP-LETT-275.xml,https://www.darwinproject.ac.uk/letter/?docId=letters/DCP-LETT-275.xml
DCP-LETT-276,Darwin,C. R.,Darwin,Catherine,1835-05-31,31 May [1835],Coquimbo,,DAR 223,,,DCP-LETT-276.xml,safe_within_period,from_darwin,1835-05-31,1835-05-31,single_xml_day,False,editorially_supplied_component,dated_grounding_unless_inbound_reply_link_is_established,data/raw/epsilon/ab0d973bae05b54d68d82d068211015996cfec06/letters/DCP-LETT-276.xml,323f0ec074e03ce1c8775f3df95cc2512c034f824cd73e54660adc23bec32e20,https://raw.githubusercontent.com/cambridge-collection/epsilon-data/ab0d973bae05b54d68d82d068211015996cfec06/xml/darwin-correspondence/letters/DCP-LETT-276.xml,https://www.darwinproject.ac.uk/letter/?docId=letters/DCP-LETT-276.xml
DCP-LETT-277,Alison,R. E.,Darwin,C. R.,1835-06-25,25 June 1835,Valparaiso,,DAR 36: 427–427a,,,DCP-LETT-277.xml,safe_within_period,to_darwin,1835-06-25,1835-06-25,single_xml_day,False,,incoming_context_pending_receipt_and_reply_evidence,data/raw/epsilon/ab0d973bae05b54d68d82d068211015996cfec06/letters/DCP-LETT-277.xml,e04390efc5f832bd306ea1757ebff7c36279875118e0adc8628f0e3c83189ce6,https://raw.githubusercontent.com/cambridge-collection/epsilon-data/ab0d973bae05b54d68d82d068211015996cfec06/xml/darwin-correspondence/letters/DCP-LETT-277.xml,https://www.darwinproject.ac.uk/letter/?docId=letters/DCP-LETT-277.xml
DCP-LETT-278,Corfield,R. H.,Darwin,C. R.,1835-06-26,26 & 27 June 1835,Valparaiso,,DAR 204: 130,,,DCP-LETT-278.xml,safe_within_period,to_darwin,1835-06-26,1835-06-26,single_xml_day,False,,incoming_context_pending_receipt_and_reply_evidence,data/raw/epsilon/ab0d973bae05b54d68d82d068211015996cfec06/letters/DCP-LETT-278.xml,258ff0e28eca8a8f12c83d3a3c489d13fbeeb13bed4f426f7f772453540f455e,https://raw.githubusercontent.com/cambridge-collection/epsilon-data/ab0d973bae05b54d68d82d068211015996cfec06/xml/darwin-correspondence/letters/DCP-LETT-278.xml,https://www.darwinproject.ac.uk/letter/?docId=letters/DCP-LETT-278.xml
DCP-LETT-279,Lambert,C. S.,Darwin,C. R.,1835-07-01,[c. July 1835],Coquimbo,,"DAR 37: 648, DAR 39.2: 161",,,DCP-LETT-279.xml,safe_within_period,to_darwin,1835-07-01,1835-07-31,bounded_range,True,editorially_supplied_component; circa,incoming_context_pending_receipt_and_reply_evidence,data/raw/epsilon/ab0d973bae05b54d68d82d068211015996cfec06/letters/DCP-LETT-279.xml,bca744f390c38d0a278ffea29624cd7f8345c53bb279d1a99bb1add1cdbda352,https://raw.githubusercontent.com/cambridge-collection/epsilon-data/ab0d973bae05b54d68d82d068211015996cfec06/xml/darwin-correspondence/letters/DCP-LETT-279.xml,https://www.darwinproject.ac.uk/letter/?docId=letters/DCP-LETT-279.xml
DCP-LETT-280,Corfield,R. H.,Darwin,C. R.,1835-07-14,14 & 18 July 1835,Valparaiso,,DAR 204: 131,,,DCP-LETT-280.xml,safe_within_period,to_darwin,1835-07-14,1835-07-14,single_xml_day,False,,incoming_context_pending_receipt_and_reply_evidence,data/raw/epsilon/ab0d973bae05b54d68d82d068211015996cfec06/letters/DCP-LETT-280.xml,0342861d5d4aea8df7e3de4e9120c562ab0d06397c339df917ef7c5b42853714,https://raw.githubusercontent.com/cambridge-collection/epsilon-data/ab0d973bae05b54d68d82d068211015996cfec06/xml/darwin-correspondence/letters/DCP-LETT-280.xml,https://www.darwinproject.ac.uk/letter/?docId=letters/DCP-LETT-280.xml
DCP-LETT-281,Darwin,C. R.,Darwin,Caroline,1835-07-19,[19] July – [12 Aug] 1835,Lima,,DAR 223: 29,,,DCP-LETT-281.xml,safe_within_period,from_darwin,1835-07-19,1835-08-12,bounded_range,True,editorially_supplied_component,dated_grounding_unless_inbound_reply_link_is_established,data/raw/epsilon/ab0d973bae05b54d68d82d068211015996cfec06/letters/DCP-LETT-281.xml,d993a019c0c5949e65c535fb3bd1456532483e04f311eeabbdd497dd64875376,https://raw.githubusercontent.com/cambridge-collection/epsilon-data/ab0d973bae05b54d68d82d068211015996cfec06/xml/darwin-correspondence/letters/DCP-LETT-281.xml,https://www.darwinproject.ac.uk/letter/?docId=letters/DCP-LETT-281.xml
DCP-LETT-282,Darwin,C. R.,Fox,W. D.,1835-08-09,[9–12 Aug] 1835,Lima,,"Christ’s College Library, Cambridge (MS 53 Fox 47a)",,,DCP-LETT-282.xml,safe_within_period,from_darwin,1835-08-09,1835-08-12,bounded_range,True,editorially_supplied_component,dated_grounding_unless_inbound_reply_link_is_established,data/raw/epsilon/ab0d973bae05b54d68d82d068211015996cfec06/letters/DCP-LETT-282.xml,becbee09d66110b54003ac1d4ff3b7aa2a311bc619b861fe3d6465405938b462,https://raw.githubusercontent.com/cambridge-collection/epsilon-data/ab0d973bae05b54d68d82d068211015996cfec06/xml/darwin-correspondence/letters/DCP-LETT-282.xml,https://www.darwinproject.ac.uk/letter/?docId=letters/DCP-LETT-282.xml
DCP-LETT-283,Darwin,C. R.,Henslow,J. S.,1835-08-12,12 [Aug] 1835,Lima,,"Royal Botanic Gardens, Kew (Henslow letters: 27 DAR/1/1/27)",,,DCP-LETT-283.xml,safe_within_period,from_darwin,1835-08-12,1835-08-12,single_xml_day,False,editorially_supplied_component,dated_grounding_unless_inbound_reply_link_is_established,data/raw/epsilon/ab0d973bae05b54d68d82d068211015996cfec06/letters/DCP-LETT-283.xml,b133c31dfadce0708e8eaf9de02de92634b940468f13708d12131c32370e7234,https://raw.githubusercontent.com/cambridge-collection/epsilon-data/ab0d973bae05b54d68d82d068211015996cfec06/xml/darwin-correspondence/letters/DCP-LETT-283.xml,https://www.darwinproject.ac.uk/letter/?docId=letters/DCP-LETT-283.xml
DCP-LETT-284,Darwin,C. R.,Fox,H. S.,1835-08-15,15 Aug 1835,Lima,,"Bodleian Libraries, Oxford (MS. Eng. lett. c. 235, fol. 28)",,,DCP-LETT-284.xml,safe_within_period,from_darwin,1835-08-15,1835-08-15,single_xml_day,False,,dated_grounding_unless_inbound_reply_link_is_established,data/raw/epsilon/ab0d973bae05b54d68d82d068211015996cfec06/letters/DCP-LETT-284.xml,f7ec5c36ddc4608409b8ec33bc5dcb55d9668ed311947da70e650f303953e738,https://raw.githubusercontent.com/cambridge-collection/epsilon-data/ab0d973bae05b54d68d82d068211015996cfec06/xml/darwin-correspondence/letters/DCP-LETT-284.xml,https://www.darwinproject.ac.uk/letter/?docId=letters/DCP-LETT-284.xml
DCP-LETT-285,Darwin,C. R.,Usborne,A. B.,1835-09-01,[c. 1–5 Sept 1835],unstated,,DAR 207: 14,,,DCP-LETT-285.xml,safe_within_period,from_darwin,1835-09-01,1835-09-05,bounded_range,True,editorially_supplied_component; circa,dated_grounding_unless_inbound_reply_link_is_established,data/raw/epsilon/ab0d973bae05b54d68d82d068211015996cfec06/letters/DCP-LETT-285.xml,aff75f43c8f9c665e2fbd660b550ee551fce3d58a3ca871da33679509cd2e2c2,https://raw.githubusercontent.com/cambridge-collection/epsilon-data/ab0d973bae05b54d68d82d068211015996cfec06/xml/darwin-correspondence/letters/DCP-LETT-285.xml,https://www.darwinproject.ac.uk/letter/?docId=letters/DCP-LETT-285.xml
DCP-LETT-286,Darwin,C. R.,Darwin,S. E.,1835-09-03,3 [Sept] 1835,Lima,,DAR 223,,,DCP-LETT-286.xml,safe_within_period,from_darwin,1835-09-03,1835-09-03,single_xml_day,False,editorially_supplied_component,dated_grounding_unless_inbound_reply_link_is_established,data/raw/epsilon/ab0d973bae05b54d68d82d068211015996cfec06/letters/DCP-LETT-286.xml,971a1625bf2a067f235d0e7f7ccf403a2d55611b373ec689ec66bf1bb7aec7d7,https://raw.githubusercontent.com/cambridge-collection/epsilon-data/ab0d973bae05b54d68d82d068211015996cfec06/xml/darwin-correspondence/letters/DCP-LETT-286.xml,https://www.darwinproject.ac.uk/letter/?docId=letters/DCP-LETT-286.xml
DCP-LETT-287,Darwin,Catherine,Darwin,C. R.,1835-10-30,30 Oct 1835,Shrewsbury,,DAR 97 (ser. 2): 22–3,,,DCP-LETT-287.xml,safe_within_period,to_darwin,1835-10-30,1835-10-30,single_xml_day,False,,incoming_context_pending_receipt_and_reply_evidence,data/raw/epsilon/ab0d973bae05b54d68d82d068211015996cfec06/letters/DCP-LETT-287.xml,67c673b8063bfb5640a328fe0f2c9e41331671e4d59181d5e60ce45da7b11f59,https://raw.githubusercontent.com/cambridge-collection/epsilon-data/ab0d973bae05b54d68d82d068211015996cfec06/xml/darwin-correspondence/letters/DCP-LETT-287.xml,https://www.darwinproject.ac.uk/letter/?docId=letters/DCP-LETT-287.xml
DCP-LETT-288,Darwin,S. E.,Darwin,C. R.,1835-11-22,22 Nov 1835,Shrewsbury,,DAR 97 (ser. 2): 24–5,,,DCP-LETT-288.xml,safe_within_period,to_darwin,1835-11-22,1835-11-22,single_xml_day,False,,incoming_context_pending_receipt_and_reply_evidence,data/raw/epsilon/ab0d973bae05b54d68d82d068211015996cfec06/letters/DCP-LETT-288.xml,7a01c468b0d63f3525f27ae6ab1d8e6019fb3e0b1d17cff67154f857b9b1df09,https://raw.githubusercontent.com/cambridge-collection/epsilon-data/ab0d973bae05b54d68d82d068211015996cfec06/xml/darwin-correspondence/letters/DCP-LETT-288.xml,https://www.darwinproject.ac.uk/letter/?docId=letters/DCP-LETT-288.xml
DCP-LETT-289,Darwin,C. R.,Darwin,Caroline,1835-12-27,27 Dec 1835,"Bay of Islands, New Zealand",,DAR 223,,,DCP-LETT-289.xml,safe_within_period,from_darwin,1835-12-27,1835-12-27,single_xml_day,False,,dated_grounding_unless_inbound_reply_link_is_established,data/raw/epsilon/ab0d973bae05b54d68d82d068211015996cfec06/letters/DCP-LETT-289.xml,739543711a4d1a2c615e2e66b99e1363f7b6de28c0b80f7456811be417205053,https://raw.githubusercontent.com/cambridge-collection/epsilon-data/ab0d973bae05b54d68d82d068211015996cfec06/xml/darwin-correspondence/letters/DCP-LETT-289.xml,https://www.darwinproject.ac.uk/letter/?docId=letters/DCP-LETT-289.xml
DCP-LETT-291,Darwin,Caroline,Darwin,C. R.,1835-12-29,29 Dec [1835],unstated,,DAR 97 (ser. 2): 26–7,,,DCP-LETT-291.xml,safe_within_period,to_darwin,1835-12-29,1835-12-29,single_xml_day,False,editorially_supplied_component,incoming_context_pending_receipt_and_reply_evidence,data/raw/epsilon/ab0d973bae05b54d68d82d068211015996cfec06/letters/DCP-LETT-291.xml,6b0c780d1c95d76cbf684716c6dd64af2ef4682b837879a5337184e014dd2fc8,https://raw.githubusercontent.com/cambridge-collection/epsilon-data/ab0d973bae05b54d68d82d068211015996cfec06/xml/darwin-correspondence/letters/DCP-LETT-291.xml,https://www.darwinproject.ac.uk/letter/?docId=letters/DCP-LETT-291.xml
DCP-LETT-292,Douglas,C. D.,Darwin,C. R.,1836-01-05,5 Jan 1836,"San Carlos, Chiloé",,DAR 39.1: 5–6,,,DCP-LETT-292.xml,safe_within_period,to_darwin,1836-01-05,1836-01-05,single_xml_day,False,,incoming_context_pending_receipt_and_reply_evidence,data/raw/epsilon/ab0d973bae05b54d68d82d068211015996cfec06/letters/DCP-LETT-292.xml,cb00deba978a2df65ef49f53f9ea0a6670f4857aecfe27258080c0ea62ea694f,https://raw.githubusercontent.com/cambridge-collection/epsilon-data/ab0d973bae05b54d68d82d068211015996cfec06/xml/darwin-correspondence/letters/DCP-LETT-292.xml,https://www.darwinproject.ac.uk/letter/?docId=letters/DCP-LETT-292.xml
DCP-LETT-293,Darwin,C. R.,King,P. P.,1836-01-21,[21 Jan 1836],"Bathurst , N.S.W.",,Bathurst District Historical Society,,,DCP-LETT-293.xml,safe_within_period,from_darwin,1836-01-21,1836-01-21,single_xml_day,False,editorially_supplied_component,dated_grounding_unless_inbound_reply_link_is_established,data/raw/epsilon/ab0d973bae05b54d68d82d068211015996cfec06/letters/DCP-LETT-293.xml,35b8e26a1cd3f4795cde378567662de45e886134227423e446df9263fd15485d,https://raw.githubusercontent.com/cambridge-collection/epsilon-data/ab0d973bae05b54d68d82d068211015996cfec06/xml/darwin-correspondence/letters/DCP-LETT-293.xml,https://www.darwinproject.ac.uk/letter/?docId=letters/DCP-LETT-293.xml
DCP-LETT-294,Darwin,C. R.,Darwin,S. E.,1836-01-28,28 Jan 1836,Sydney,,DAR 223,,,DCP-LETT-294.xml,safe_within_period,from_darwin,1836-01-28,1836-01-28,single_xml_day,False,,dated_grounding_unless_inbound_reply_link_is_established,data/raw/epsilon/ab0d973bae05b54d68d82d068211015996cfec06/letters/DCP-LETT-294.xml,42182002fd020b582dda7a52b8a1c5cc681cf7d025d0dcb8192f01193ccddb13,https://raw.githubusercontent.com/cambridge-collection/epsilon-data/ab0d973bae05b54d68d82d068211015996cfec06/xml/darwin-correspondence/letters/DCP-LETT-294.xml,https://www.darwinproject.ac.uk/letter/?docId=letters/DCP-LETT-294.xml
DCP-LETT-295,Darwin,C. R.,Henslow,J. S.,1836-01-28,[28–9] Jan 1836,Sydney,,"Royal Botanic Gardens, Kew (Henslow letters: 29 DAR/1/1/29)",,,DCP-LETT-295.xml,safe_within_period,from_darwin,1836-01-28,1836-01-29,bounded_range,True,editorially_supplied_component,dated_grounding_unless_inbound_reply_link_is_established,data/raw/epsilon/ab0d973bae05b54d68d82d068211015996cfec06/letters/DCP-LETT-295.xml,f00dbb1fcfc81938d290e8a2d2d135bc4c330c596455f70683554c8f402cec5f,https://raw.githubusercontent.com/cambridge-collection/epsilon-data/ab0d973bae05b54d68d82d068211015996cfec06/xml/darwin-correspondence/letters/DCP-LETT-295.xml,https://www.darwinproject.ac.uk/letter/?docId=letters/DCP-LETT-295.xml
DCP-LETT-296,Darwin,Catherine,Darwin,C. R.,1836-01-29,29 Jan 1836,Shrewsbury,,DAR 97 (ser. 2): 28–9,,,DCP-LETT-296.xml,safe_within_period,to_darwin,1836-01-29,1836-01-29,single_xml_day,False,,incoming_context_pending_receipt_and_reply_evidence,data/raw/epsilon/ab0d973bae05b54d68d82d068211015996cfec06/letters/DCP-LETT-296.xml,23adf511bd257eba998c21ab17b38a333b8ef8ed45c47c5167f510e3e952770b,https://raw.githubusercontent.com/cambridge-collection/epsilon-data/ab0d973bae05b54d68d82d068211015996cfec06/xml/darwin-correspondence/letters/DCP-LETT-296.xml,https://www.darwinproject.ac.uk/letter/?docId=letters/DCP-LETT-296.xml
DCP-LETT-297,Darwin,S. E.,Darwin,C. R.,1836-02-12,12 Feb 1836,Shrewsbury,,DAR 97(ser. 2): 30–1,,,DCP-LETT-297.xml,safe_within_period,to_darwin,1836-02-12,1836-02-12,single_xml_day,False,,incoming_context_pending_receipt_and_reply_evidence,data/raw/epsilon/ab0d973bae05b54d68d82d068211015996cfec06/letters/DCP-LETT-297.xml,663ce4a38d0eeb22e17db0c18465a0a15db8065ebb2e6d5135a6835e8f3e978f,https://raw.githubusercontent.com/cambridge-collection/epsilon-data/ab0d973bae05b54d68d82d068211015996cfec06/xml/darwin-correspondence/letters/DCP-LETT-297.xml,https://www.darwinproject.ac.uk/letter/?docId=letters/DCP-LETT-297.xml
DCP-LETT-298,Darwin,C. R.,Darwin,Catherine,1836-02-14,14 Feb 1836,Hobart Town,,DAR 223,,,DCP-LETT-298.xml,safe_within_period,from_darwin,1836-02-14,1836-02-14,single_xml_day,False,,dated_grounding_unless_inbound_reply_link_is_established,data/raw/epsilon/ab0d973bae05b54d68d82d068211015996cfec06/letters/DCP-LETT-298.xml,f10740d779599c1e008cfae131dbc4c32571f65bebc411baafe1bdd2a47f545a,https://raw.githubusercontent.com/cambridge-collection/epsilon-data/ab0d973bae05b54d68d82d068211015996cfec06/xml/darwin-correspondence/letters/DCP-LETT-298.xml,https://www.darwinproject.ac.uk/letter/?docId=letters/DCP-LETT-298.xml
DCP-LETT-299,Darwin,C. R.,Fox,W. D.,1836-02-15,15 Feb 1836,"Hobart Town, Van Dieman’s Land",,"Christ’s College Library, Cambridge (MS 53 Fox 48)",,,DCP-LETT-299.xml,safe_within_period,from_darwin,1836-02-15,1836-02-15,single_xml_day,False,,dated_grounding_unless_inbound_reply_link_is_established,data/raw/epsilon/ab0d973bae05b54d68d82d068211015996cfec06/letters/DCP-LETT-299.xml,5f8a21ddba7a6bb2c0abba3f28f750e945f3cac73e341c39166ece7219934014,https://raw.githubusercontent.com/cambridge-collection/epsilon-data/ab0d973bae05b54d68d82d068211015996cfec06/xml/darwin-correspondence/letters/DCP-LETT-299.xml,https://www.darwinproject.ac.uk/letter/?docId=letters/DCP-LETT-299.xml
DCP-LETT-300,Darwin,Caroline,Darwin,C. R.,1836-03-28,28 Mar 1836,unstated,,DAR 97 (ser. 2): 32–3,,,DCP-LETT-300.xml,safe_within_period,to_darwin,1836-03-28,1836-03-28,single_xml_day,False,,incoming_context_pending_receipt_and_reply_evidence,data/raw/epsilon/ab0d973bae05b54d68d82d068211015996cfec06/letters/DCP-LETT-300.xml,32a798c67a44784eb40672559447181f9303e145719a56ce67663c6f2a6c3d98,https://raw.githubusercontent.com/cambridge-collection/epsilon-data/ab0d973bae05b54d68d82d068211015996cfec06/xml/darwin-correspondence/letters/DCP-LETT-300.xml,https://www.darwinproject.ac.uk/letter/?docId=letters/DCP-LETT-300.xml
DCP-LETT-301,Darwin,C. R.,Darwin,Caroline,1836-04-29,29 Apr 1836,"Port Lewis, Mauritius",,DAR 223,,,DCP-LETT-301.xml,safe_within_period,from_darwin,1836-04-29,1836-04-29,single_xml_day,False,,dated_grounding_unless_inbound_reply_link_is_established,data/raw/epsilon/ab0d973bae05b54d68d82d068211015996cfec06/letters/DCP-LETT-301.xml,42967e76dd75c572f7517c32ece1ee95a31f0de294c28f34adf29f62ea189b3d,https://raw.githubusercontent.com/cambridge-collection/epsilon-data/ab0d973bae05b54d68d82d068211015996cfec06/xml/darwin-correspondence/letters/DCP-LETT-301.xml,https://www.darwinproject.ac.uk/letter/?docId=letters/DCP-LETT-301.xml
DCP-LETT-302,Darwin,C. R.,Darwin,Catherine,1836-06-03,3 June 1836,Cape of Good Hope,,DAR 223: 35,,,DCP-LETT-302.xml,safe_within_period,from_darwin,1836-06-03,1836-06-03,single_xml_day,False,,dated_grounding_unless_inbound_reply_link_is_established,data/raw/epsilon/ab0d973bae05b54d68d82d068211015996cfec06/letters/DCP-LETT-302.xml,99bb7d0cb9bdf4aed50de60cd112df52d786903adeba10254b99c7658b7cabfd,https://raw.githubusercontent.com/cambridge-collection/epsilon-data/ab0d973bae05b54d68d82d068211015996cfec06/xml/darwin-correspondence/letters/DCP-LETT-302.xml,https://www.darwinproject.ac.uk/letter/?docId=letters/DCP-LETT-302.xml
DCP-LETT-303,Darwin,C. R.,South African Christian Recorder,,1836-06-28,28 June 1836,"HMS Beagle, at sea",,South African Christian Recorder 2(1836): 238 Reprint in Darwin Library—CUL: ‘Philosophical tracts’,,,DCP-LETT-303.xml,safe_within_period,from_darwin,1836-06-28,1836-06-28,single_xml_day,False,,dated_grounding_unless_inbound_reply_link_is_established,data/raw/epsilon/ab0d973bae05b54d68d82d068211015996cfec06/letters/DCP-LETT-303.xml,8f7216eb05f4fba96c3245310d726f13f9b44a45ac767639076f0e6f0e170c9e,https://raw.githubusercontent.com/cambridge-collection/epsilon-data/ab0d973bae05b54d68d82d068211015996cfec06/xml/darwin-correspondence/letters/DCP-LETT-303.xml,https://www.darwinproject.ac.uk/letter/?docId=letters/DCP-LETT-303.xml
DCP-LETT-304,Darwin,C. R.,Henslow,J. S.,1836-07-09,9 July 1836,St Helena,,"Royal Botanic Gardens, Kew (Henslow letters: 30 DAR/1/1/30)",,,DCP-LETT-304.xml,safe_within_period,from_darwin,1836-07-09,1836-07-09,single_xml_day,False,,dated_grounding_unless_inbound_reply_link_is_established,data/raw/epsilon/ab0d973bae05b54d68d82d068211015996cfec06/letters/DCP-LETT-304.xml,d5441eb9809bd823c2c7f5712bacce31bb0dd81ef80fb98eb537ac0b9a7984d2,https://raw.githubusercontent.com/cambridge-collection/epsilon-data/ab0d973bae05b54d68d82d068211015996cfec06/xml/darwin-correspondence/letters/DCP-LETT-304.xml,https://www.darwinproject.ac.uk/letter/?docId=letters/DCP-LETT-304.xml
DCP-LETT-305,Darwin,C. R.,Darwin,Caroline,1836-07-18,18 July 1836,Approaching Ascension,,DAR 223: 36,,,DCP-LETT-305.xml,safe_within_period,from_darwin,1836-07-18,1836-07-18,single_xml_day,False,,dated_grounding_unless_inbound_reply_link_is_established,data/raw/epsilon/ab0d973bae05b54d68d82d068211015996cfec06/letters/DCP-LETT-305.xml,67a34bae8a25e125b7a97be3ae187ac841a69c849b205e3ab96dec81f1c258cb,https://raw.githubusercontent.com/cambridge-collection/epsilon-data/ab0d973bae05b54d68d82d068211015996cfec06/xml/darwin-correspondence/letters/DCP-LETT-305.xml,https://www.darwinproject.ac.uk/letter/?docId=letters/DCP-LETT-305.xml
DCP-LETT-306,Darwin,C. R.,Darwin,S. E.,1836-08-04,4 Aug [1836],"Bahia, Brazil",,DAR 223: 37,,,DCP-LETT-306.xml,safe_within_period,from_darwin,1836-08-04,1836-08-04,single_xml_day,False,editorially_supplied_component,dated_grounding_unless_inbound_reply_link_is_established,data/raw/epsilon/ab0d973bae05b54d68d82d068211015996cfec06/letters/DCP-LETT-306.xml,41a0711fa12b7d2bcb33191032f729f5cdc533fef92cbf6f97d8658f38564ff3,https://raw.githubusercontent.com/cambridge-collection/epsilon-data/ab0d973bae05b54d68d82d068211015996cfec06/xml/darwin-correspondence/letters/DCP-LETT-306.xml,https://www.darwinproject.ac.uk/letter/?docId=letters/DCP-LETT-306.xml
DCP-LETT-307,Darwin,C. R.,Wedgwood,"Josiah, II",1836-10-05,[5 Oct 1836],Shrewsbury,,DAR 185,,,DCP-LETT-307.xml,safe_within_period,from_darwin,1836-10-05,1836-10-05,single_xml_day,False,editorially_supplied_component,dated_grounding_unless_inbound_reply_link_is_established,data/raw/epsilon/ab0d973bae05b54d68d82d068211015996cfec06/letters/DCP-LETT-307.xml,8505d438aa4a566d7d5ff03bf69934ce2daec74b6c57c6591f47d0c9dfd35520,https://raw.githubusercontent.com/cambridge-collection/epsilon-data/ab0d973bae05b54d68d82d068211015996cfec06/xml/darwin-correspondence/letters/DCP-LETT-307.xml,https://www.darwinproject.ac.uk/letter/?docId=letters/DCP-LETT-307.xml
DCP-LETT-309,Mostyn Owen,William,Darwin,C. R.,1836-10-05,5 Oct [1836],Woodhouse,,DAR 204: 138,,,DCP-LETT-309.xml,safe_within_period,to_darwin,1836-10-05,1836-10-05,single_xml_day,False,editorially_supplied_component,incoming_context_pending_receipt_and_reply_evidence,data/raw/epsilon/ab0d973bae05b54d68d82d068211015996cfec06/letters/DCP-LETT-309.xml,551a61d55c6c8af29b7e8b059a49ba96d1abd764397f0404da01afb2af626693,https://raw.githubusercontent.com/cambridge-collection/epsilon-data/ab0d973bae05b54d68d82d068211015996cfec06/xml/darwin-correspondence/letters/DCP-LETT-309.xml,https://www.darwinproject.ac.uk/letter/?docId=letters/DCP-LETT-309.xml
DCP-LETT-310,Darwin,C. R.,FitzRoy,Robert,1836-10-06,6 Oct [1836],Shrewsbury,,DAR 144: 114,,,DCP-LETT-310.xml,safe_within_period,from_darwin,1836-10-06,1836-10-06,single_xml_day,False,editorially_supplied_component,dated_grounding_unless_inbound_reply_link_is_established,data/raw/epsilon/ab0d973bae05b54d68d82d068211015996cfec06/letters/DCP-LETT-310.xml,71e48deb98ffe34775d5e610192c19bdeb7fdf9c91cdb4f1206e3d992997d7db,https://raw.githubusercontent.com/cambridge-collection/epsilon-data/ab0d973bae05b54d68d82d068211015996cfec06/xml/darwin-correspondence/letters/DCP-LETT-310.xml,https://www.darwinproject.ac.uk/letter/?docId=letters/DCP-LETT-310.xml
DCP-LETT-311,Darwin,C. R.,Henslow,J. S.,1836-10-06,6 Oct [1836],Shrewsbury,,"Royal Botanic Gardens, Kew (Henslow letters: 31 DAR/1/1/31)",,,DCP-LETT-311.xml,safe_within_period,from_darwin,1836-10-06,1836-10-06,single_xml_day,False,editorially_supplied_component,dated_grounding_unless_inbound_reply_link_is_established,data/raw/epsilon/ab0d973bae05b54d68d82d068211015996cfec06/letters/DCP-LETT-311.xml,71c1cc8263d3902e3f69eecea75a8fb8089bda901645bd0b6ed65b00585c5e08,https://raw.githubusercontent.com/cambridge-collection/epsilon-data/ab0d973bae05b54d68d82d068211015996cfec06/xml/darwin-correspondence/letters/DCP-LETT-311.xml,https://www.darwinproject.ac.uk/letter/?docId=letters/DCP-LETT-311.xml
DCP-LETT-312,FitzRoy,Robert,Darwin,C. R.,1836-10-19,[19–]20 Oct [1836],"HMS Beagle, Portsmouth",,DAR 204: 135,,,DCP-LETT-312.xml,safe_within_period,to_darwin,1836-10-19,1836-10-20,bounded_range,True,editorially_supplied_component,incoming_context_pending_receipt_and_reply_evidence,data/raw/epsilon/ab0d973bae05b54d68d82d068211015996cfec06/letters/DCP-LETT-312.xml,e8deda180cd070bd8839915b67e00f1d9479ec1378341d4ed8dd751f8440798c,https://raw.githubusercontent.com/cambridge-collection/epsilon-data/ab0d973bae05b54d68d82d068211015996cfec06/xml/darwin-correspondence/letters/DCP-LETT-312.xml,https://www.darwinproject.ac.uk/letter/?docId=letters/DCP-LETT-312.xml
DCP-LETT-313,Darwin,C. R.,Darwin,Caroline,1836-10-24,24 Oct [1836],"London, Gt Marlborough St, 43",,DAR 154: 48,,,DCP-LETT-313.xml,safe_within_period,from_darwin,1836-10-24,1836-10-24,single_xml_day,False,editorially_supplied_component,dated_grounding_unless_inbound_reply_link_is_established,data/raw/epsilon/ab0d973bae05b54d68d82d068211015996cfec06/letters/DCP-LETT-313.xml,9e59d0ff0476807f60f95d3b8b84051a62b640e576f8480851ccec7bf4acffbf,https://raw.githubusercontent.com/cambridge-collection/epsilon-data/ab0d973bae05b54d68d82d068211015996cfec06/xml/darwin-correspondence/letters/DCP-LETT-313.xml,https://www.darwinproject.ac.uk/letter/?docId=letters/DCP-LETT-313.xml
DCP-LETT-314,Darwin,C. R.,Whitley,C. T.,1836-10-24,24 Oct [1836],London,,The British Library (Add MS 41567: 248–50),,,DCP-LETT-314.xml,safe_within_period,from_darwin,1836-10-24,1836-10-24,single_xml_day,False,editorially_supplied_component,dated_grounding_unless_inbound_reply_link_is_established,data/raw/epsilon/ab0d973bae05b54d68d82d068211015996cfec06/letters/DCP-LETT-314.xml,a2d41fd86cd3f3111138b0d30639bb3d35e733d8aac7243c0bae6d13064bd643,https://raw.githubusercontent.com/cambridge-collection/epsilon-data/ab0d973bae05b54d68d82d068211015996cfec06/xml/darwin-correspondence/letters/DCP-LETT-314.xml,https://www.darwinproject.ac.uk/letter/?docId=letters/DCP-LETT-314.xml
DCP-LETT-317,Darwin,C. R.,Henslow,J. S.,1836-10-30,[30–1 Oct 1836],"London, Gt Marlborough St, 43",,"Royal Botanic Gardens, Kew (Henslow letters: 32 DAR/1/1/32)",,,DCP-LETT-317.xml,safe_within_period,from_darwin,1836-10-30,1836-10-31,bounded_range,True,editorially_supplied_component,dated_grounding_unless_inbound_reply_link_is_established,data/raw/epsilon/ab0d973bae05b54d68d82d068211015996cfec06/letters/DCP-LETT-317.xml,a6e9ef21535c5e96b29bfd93246f6348564c5ebfc5f1c5bca9c8bc55b8941e86,https://raw.githubusercontent.com/cambridge-collection/epsilon-data/ab0d973bae05b54d68d82d068211015996cfec06/xml/darwin-correspondence/letters/DCP-LETT-317.xml,https://www.darwinproject.ac.uk/letter/?docId=letters/DCP-LETT-317.xml
DCP-LETT-318,Darwin,C. R.,Henslow,J. S.,1836-11-01,[1 Nov 1836],"London, Gt Marlborough St, 43",,"Royal Botanic Gardens, Kew (Henslow letters: 33 DAR/1/1/33)",,,DCP-LETT-318.xml,safe_within_period,from_darwin,1836-11-01,1836-11-01,single_xml_day,False,editorially_supplied_component,dated_grounding_unless_inbound_reply_link_is_established,data/raw/epsilon/ab0d973bae05b54d68d82d068211015996cfec06/letters/DCP-LETT-318.xml,6fff844b40361d3dd057b9e844876ead5a8b2352755ee5ec3bb86e4c8f1f84c0,https://raw.githubusercontent.com/cambridge-collection/epsilon-data/ab0d973bae05b54d68d82d068211015996cfec06/xml/darwin-correspondence/letters/DCP-LETT-318.xml,https://www.darwinproject.ac.uk/letter/?docId=letters/DCP-LETT-318.xml
DCP-LETT-319,Darwin,C. R.,Fox,W. D.,1836-11-06,6 Nov [1836],"London, Gt Marlborough St, 43",,"Christ’s College Library, Cambridge (MS 53 Fox 49)",,,DCP-LETT-319.xml,safe_within_period,from_darwin,1836-11-06,1836-11-06,single_xml_day,False,editorially_supplied_component,dated_grounding_unless_inbound_reply_link_is_established,data/raw/epsilon/ab0d973bae05b54d68d82d068211015996cfec06/letters/DCP-LETT-319.xml,05d9695d78dc42e969802d02bddbaad6dca40402681230a38347f39f8e2825ca,https://raw.githubusercontent.com/cambridge-collection/epsilon-data/ab0d973bae05b54d68d82d068211015996cfec06/xml/darwin-correspondence/letters/DCP-LETT-319.xml,https://www.darwinproject.ac.uk/letter/?docId=letters/DCP-LETT-319.xml
DCP-LETT-320,Darwin,C. R.,Wilkes,Charles,1836-11-07,[7 Nov 1836],"London, Gt Marlborough St, 43",,American Philosophical Society (Mss.B.D25.6),,,DCP-LETT-320.xml,safe_within_period,from_darwin,1836-11-07,1836-11-07,single_xml_day,False,editorially_supplied_component,dated_grounding_unless_inbound_reply_link_is_established,data/raw/epsilon/ab0d973bae05b54d68d82d068211015996cfec06/letters/DCP-LETT-320.xml,ee410157bafbca5b435cf8fffb4cc7906fd98aa4e67ca0055d1d9b6713d99ffd,https://raw.githubusercontent.com/cambridge-collection/epsilon-data/ab0d973bae05b54d68d82d068211015996cfec06/xml/darwin-correspondence/letters/DCP-LETT-320.xml,https://www.darwinproject.ac.uk/letter/?docId=letters/DCP-LETT-320.xml
DCP-LETT-321,Darwin,C. R.,Darwin,Caroline,1836-11-09,[9 Nov 1836],London,,DAR 154: 49,,,DCP-LETT-321.xml,safe_within_period,from_darwin,1836-11-09,1836-11-09,single_xml_day,False,editorially_supplied_component,dated_grounding_unless_inbound_reply_link_is_established,data/raw/epsilon/ab0d973bae05b54d68d82d068211015996cfec06/letters/DCP-LETT-321.xml,4e6bf52bdfb3616f9ecff580a18e633d2c3c171a3f679eb928ba7abda207cfcf,https://raw.githubusercontent.com/cambridge-collection/epsilon-data/ab0d973bae05b54d68d82d068211015996cfec06/xml/darwin-correspondence/letters/DCP-LETT-321.xml,https://www.darwinproject.ac.uk/letter/?docId=letters/DCP-LETT-321.xml
DCP-LETT-323,Herbert,J. M.,Darwin,C. R.,1836-11-19,[19 Nov 1836],"London, Lincoln’s Inn, Old Square, 9",,DAR 204: 137,,,DCP-LETT-323.xml,safe_within_period,to_darwin,1836-11-19,1836-11-19,single_xml_day,False,editorially_supplied_component,incoming_context_pending_receipt_and_reply_evidence,data/raw/epsilon/ab0d973bae05b54d68d82d068211015996cfec06/letters/DCP-LETT-323.xml,c92d151fe8991c6adc44d921dd1443faa6cbe376082a273a5ef70cc5c9f51fbc,https://raw.githubusercontent.com/cambridge-collection/epsilon-data/ab0d973bae05b54d68d82d068211015996cfec06/xml/darwin-correspondence/letters/DCP-LETT-323.xml,https://www.darwinproject.ac.uk/letter/?docId=letters/DCP-LETT-323.xml
DCP-LETT-325,Darwin,C. R.,Darwin,Caroline,1836-12-07,[7 Dec 1836],London,,DAR 154: 50,,,DCP-LETT-325.xml,safe_within_period,from_darwin,1836-12-07,1836-12-07,single_xml_day,False,editorially_supplied_component,dated_grounding_unless_inbound_reply_link_is_established,data/raw/epsilon/ab0d973bae05b54d68d82d068211015996cfec06/letters/DCP-LETT-325.xml,ff5ade56b0111ae4f8c1b08f50e52c8287ff1d19f3f27a1d3245222a92a96315,https://raw.githubusercontent.com/cambridge-collection/epsilon-data/ab0d973bae05b54d68d82d068211015996cfec06/xml/darwin-correspondence/letters/DCP-LETT-325.xml,https://www.darwinproject.ac.uk/letter/?docId=letters/DCP-LETT-325.xml
DCP-LETT-327,Darwin,C. R.,Fox,W. D.,1836-12-15,15 Dec [1836],Cambridge,,"Christ’s College Library, Cambridge (MS 53 Fox 50)",,,DCP-LETT-327.xml,safe_within_period,from_darwin,1836-12-15,1836-12-15,single_xml_day,False,editorially_supplied_component,dated_grounding_unless_inbound_reply_link_is_established,data/raw/epsilon/ab0d973bae05b54d68d82d068211015996cfec06/letters/DCP-LETT-327.xml,b9673d25424e8a4e0f8b55983192fb9e1cd00339d13c6a0e96b08d641e6748f0,https://raw.githubusercontent.com/cambridge-collection/epsilon-data/ab0d973bae05b54d68d82d068211015996cfec06/xml/darwin-correspondence/letters/DCP-LETT-327.xml,https://www.darwinproject.ac.uk/letter/?docId=letters/DCP-LETT-327.xml
DCP-LETT-326,Darwin,C. R.,Caius College,,1836-12-19,[19 Dec 1836 – 6 Mar 1837],Cambridge,,American Philosophical Society (Mss.B.D25.7),,,DCP-LETT-326.xml,ambiguous_period,from_darwin,1836-12-19,1837-03-06,bounded_range,True,editorially_supplied_component,hold_for_date_review,data/raw/epsilon/ab0d973bae05b54d68d82d068211015996cfec06/letters/DCP-LETT-326.xml,d5913b4b3ad7a7bb5ecf4e6e57ef63df14bf2c77e9c4e9905d6bb5856015abc2,https://raw.githubusercontent.com/cambridge-collection/epsilon-data/ab0d973bae05b54d68d82d068211015996cfec06/xml/darwin-correspondence/letters/DCP-LETT-326.xml,https://www.darwinproject.ac.uk/letter/?docId=letters/DCP-LETT-326.xml
DCP-LETT-329,Darwin,C. R.,Owen,Richard,1836-12-19,19 Dec [1836],"Christ’s College, Cambridge",,"Fitzwilliam Museum, Cambridge (GEN/D/DARWIN (C)/11)",,,DCP-LETT-329.xml,safe_within_period,from_darwin,1836-12-19,1836-12-19,single_xml_day,False,editorially_supplied_component,dated_grounding_unless_inbound_reply_link_is_established,data/raw/epsilon/ab0d973bae05b54d68d82d068211015996cfec06/letters/DCP-LETT-329.xml,f6435322e83c8a92f9558c09fe6f6f5e40e15423e4811173667f6f9c5afefd08,https://raw.githubusercontent.com/cambridge-collection/epsilon-data/ab0d973bae05b54d68d82d068211015996cfec06/xml/darwin-correspondence/letters/DCP-LETT-329.xml,https://www.darwinproject.ac.uk/letter/?docId=letters/DCP-LETT-329.xml
DCP-LETT-330,Darwin,C. R.,Carlisle,Anthony,1836-12-19,[19 Dec 1836],unstated,,The Royal College of Surgeons of England (Minute book of Board of Curators MUS/2/1/4),,,DCP-LETT-330.xml,safe_within_period,from_darwin,1836-12-19,1836-12-19,single_xml_day,False,editorially_supplied_component,dated_grounding_unless_inbound_reply_link_is_established,data/raw/epsilon/ab0d973bae05b54d68d82d068211015996cfec06/letters/DCP-LETT-330.xml,7606c189ded1b21ac048f8fa9d501440b946b4030909b08701db5543a1d120a5,https://raw.githubusercontent.com/cambridge-collection/epsilon-data/ab0d973bae05b54d68d82d068211015996cfec06/xml/darwin-correspondence/letters/DCP-LETT-330.xml,https://www.darwinproject.ac.uk/letter/?docId=letters/DCP-LETT-330.xml
DCP-LETT-331,Mostyn Owen,William,Darwin,C. R.,1836-12-19,19 Dec 1836,Woodhouse,,DAR 204: 139,,,DCP-LETT-331.xml,safe_within_period,to_darwin,1836-12-19,1836-12-19,single_xml_day,False,,incoming_context_pending_receipt_and_reply_evidence,data/raw/epsilon/ab0d973bae05b54d68d82d068211015996cfec06/letters/DCP-LETT-331.xml,e55b2f11d3f66ae14feee3c609db1d040913a01b2c85413297d34afa3c44e304,https://raw.githubusercontent.com/cambridge-collection/epsilon-data/ab0d973bae05b54d68d82d068211015996cfec06/xml/darwin-correspondence/letters/DCP-LETT-331.xml,https://www.darwinproject.ac.uk/letter/?docId=letters/DCP-LETT-331.xml
DCP-LETT-332,Wedgwood,Hensleigh,Darwin,C. R.,1836-12-20,[20 Dec 1836],Clapham,,DAR 204: 140,,,DCP-LETT-332.xml,safe_within_period,to_darwin,1836-12-20,1836-12-20,single_xml_day,False,editorially_supplied_component,incoming_context_pending_receipt_and_reply_evidence,data/raw/epsilon/ab0d973bae05b54d68d82d068211015996cfec06/letters/DCP-LETT-332.xml,b8367ca5239499b05f6009681343c27c85ac05922989834db07715b1c3128d72,https://raw.githubusercontent.com/cambridge-collection/epsilon-data/ab0d973bae05b54d68d82d068211015996cfec06/xml/darwin-correspondence/letters/DCP-LETT-332.xml,https://www.darwinproject.ac.uk/letter/?docId=letters/DCP-LETT-332.xml
DCP-LETT-333,Wedgwood,Sarah,Darwin,C. R.,1836-12-23,23 Dec [1836],Camp Hill,,DAR 204: 149,,,DCP-LETT-333.xml,safe_within_period,to_darwin,1836-12-23,1836-12-23,single_xml_day,False,editorially_supplied_component,incoming_context_pending_receipt_and_reply_evidence,data/raw/epsilon/ab0d973bae05b54d68d82d068211015996cfec06/letters/DCP-LETT-333.xml,1f5d0a3a9896dfd25ff81444dd87c5da377ce86a1e91a063b2c64dac00fc5f5a,https://raw.githubusercontent.com/cambridge-collection/epsilon-data/ab0d973bae05b54d68d82d068211015996cfec06/xml/darwin-correspondence/letters/DCP-LETT-333.xml,https://www.darwinproject.ac.uk/letter/?docId=letters/DCP-LETT-333.xml
DCP-LETT-334,Carlisle,Anthony,Darwin,C. R.,1836-12-23,23 Dec 1836,Royal College of Surgeons,,DAR 204: 133,,,DCP-LETT-334.xml,safe_within_period,to_darwin,1836-12-23,1836-12-23,single_xml_day,False,,incoming_context_pending_receipt_and_reply_evidence,data/raw/epsilon/ab0d973bae05b54d68d82d068211015996cfec06/letters/DCP-LETT-334.xml,a59d56217c21a01af27a2aa58d84e9e6f3eb71a39d8e067576a288ed8099ad35,https://raw.githubusercontent.com/cambridge-collection/epsilon-data/ab0d973bae05b54d68d82d068211015996cfec06/xml/darwin-correspondence/letters/DCP-LETT-334.xml,https://www.darwinproject.ac.uk/letter/?docId=letters/DCP-LETT-334.xml
DCP-LETT-335,Lyell,Charles,Darwin,C. R.,1836-12-26,26 Dec 1836,Cambridge,,"K. M. Lyell (1881) 1: 474–5; Lyell, K. M. 1881 1: 474",,,DCP-LETT-335.xml,safe_within_period,to_darwin,1836-12-26,1836-12-26,single_xml_day,False,,incoming_context_pending_receipt_and_reply_evidence,data/raw/epsilon/ab0d973bae05b54d68d82d068211015996cfec06/letters/DCP-LETT-335.xml,66d88b9042571c762500ccb0e77b86e57e55b626b99f4b4d4c4701fb8321d1a6,https://raw.githubusercontent.com/cambridge-collection/epsilon-data/ab0d973bae05b54d68d82d068211015996cfec06/xml/darwin-correspondence/letters/DCP-LETT-335.xml,https://www.darwinproject.ac.uk/letter/?docId=letters/DCP-LETT-335.xml
DCP-LETT-336,Darwin,Catherine,Darwin,C. R.,1836-12-27,27 [Dec 1836],Shrewsbury,,DAR 204: 134,,,DCP-LETT-336.xml,safe_within_period,to_darwin,1836-12-27,1836-12-27,single_xml_day,False,editorially_supplied_component,incoming_context_pending_receipt_and_reply_evidence,data/raw/epsilon/ab0d973bae05b54d68d82d068211015996cfec06/letters/DCP-LETT-336.xml,a5a497a738e2897cec3768388ff80cee236c08706d5d917e6516ac86637ff08b,https://raw.githubusercontent.com/cambridge-collection/epsilon-data/ab0d973bae05b54d68d82d068211015996cfec06/xml/darwin-correspondence/letters/DCP-LETT-336.xml,https://www.darwinproject.ac.uk/letter/?docId=letters/DCP-LETT-336.xml
DCP-LETT-13858,Darwin,C. R.,Unidentified,,1836-12-30,[after 1836?],?,,American Philosophical Society (Mss.B.D25.626),,,DCP-LETT-13858.xml,ambiguous_period,from_darwin,1836-12-31,1882-12-31,bounded_range,True,editorially_supplied_component; questioned_component; after,hold_for_date_review,data/raw/epsilon/ab0d973bae05b54d68d82d068211015996cfec06/letters/DCP-LETT-13858.xml,bcc677055457cfa3bed70debab2bf20b719ca04f3e925f1d09f9a079cb889b79,https://raw.githubusercontent.com/cambridge-collection/epsilon-data/ab0d973bae05b54d68d82d068211015996cfec06/xml/darwin-correspondence/letters/DCP-LETT-13858.xml,https://www.darwinproject.ac.uk/letter/?docId=letters/DCP-LETT-13858.xml
DCP-LETT-337,FitzRoy,Robert,Darwin,C. R.,1836-12-30,30 Dec 1836,"Bromham, Bedford",,DAR 204: 136,,,DCP-LETT-337.xml,safe_within_period,to_darwin,1836-12-30,1836-12-30,single_xml_day,False,,incoming_context_pending_receipt_and_reply_evidence,data/raw/epsilon/ab0d973bae05b54d68d82d068211015996cfec06/letters/DCP-LETT-337.xml,4c21bba955efd9f8c5671e709f5002b3e02282859338864b8e337f7ad18c1a3b,https://raw.githubusercontent.com/cambridge-collection/epsilon-data/ab0d973bae05b54d68d82d068211015996cfec06/xml/darwin-correspondence/letters/DCP-LETT-337.xml,https://www.darwinproject.ac.uk/letter/?docId=letters/DCP-LETT-337.xml
